source,review_id,incident_id,phase_b_family,proposed_v1_code,proposed_incident_type,qa_result,rationale
Google Play,0965c4ed-df13-48d6-b0f0-8f5c739800da,Google_Play-0965c4ed-df13-48d6-b0f0-8f5c739800da-01,ONBOARDING_KYC,ONBOARDING_KYC,failure,MATCH,Video verification blocks new account registration rather than later login
App Store,13177936096,App_Store-13177936096-01,ACCOUNT_RECOVERY_PROFILE_CHANGE,ACCOUNT_RECOVERY_PROFILE_CHANGE,failure,MATCH,Existing CCCD update is account maintenance not first KYC
Google Play,f93f9a8e-c094-4ceb-8268-f4ba73dbb18c,Google_Play-f93f9a8e-c094-4ceb-8268-f4ba73dbb18c-01,DIGITAL_SIGNATURE_FLOW,OTHER_NEW_THEME,failure,HUMAN_CHECK,Signature photo freeze is explicit but journey is OTHER; do not assume onboarding without context
App Store,12092046546,App_Store-12092046546-01,TRADING_ORDER_EXECUTION,TRADING_ORDER_EXECUTION,friction,MATCH,Missing current price context occurs in the order entry flow
App Store,13216345199,App_Store-13216345199-02,TRADING_ORDER_EXECUTION,TRADING_ORDER_EXECUTION,friction,MATCH,Missing price steps directly affect placing an order
App Store,12901670031,App_Store-12901670031-04,MARKET_DATA_STALENESS_ACCURACY,MARKET_DATA_INFORMATION,failure,RECODE_FAMILY,Intraday quote freshness goes to market data not portfolio P and L
App Store,11750539058,App_Store-11750539058-01,PRODUCT_PORTFOLIO_INFORMATION,PORTFOLIO_ACCOUNT_INFORMATION,failure,RECODE_FAMILY,Account balances are missing from a view but funds are not established missing
App Store,13732893373,App_Store-13732893373-01,DEPOSIT_WITHDRAWAL_TRANSFER,DEPOSIT_WITHDRAWAL_TRANSFER,failure,HUMAN_CHECK,Typo inferred as uncredited deposit; confidence must remain MEDIUM
App Store,11751734326,App_Store-11751734326-01,PRODUCT_PORTFOLIO_INFORMATION,NONE,praise,RECODE_FAMILY,Price board praise is not a market-data pain point
Google Play,5d89ab13-4007-48a8-8e02-6279e531d636,Google_Play-5d89ab13-4007-48a8-8e02-6279e531d636-04,NOTIFICATION_COMMUNICATION,NONE,praise,RECODE_FAMILY,Received daily summary is not a notification delay
Google Play,646b0a5b-3f6c-4f89-9ce4-9f174e440c38,Google_Play-646b0a5b-3f6c-4f89-9ce4-9f174e440c38-02,FEE_PRICING,FEE_PRICING,unmet_need,MATCH,Request to lower existing loan rate is pricing friction
Google Play,8a6e6c41-9bfb-4a15-bbae-c2f83ead1bda,Google_Play-8a6e6c41-9bfb-4a15-bbae-c2f83ead1bda-01,FEE_PRICING,NONE,praise,RECODE_FAMILY,Low-fee praise is not a fee complaint
Google Play,c6eae58a-de68-4a0d-add8-231850981783,Google_Play-c6eae58a-de68-4a0d-add8-231850981783-03,SECURITY_ACCOUNT_PROTECTION,SECURITY_ACCOUNT_PROTECTION,unmet_need,MATCH,Security-package concern is a user perception not proof of missing protection
App Store,13691875675,App_Store-13691875675-03,AI_SUPPORT_CONTEXT_QUALITY,CUSTOMER_SUPPORT,unmet_need,HUMAN_CHECK,Assistant lacks selected-symbol context; human should decide support vs research assistant
App Store,13009066553,App_Store-13009066553-01,FEATURE_REQUEST,AUTHENTICATION_IOTP,feature_request,RECODE_TYPE,Request for face unlock is a new authentication capability not failed login
App Store,12388866897,App_Store-12388866897-01,NOTIFICATION_COMMUNICATION,NOTIFICATION_COMMUNICATION,failure,MATCH,Transaction email more than ten hours late is an explicit communication issue
App Store,13446154783,App_Store-13446154783-03,MARKET_RESEARCH_RECOMMENDATION_UTILITY,MARKET_RESEARCH_RECOMMENDATION_UTILITY,unmet_need,HUMAN_CHECK,User disputes usefulness but later market reversal alone does not prove a faulty recommendation
App Store,12492849736,App_Store-12492849736-01,EXCESSIVE_DATA_CONSUMPTION,EXCESSIVE_DATA_CONSUMPTION,failure,MATCH,Concrete per-launch mobile data claim; no measured aggregate impact
Google Play,1b8d554a-8ac2-466c-9a62-48d2ceb8f9dc,Google_Play-1b8d554a-8ac2-466c-9a62-48d2ceb8f9dc-01,ACCOUNT_RECOVERY_PROFILE_CHANGE,ACCOUNT_RECOVERY_PROFILE_CHANGE,failure,MATCH,Delayed existing-account phone change is not new-account KYC
Google Play,07616126-4fd6-4860-a991-a0a6ea51f192,,NONE,UNCLEAR,unclear,MATCH,Review-level no incident; mong đợi cannot distinguish praise from unmet need
App Store,14467591535,,NONE,UNCLEAR,unclear,HUMAN_CHECK,Review-level validity is REVIEW; name-like text is insufficient for a pain point
