"source","review_id","retrieval_theme","decision","correct_theme","reason"
"App Store","14147186413","FEE_PRICING","CONFIRMED_INCIDENT","FEE_PRICING","Reviewer reports custody fee interest accruing at high rate and not auto-deducted despite linked account and deposited funds; explicit fee/pricing complaint with stated consequence."
"Google Play","cebce133-8708-41d3-9a75-e7da72962539","FEE_PRICING","CONFIRMED_HARD_NEGATIVE","","Keyword ""miễn phí giao dịch"" matched but review is praise about free trading and good stock information; no fee complaint."
"App Store","13836082606","ACCOUNT_RECOVERY_PROFILE_CHANGE","CONFIRMED_INCIDENT","ACCOUNT_RECOVERY_PROFILE_CHANGE","Reviewer reports phone number change on existing account delayed one week with slow support reply; explicit account recovery/profile change failure."
"Google Play","95d102f4-de7e-4a0d-aaea-c51a4fcb0255","ACCOUNT_RECOVERY_PROFILE_CHANGE","CONFIRMED_INCIDENT","ACCOUNT_RECOVERY_PROFILE_CHANGE","Reviewer reports CCCD update on existing account failing repeatedly; explicit account recovery/profile change failure."
"App Store","13800783800","MOBILE_TABLET_RESPONSIVENESS","CONFIRMED_INCIDENT","MOBILE_TABLET_RESPONSIVENESS","Reviewer reports app cannot open on iPad Pro M4 and requires reinstall each time; explicit mobile/tablet responsiveness failure (subtype of UX_NAVIGATION_COMPLEXITY)."
"App Store","12956820659","MOBILE_TABLET_RESPONSIVENESS","CONFIRMED_HARD_NEGATIVE","","Keyword ""font"" matched but review is a feature request for a font size option; current state described as ""quá tốt""; not a responsiveness failure."
"App Store","13243002599","MARKET_DATA_STALENESS_ACCURACY","CONFIRMED_INCIDENT","MARKET_DATA_STALENESS_ACCURACY","Reviewer reports missing percentage change on price board and missing three price levels in order entry; explicit market data information gap (subtype of MARKET_DATA_INFORMATION)."
"Google Play","50aa6a09-82ff-4319-8fe0-30cb076ef201","MARKET_DATA_STALENESS_ACCURACY","CONFIRMED_INCIDENT","MARKET_DATA_STALENESS_ACCURACY","Reviewer reports widget lagging behind market price board at start of day; explicit market data staleness (subtype of MARKET_DATA_INFORMATION)."
"App Store","13388783260","AI_SUPPORT_CONTEXT_QUALITY","CONFIRMED_HARD_NEGATIVE","","Keyword ""chatbot"" matched but review is praise about chatbot convenience; no AI quality complaint."
"Google Play","5b3cf01d-5edb-4091-b0b1-76781aed1b30","AI_SUPPORT_CONTEXT_QUALITY","CONFIRMED_INCIDENT","AI_SUPPORT_CONTEXT_QUALITY","Reviewer reports AI support line as terrible (""như đấm vào mõm khách hàng"") alongside app crash on launch; explicit AI support quality complaint (subtype of CUSTOMER_SUPPORT)."
"App Store","12794841521","NOTIFICATION_COMMUNICATION","CONFIRMED_INCIDENT","NOTIFICATION_COMMUNICATION","Reviewer reports seven referral notifications in one hour described as spam; explicit excessive/disruptive notification complaint."
"Google Play","54304acd-204a-4e82-a3f2-99700570633a","NOTIFICATION_COMMUNICATION","CONFIRMED_INCIDENT","NOTIFICATION_COMMUNICATION","Reviewer reports persistent ""no internet"" notification that cannot be dismissed and blocks tab switching; explicit notification communication failure."
"App Store","12166129599","SECURITY_ACCOUNT_PROTECTION","OTHER_THEME","DEPOSIT_WITHDRAWAL_TRANSFER","Keyword ""lừa đảo"" matched but per codebook rule this is user perception not verified fraud; actual issue described is funds being held after transfer, which maps to DEPOSIT_WITHDRAWAL_TRANSFER."
"Google Play","1fbfc074-a707-4bea-bc45-78e494045b90","SECURITY_ACCOUNT_PROTECTION","OTHER_THEME","DEPOSIT_WITHDRAWAL_TRANSFER","Keywords ""an toàn kém"" and ""ăn cắp"" matched but per codebook rule these are user perception not verified security breach; actual issue described is unexplained 2.5% balance loss after selling stocks, which maps to DEPOSIT_WITHDRAWAL_TRANSFER."
"Google Play","12b10ee3-52df-494b-b46c-547c6b279a3c","DIGITAL_SIGNATURE_FLOW","CONFIRMED_INCIDENT","DIGITAL_SIGNATURE_FLOW","Reviewer reports being forced to register FPT digital signature after account activation with no way to exit the screen; explicit digital signature flow friction (subtype of ONBOARDING_KYC)."
"Google Play","69e032e8-f43d-4833-8705-f22ecd0a5e13","DIGITAL_SIGNATURE_FLOW","CONFIRMED_INCIDENT","DIGITAL_SIGNATURE_FLOW","Reviewer reports being forced to use digital signature when other apps do not require it; explicit digital signature flow friction (subtype of ONBOARDING_KYC)."
