review_id,review_date,rating,title,content,source_endpoint,source_file,already_in_canonical,after_2026_04_29
14548034358,2026-09-14T07:44:28+00:00,1,Liên tục lỗi không thể truy cập,"Là một người dùng lâu năm của tech, ban đầu rất hài lòng về chất lượng và giao diện của app, dễ giao dịch. Nhưng vài tháng trở lại đây app lỗi rất nhiều, chỉ đăng nhập có lúc đợi cả 5p vẫn chưa đăng nhập vào trang chủ được, thứ 2 là quảng cáo nhiều, truy cập vào được tài khoản thì phải tắt 7749 cái quảng cáo IPO của một vài doanh nghiệp. Mong team sẽ khắc phục sớm chứ trải nghiệp người dùng càng ngày càng đi xuống như thế này thực sự không ổn",vn|json|default|page=1;vn|json|mostHelpful|page=top;vn|json|mostrecent|page=top;vn|xml|mostHelpful|page=1;vn|xml|mostHelpful|page=top,diagnostics/recency_2026-09-22/vn_page_01_default.json;diagnostics/recency_2026-09-22/vn_page_01_mostHelpful.xml;diagnostics/recency_2026-09-22/vn_top_mostHelpful.json;diagnostics/recency_2026-09-22/vn_top_mostHelpful.xml;diagnostics/recency_2026-09-22/vn_top_mostrecent.json,False,True
14520064997,2026-09-07T04:11:54+00:00,1,Tần suất bị lỗi mục tài sản quá nhiều,Rất hay bị lỗi báo k có tiền k có cổ phiếu nào trong tài khoản,vn|json|default|page=1;vn|json|mostHelpful|page=top;vn|json|mostrecent|page=top;vn|xml|mostHelpful|page=1;vn|xml|mostHelpful|page=top,diagnostics/recency_2026-09-22/vn_page_01_default.json;diagnostics/recency_2026-09-22/vn_page_01_mostHelpful.xml;diagnostics/recency_2026-09-22/vn_top_mostHelpful.json;diagnostics/recency_2026-09-22/vn_top_mostHelpful.xml;diagnostics/recency_2026-09-22/vn_top_mostrecent.json,False,True
14520054584,2026-09-07T04:07:12+00:00,2,Khá tệ,"App rất lag, đôi khi còn không vào được",vn|json|default|page=1;vn|json|mostHelpful|page=top;vn|json|mostrecent|page=top;vn|xml|mostHelpful|page=1;vn|xml|mostHelpful|page=top,diagnostics/recency_2026-09-22/vn_page_01_default.json;diagnostics/recency_2026-09-22/vn_page_01_mostHelpful.xml;diagnostics/recency_2026-09-22/vn_top_mostHelpful.json;diagnostics/recency_2026-09-22/vn_top_mostHelpful.xml;diagnostics/recency_2026-09-22/vn_top_mostrecent.json,False,True
14504211053,2026-09-03T03:32:43+00:00,3,Quá chậm,"Áp giao dịch gì mà chậm như rùa,mong bqt cải tiến",vn|json|default|page=1;vn|json|mostHelpful|page=top;vn|json|mostrecent|page=top;vn|xml|mostHelpful|page=1;vn|xml|mostHelpful|page=top,diagnostics/recency_2026-09-22/vn_page_01_default.json;diagnostics/recency_2026-09-22/vn_page_01_mostHelpful.xml;diagnostics/recency_2026-09-22/vn_top_mostHelpful.json;diagnostics/recency_2026-09-22/vn_top_mostHelpful.xml;diagnostics/recency_2026-09-22/vn_top_mostrecent.json,False,True
14468902446,2026-08-25T04:00:51+00:00,1,Nghi vấn bán dữ liệu cho lái,"Tôi cầm cổ phiếu DBC 4 tháng, ngay khoảnh khắc khớp lệnh mua, cổ phiếu không một lần giá xanh, liên tiếp giảm 4 tháng liền. Tôi chấp nhận nạp tiền giữ vị thế margin, tuy nhiên sau 4 tháng, tôi muốn đổi cổ phiếu để có vị thế khác, ngay khoảnh khắc bán thì cổ phiếu DBC khớp lệnh và bay liên tiếp. Không thể có sự trùng hợp như vậy được.",vn|json|default|page=1;vn|json|mostHelpful|page=top;vn|json|mostrecent|page=top;vn|xml|mostHelpful|page=1;vn|xml|mostHelpful|page=top,diagnostics/recency_2026-09-22/vn_page_01_default.json;diagnostics/recency_2026-09-22/vn_page_01_mostHelpful.xml;diagnostics/recency_2026-09-22/vn_top_mostHelpful.json;diagnostics/recency_2026-09-22/vn_top_mostHelpful.xml;diagnostics/recency_2026-09-22/vn_top_mostrecent.json,False,True
14467591535,2026-08-24T19:29:06+00:00,5,NGUYEN VAN PHUONG,Namkuto,vn|json|default|page=1;vn|json|mostHelpful|page=top;vn|json|mostrecent|page=top;vn|xml|mostHelpful|page=1;vn|xml|mostHelpful|page=top,diagnostics/recency_2026-09-22/vn_page_01_default.json;diagnostics/recency_2026-09-22/vn_page_01_mostHelpful.xml;diagnostics/recency_2026-09-22/vn_top_mostHelpful.json;diagnostics/recency_2026-09-22/vn_top_mostHelpful.xml;diagnostics/recency_2026-09-22/vn_top_mostrecent.json,False,True
14465859621,2026-08-24T10:08:22+00:00,1,"Giao diện rối khó sử dụng, CSKH kém, không thể gọi được NV CSKH","- UI UX kém, dễ bị bấm nhầm mua và bán
- hotline chỉ để làm cảnh, AI trả lời tự động không giải quyết được vấn đề
- không gọi được nv cskh, email không trả lời",vn|json|default|page=1;vn|json|mostHelpful|page=top;vn|json|mostrecent|page=top;vn|xml|mostHelpful|page=1;vn|xml|mostHelpful|page=top,diagnostics/recency_2026-09-22/vn_page_01_default.json;diagnostics/recency_2026-09-22/vn_page_01_mostHelpful.xml;diagnostics/recency_2026-09-22/vn_top_mostHelpful.json;diagnostics/recency_2026-09-22/vn_top_mostHelpful.xml;diagnostics/recency_2026-09-22/vn_top_mostrecent.json,False,True
14465018475,2026-08-24T03:57:52+00:00,1,App lỗi quá nhiều,Nói chung quá tệ,vn|json|default|page=1;vn|json|mostHelpful|page=top;vn|json|mostrecent|page=top;vn|xml|mostHelpful|page=1;vn|xml|mostHelpful|page=top,diagnostics/recency_2026-09-22/vn_page_01_default.json;diagnostics/recency_2026-09-22/vn_page_01_mostHelpful.xml;diagnostics/recency_2026-09-22/vn_top_mostHelpful.json;diagnostics/recency_2026-09-22/vn_top_mostHelpful.xml;diagnostics/recency_2026-09-22/vn_top_mostrecent.json,False,True
14445501649,2026-08-19T05:09:21+00:00,1,UI UX lởm quá,"UI UX này hoàn toàn ko phù hợp với iPad, chắc dev lười nên bê nguyên web sang. App chạy rất bất tiện, thao tác hoàn toàn lệch, ko hề chính xác. Dùng app thế này mà giao dịch thì lỗ nặng.",vn|json|default|page=1;vn|json|mostHelpful|page=top;vn|json|mostrecent|page=top;vn|xml|mostHelpful|page=1;vn|xml|mostHelpful|page=top,diagnostics/recency_2026-09-22/vn_page_01_default.json;diagnostics/recency_2026-09-22/vn_page_01_mostHelpful.xml;diagnostics/recency_2026-09-22/vn_top_mostHelpful.json;diagnostics/recency_2026-09-22/vn_top_mostHelpful.xml;diagnostics/recency_2026-09-22/vn_top_mostrecent.json,False,True
14439296592,2026-08-17T15:52:20+00:00,1,Cách xác thực sự quá ngu,Lần đầu tiên tôi thấy việc xác thực để mở connection nhận data từ websocket nó ngớ ngẩn như vậy. Cứ 24 tiếng lại phải chạy vô app lấy cái OTP bằng tay xong đi cập nhật biến môi trường trước giờ giao dịch để k bị miss data. Đều đặn hằng ngày. Dev bên này nên thử mở cái docs của DNSE với SSi họ làm như nào mà cải thiện chứ cái kiểu xác thực lăng quăng như này chả hiểu s viết ra được. Lại còn quả tài liệu ghi cho nhận OTP qua email bằng gaia/v1/oauth2/openapi/request-otp nhưng luôn trả ra lỗi 500. Chả hiểu code kiểu j. Quá yếu kém.,vn|json|default|page=1;vn|json|mostHelpful|page=top;vn|json|mostrecent|page=top;vn|xml|mostHelpful|page=1;vn|xml|mostHelpful|page=top,diagnostics/recency_2026-09-22/vn_page_01_default.json;diagnostics/recency_2026-09-22/vn_page_01_mostHelpful.xml;diagnostics/recency_2026-09-22/vn_top_mostHelpful.json;diagnostics/recency_2026-09-22/vn_top_mostHelpful.xml;diagnostics/recency_2026-09-22/vn_top_mostrecent.json,False,True
14425846977,2026-08-14T08:14:42+00:00,1,"Làm ăn ko kỹ càng, cẩu thả","Các công ty đã rời sàn như HLG thì bị tcinvest loại luôn khỏi list, làm nhà đầu tư mất luôn thông tin số lượng cổ phiếu đang sở hữu. Ko thể nào biết để gặp cty HLG làm giấy xác nhận. Nhiều mã rời sàn như hiện nay thì mất rất nhiều. List tôi gồm 100 loại cổ phiếu nên ko nhớ được",vn|json|default|page=1;vn|json|mostHelpful|page=top;vn|json|mostrecent|page=top;vn|xml|mostHelpful|page=1;vn|xml|mostHelpful|page=top,diagnostics/recency_2026-09-22/vn_page_01_default.json;diagnostics/recency_2026-09-22/vn_page_01_mostHelpful.xml;diagnostics/recency_2026-09-22/vn_top_mostHelpful.json;diagnostics/recency_2026-09-22/vn_top_mostHelpful.xml;diagnostics/recency_2026-09-22/vn_top_mostrecent.json,False,True
14420925724,2026-08-13T02:12:57+00:00,2,Giao diện kém,"Nhiều tính năng mà đặt lệnh cổ phiếu rối quá, cần xem danh mục thì phải bấm tab khác",vn|json|default|page=1;vn|json|mostHelpful|page=top;vn|json|mostrecent|page=top;vn|xml|mostHelpful|page=1;vn|xml|mostHelpful|page=top,diagnostics/recency_2026-09-22/vn_page_01_default.json;diagnostics/recency_2026-09-22/vn_page_01_mostHelpful.xml;diagnostics/recency_2026-09-22/vn_top_mostHelpful.json;diagnostics/recency_2026-09-22/vn_top_mostHelpful.xml;diagnostics/recency_2026-09-22/vn_top_mostrecent.json,False,True
14418152911,2026-08-12T10:46:04+00:00,1,Quá phiền hà,"Phục vụ quá cứng nhắc thay số điện thoại, cccd bắt yêu cầu mở thẻ ngân hàng để xác minh thông tin.",vn|json|default|page=1;vn|json|mostHelpful|page=top;vn|json|mostrecent|page=top;vn|xml|mostHelpful|page=1;vn|xml|mostHelpful|page=top,diagnostics/recency_2026-09-22/vn_page_01_default.json;diagnostics/recency_2026-09-22/vn_page_01_mostHelpful.xml;diagnostics/recency_2026-09-22/vn_top_mostHelpful.json;diagnostics/recency_2026-09-22/vn_top_mostHelpful.xml;diagnostics/recency_2026-09-22/vn_top_mostrecent.json,False,True
14414751396,2026-08-11T14:10:45+00:00,1,App như cặc,App như lol mỗi vào để điền thông tin xác thực thôi mà đen xì ko hiện ra 1 cái gì . Ngân hàng lớn mà thuê team IT trình độ kém quá,vn|json|default|page=1;vn|json|mostHelpful|page=top;vn|json|mostrecent|page=top;vn|xml|mostHelpful|page=1;vn|xml|mostHelpful|page=top,diagnostics/recency_2026-09-22/vn_page_01_default.json;diagnostics/recency_2026-09-22/vn_page_01_mostHelpful.xml;diagnostics/recency_2026-09-22/vn_top_mostHelpful.json;diagnostics/recency_2026-09-22/vn_top_mostHelpful.xml;diagnostics/recency_2026-09-22/vn_top_mostrecent.json,False,True
14409630266,2026-08-10T07:58:38+00:00,1,"Tại sao lại giam tiền 2 hợp đồng, trong khi đã đóng vị thế trong cùng 1 ngày","10/08/2026 Tại sao lại giam tiền 2 hợp đồng, trong khi đã đóng vị thế trong cùng 1 ngày, các ngày khác không giam vẫn rút được bình thường chỉ trừ thuế phí, và vị thế đóng bị lỗ, rất thất vọng về TCBS",vn|json|default|page=1;vn|json|mostHelpful|page=top;vn|json|mostrecent|page=top;vn|xml|mostHelpful|page=1;vn|xml|mostHelpful|page=top,diagnostics/recency_2026-09-22/vn_page_01_default.json;diagnostics/recency_2026-09-22/vn_page_01_mostHelpful.xml;diagnostics/recency_2026-09-22/vn_top_mostHelpful.json;diagnostics/recency_2026-09-22/vn_top_mostHelpful.xml;diagnostics/recency_2026-09-22/vn_top_mostrecent.json,False,True
14381104681,2026-08-03T03:15:17+00:00,1,"Ko rút tiền được, bị giam tiền","Ko đăng nhập được để rút tiền, lúc cần thì ko rút tiền được phải đi vay tiền nóng.",vn|json|default|page=1;vn|json|mostHelpful|page=top;vn|json|mostrecent|page=top;vn|xml|mostHelpful|page=1;vn|xml|mostHelpful|page=top,diagnostics/recency_2026-09-22/vn_page_01_default.json;diagnostics/recency_2026-09-22/vn_page_01_mostHelpful.xml;diagnostics/recency_2026-09-22/vn_top_mostHelpful.json;diagnostics/recency_2026-09-22/vn_top_mostHelpful.xml;diagnostics/recency_2026-09-22/vn_top_mostrecent.json,False,True
14354074084,2026-07-27T12:11:15+00:00,1,Bảo mật ngou như con bò,Dcmm xoá đi tải lại thì bắt xác nhận đăng nhập iotp trên máy đã đăng kí trc đó trong khi dùng đúng máy đó nhưng lại k cho đăng nhập vào dcm code ngoulol,vn|json|default|page=1;vn|json|mostHelpful|page=top;vn|json|mostrecent|page=top;vn|xml|mostHelpful|page=1;vn|xml|mostHelpful|page=top,diagnostics/recency_2026-09-22/vn_page_01_default.json;diagnostics/recency_2026-09-22/vn_page_01_mostHelpful.xml;diagnostics/recency_2026-09-22/vn_top_mostHelpful.json;diagnostics/recency_2026-09-22/vn_top_mostHelpful.xml;diagnostics/recency_2026-09-22/vn_top_mostrecent.json,False,True
14352635121,2026-07-27T02:35:18+00:00,1,App lỗi rất nhiều lần,"App hay bị lỗi quay vòng vòng chờ dữ liệu, rồi lâu lâu đặt lệnh thì không được rất bực mình, tỷ lệ lỗi rất nhiều",vn|json|default|page=1;vn|json|mostHelpful|page=top;vn|json|mostrecent|page=top;vn|xml|mostHelpful|page=1;vn|xml|mostHelpful|page=top,diagnostics/recency_2026-09-22/vn_page_01_default.json;diagnostics/recency_2026-09-22/vn_page_01_mostHelpful.xml;diagnostics/recency_2026-09-22/vn_top_mostHelpful.json;diagnostics/recency_2026-09-22/vn_top_mostHelpful.xml;diagnostics/recency_2026-09-22/vn_top_mostrecent.json,False,True
14352633073,2026-07-27T02:34:31+00:00,1,Không có nhân viên hỗ trợ,Dịch vụ kém,vn|json|default|page=1;vn|json|mostHelpful|page=top;vn|json|mostrecent|page=top;vn|xml|mostHelpful|page=1;vn|xml|mostHelpful|page=top,diagnostics/recency_2026-09-22/vn_page_01_default.json;diagnostics/recency_2026-09-22/vn_page_01_mostHelpful.xml;diagnostics/recency_2026-09-22/vn_top_mostHelpful.json;diagnostics/recency_2026-09-22/vn_top_mostHelpful.xml;diagnostics/recency_2026-09-22/vn_top_mostrecent.json,False,True
14341132155,2026-07-24T04:57:36+00:00,5,Dùng thích,"Tuy giao diện không đẹp nhưng rất tuyệt vời rồi, đầu tiên thì phí giao dịch ổn không quá đắt, lại thêm cái widget nữa tiện quá muốn xem giá không cần vào app",vn|json|default|page=1;vn|json|mostHelpful|page=top;vn|json|mostrecent|page=top;vn|public_html|see-all-reviews;vn|xml|mostHelpful|page=1;vn|xml|mostHelpful|page=top,diagnostics/recency_2026-09-22/public_reviews_page.html;diagnostics/recency_2026-09-22/vn_page_01_default.json;diagnostics/recency_2026-09-22/vn_page_01_mostHelpful.xml;diagnostics/recency_2026-09-22/vn_top_mostHelpful.json;diagnostics/recency_2026-09-22/vn_top_mostHelpful.xml;diagnostics/recency_2026-09-22/vn_top_mostrecent.json,False,True
14313162800,2026-07-17T06:45:43+00:00,1,Giam Tiền cổ tức,App này chuyên giam Tiền cổ tức đợi cuối ngày hết giao dịch mới nhả Tiền ra trong khi công ty chứng khoán khác Tiền đã về để cho giao dịch trong phiên.,vn|json|default|page=1;vn|json|mostHelpful|page=top;vn|json|mostrecent|page=top;vn|public_html|see-all-reviews;vn|xml|mostHelpful|page=1;vn|xml|mostHelpful|page=top,diagnostics/recency_2026-09-22/public_reviews_page.html;diagnostics/recency_2026-09-22/vn_page_01_default.json;diagnostics/recency_2026-09-22/vn_page_01_mostHelpful.xml;diagnostics/recency_2026-09-22/vn_top_mostHelpful.json;diagnostics/recency_2026-09-22/vn_top_mostHelpful.xml;diagnostics/recency_2026-09-22/vn_top_mostrecent.json,False,True
14296658625,2026-07-13T04:19:17+00:00,1,App rất thường bị lỗi,Rất thường gặp lỗi đăng nhập,vn|json|default|page=1;vn|json|mostHelpful|page=top;vn|json|mostrecent|page=top;vn|xml|mostHelpful|page=1;vn|xml|mostHelpful|page=top,diagnostics/recency_2026-09-22/vn_page_01_default.json;diagnostics/recency_2026-09-22/vn_page_01_mostHelpful.xml;diagnostics/recency_2026-09-22/vn_top_mostHelpful.json;diagnostics/recency_2026-09-22/vn_top_mostHelpful.xml;diagnostics/recency_2026-09-22/vn_top_mostrecent.json,False,True
14280577109,2026-07-09T04:08:14+00:00,3,Ok,"có một số bitcoin nhưng app hk có tính năng nạp trực tiếp , mong là sẽ có thêm tính năng này sớm",vn|json|default|page=1;vn|json|mostHelpful|page=top;vn|json|mostrecent|page=top;vn|xml|mostHelpful|page=1;vn|xml|mostHelpful|page=top,diagnostics/recency_2026-09-22/vn_page_01_default.json;diagnostics/recency_2026-09-22/vn_page_01_mostHelpful.xml;diagnostics/recency_2026-09-22/vn_top_mostHelpful.json;diagnostics/recency_2026-09-22/vn_top_mostHelpful.xml;diagnostics/recency_2026-09-22/vn_top_mostrecent.json,False,True
14223394760,2026-06-25T05:43:41+00:00,1,App tệ,"App rắc rối. Rất khó dùng. Nhiều mục không cần thiết cho nđt mà cũng chưng hết ra, rối rắm.
Cực kỳ khó dùng so với các app chứng khoán khác như của Ssi, vnd, vps.
Tôi đã dùng nhiều app khác rồi mà dùng app Tcbs này thực sự rất bực mình luôn.",vn|json|default|page=1;vn|json|mostHelpful|page=top;vn|json|mostrecent|page=top;vn|xml|mostHelpful|page=1;vn|xml|mostHelpful|page=top,diagnostics/recency_2026-09-22/vn_page_01_default.json;diagnostics/recency_2026-09-22/vn_page_01_mostHelpful.xml;diagnostics/recency_2026-09-22/vn_top_mostHelpful.json;diagnostics/recency_2026-09-22/vn_top_mostHelpful.xml;diagnostics/recency_2026-09-22/vn_top_mostrecent.json,False,True
14162695649,2026-06-09T15:53:51+00:00,2,Số liệu sai,"App tài chính mà số liệu không chuẩn gì hết. Sáng nạp 10tr, chưa mua bán gì mà tối vào không thấy tiền đâu nữa. F5 thì thấy nháy 10tr rồi biến mất. 

Đến tổng số vốn cũng nhảy loạn lên, không track được lỗ lãi gì hết.",vn|json|default|page=1;vn|json|mostHelpful|page=top;vn|json|mostrecent|page=top;vn|xml|mostHelpful|page=1;vn|xml|mostHelpful|page=top,diagnostics/recency_2026-09-22/vn_page_01_default.json;diagnostics/recency_2026-09-22/vn_page_01_mostHelpful.xml;diagnostics/recency_2026-09-22/vn_top_mostHelpful.json;diagnostics/recency_2026-09-22/vn_top_mostHelpful.xml;diagnostics/recency_2026-09-22/vn_top_mostrecent.json,False,True
14149839961,2026-06-06T08:12:27+00:00,1,Cái ipower lúc ẩn lúc hiện như ma,Lúc cần rút tiền thì tính năng ipower bị biến mất không rút tiền được,vn|json|default|page=1;vn|json|mostHelpful|page=top;vn|json|mostrecent|page=top;vn|xml|mostHelpful|page=1;vn|xml|mostHelpful|page=top,diagnostics/recency_2026-09-22/vn_page_01_default.json;diagnostics/recency_2026-09-22/vn_page_01_mostHelpful.xml;diagnostics/recency_2026-09-22/vn_top_mostHelpful.json;diagnostics/recency_2026-09-22/vn_top_mostHelpful.xml;diagnostics/recency_2026-09-22/vn_top_mostrecent.json,False,True
14147186413,2026-06-05T15:28:37+00:00,1,Ứng dụng hệ thống như một tên bịp bợm.,"Chức năng “ứng tiền trước” giờ có giới hạn dù mình không dùng chức năng này đã lâu.
Và nợ phí lưu ký thì không tự động trừ tiền dù có liên kết tài khoản hay đã nạp tiền. Nợ đó cứ bị tính lãi cao lên như ăn cướp vậy. Dịch vụ chỉ muốn cướp đoạt tài sản của người khác. Không nên dùng.",vn|json|default|page=1;vn|json|mostHelpful|page=top;vn|json|mostrecent|page=top;vn|xml|mostHelpful|page=1;vn|xml|mostHelpful|page=top,diagnostics/recency_2026-09-22/vn_page_01_default.json;diagnostics/recency_2026-09-22/vn_page_01_mostHelpful.xml;diagnostics/recency_2026-09-22/vn_top_mostHelpful.json;diagnostics/recency_2026-09-22/vn_top_mostHelpful.xml;diagnostics/recency_2026-09-22/vn_top_mostrecent.json,False,True
14142865973,2026-06-04T13:07:36+00:00,1,Ai như tôi không nạo tiền vào không lâu tiền bay hết sạch,Chắn,vn|json|default|page=1;vn|json|mostHelpful|page=top;vn|json|mostrecent|page=top;vn|public_html|see-all-reviews;vn|xml|mostHelpful|page=1;vn|xml|mostHelpful|page=top,diagnostics/recency_2026-09-22/public_reviews_page.html;diagnostics/recency_2026-09-22/vn_page_01_default.json;diagnostics/recency_2026-09-22/vn_page_01_mostHelpful.xml;diagnostics/recency_2026-09-22/vn_top_mostHelpful.json;diagnostics/recency_2026-09-22/vn_top_mostHelpful.xml;diagnostics/recency_2026-09-22/vn_top_mostrecent.json,False,True
14141897416,2026-06-04T06:40:04+00:00,5,Good,"App tốt, cskh tuyệt vời và kịp thời",vn|json|default|page=1;vn|json|mostHelpful|page=top;vn|json|mostrecent|page=top;vn|xml|mostHelpful|page=1;vn|xml|mostHelpful|page=top,diagnostics/recency_2026-09-22/vn_page_01_default.json;diagnostics/recency_2026-09-22/vn_page_01_mostHelpful.xml;diagnostics/recency_2026-09-22/vn_top_mostHelpful.json;diagnostics/recency_2026-09-22/vn_top_mostHelpful.xml;diagnostics/recency_2026-09-22/vn_top_mostrecent.json,False,True
14051715882,2026-05-11T07:18:29+00:00,1,Quá tệ cho 1 sàn do ngân hàng đầu ngành vận hành,Tiền phong tỏa khi hủy lệnh rất chậm trong khi lệnh hủy từ 3 4 tiếng trước. Quá tệ cho 1 sàn chứng khoán được vận hành bởi ngân hàng lớn.,vn|json|default|page=1;vn|json|mostHelpful|page=top;vn|json|mostrecent|page=top;vn|xml|mostHelpful|page=1;vn|xml|mostHelpful|page=top,diagnostics/recency_2026-09-22/vn_page_01_default.json;diagnostics/recency_2026-09-22/vn_page_01_mostHelpful.xml;diagnostics/recency_2026-09-22/vn_top_mostHelpful.json;diagnostics/recency_2026-09-22/vn_top_mostHelpful.xml;diagnostics/recency_2026-09-22/vn_top_mostrecent.json,False,True
14045600270,2026-05-09T15:32:29+00:00,5,lỗi rồi,lỗi 2 ngày rồi,vn|json|default|page=1;vn|json|mostHelpful|page=top;vn|json|mostrecent|page=top;vn|xml|mostHelpful|page=1;vn|xml|mostHelpful|page=top,diagnostics/recency_2026-09-22/vn_page_01_default.json;diagnostics/recency_2026-09-22/vn_page_01_mostHelpful.xml;diagnostics/recency_2026-09-22/vn_top_mostHelpful.json;diagnostics/recency_2026-09-22/vn_top_mostHelpful.xml;diagnostics/recency_2026-09-22/vn_top_mostrecent.json,False,True
14040031598,2026-05-08T02:14:26+00:00,1,1 vấn đề gặp hoài mà ko xử lý,"Dạo gần đây nđt bán cp ko ứng tiền được và lỗi chuyển tiền ra ngoài ko vào tk kh, khách hàng phải chat với tư vấn viên nhưng chả giải quyết đc vấn đề, tiền với nđt rất quan trọng nhưng tcbs muốn đuổi khách rồi",vn|json|default|page=1;vn|json|mostHelpful|page=top;vn|json|mostrecent|page=top;vn|xml|mostHelpful|page=1;vn|xml|mostHelpful|page=top,diagnostics/recency_2026-09-22/vn_page_01_default.json;diagnostics/recency_2026-09-22/vn_page_01_mostHelpful.xml;diagnostics/recency_2026-09-22/vn_top_mostHelpful.json;diagnostics/recency_2026-09-22/vn_top_mostHelpful.xml;diagnostics/recency_2026-09-22/vn_top_mostrecent.json,False,True
14034900836,2026-05-06T15:43:12+00:00,5,Tuyệt vời,"Phí giao dịch khi mua bán chỉ 0,03% thì quá ok rồi, ssi phí tận 0,15%, thôi cho 5* ko có gì phải bàn cãi thêm. Tuyệt vời",vn|json|default|page=1;vn|json|mostHelpful|page=top;vn|json|mostrecent|page=top;vn|xml|mostHelpful|page=1;vn|xml|mostHelpful|page=top,diagnostics/recency_2026-09-22/vn_page_01_default.json;diagnostics/recency_2026-09-22/vn_page_01_mostHelpful.xml;diagnostics/recency_2026-09-22/vn_top_mostHelpful.json;diagnostics/recency_2026-09-22/vn_top_mostHelpful.xml;diagnostics/recency_2026-09-22/vn_top_mostrecent.json,False,True
14033216115,2026-05-06T04:15:56+00:00,1,App ngày càng tệ!,"App bị đơ, hiển thị thông tin sai, không có ai thấy bug để fix hết hay sao ấy",vn|json|default|page=1;vn|json|mostHelpful|page=top;vn|json|mostrecent|page=top;vn|xml|mostHelpful|page=1;vn|xml|mostHelpful|page=top,diagnostics/recency_2026-09-22/vn_page_01_default.json;diagnostics/recency_2026-09-22/vn_page_01_mostHelpful.xml;diagnostics/recency_2026-09-22/vn_top_mostHelpful.json;diagnostics/recency_2026-09-22/vn_top_mostHelpful.xml;diagnostics/recency_2026-09-22/vn_top_mostrecent.json,False,True
14009628721,2026-04-29T15:34:18+00:00,1,Lỗi hiển thị sai giá ko thể mua bán,App lỗi tệ,vn|json|default|page=1;vn|json|mostHelpful|page=top;vn|json|mostrecent|page=top;vn|xml|mostHelpful|page=1;vn|xml|mostHelpful|page=top,diagnostics/recency_2026-09-22/vn_page_01_default.json;diagnostics/recency_2026-09-22/vn_page_01_mostHelpful.xml;diagnostics/recency_2026-09-22/vn_top_mostHelpful.json;diagnostics/recency_2026-09-22/vn_top_mostHelpful.xml;diagnostics/recency_2026-09-22/vn_top_mostrecent.json,False,False
14008131020,2026-04-29T05:12:10+00:00,1,App lỗi không giao dịch được.,"App lỗi tê liệt ngay đầu phiên giao dịch. Bảng điện không cập nhật, không mua bán được. Làm mất tiền và cơ hội của nhà đầu tư. Không nên dùng app này.",vn|json|default|page=1;vn|json|mostHelpful|page=top;vn|json|mostrecent|page=top;vn|xml|mostHelpful|page=1;vn|xml|mostHelpful|page=top,diagnostics/recency_2026-09-22/vn_page_01_default.json;diagnostics/recency_2026-09-22/vn_page_01_mostHelpful.xml;diagnostics/recency_2026-09-22/vn_top_mostHelpful.json;diagnostics/recency_2026-09-22/vn_top_mostHelpful.xml;diagnostics/recency_2026-09-22/vn_top_mostrecent.json,False,False
14007852344,2026-04-29T02:52:45+00:00,1,App lỏ xứng đáng 1 sao,"App sập, đơ, k giao dịch đc. TCBS phải đền bù cho khách đi!!!",vn|json|default|page=1;vn|json|mostHelpful|page=top;vn|json|mostrecent|page=top;vn|xml|mostHelpful|page=1;vn|xml|mostHelpful|page=top,diagnostics/recency_2026-09-22/vn_page_01_default.json;diagnostics/recency_2026-09-22/vn_page_01_mostHelpful.xml;diagnostics/recency_2026-09-22/vn_top_mostHelpful.json;diagnostics/recency_2026-09-22/vn_top_mostHelpful.xml;diagnostics/recency_2026-09-22/vn_top_mostrecent.json,False,False
14007849446,2026-04-29T02:51:24+00:00,1,Tệ,Quá tệ. Cập nhật gì vào lúc 9h15. Chốt lời k được luôn. Thiệt hại vậy ai chịu. Bực bội,vn|json|default|page=1;vn|json|mostHelpful|page=top;vn|json|mostrecent|page=top;vn|xml|mostHelpful|page=1;vn|xml|mostHelpful|page=top,diagnostics/recency_2026-09-22/vn_page_01_default.json;diagnostics/recency_2026-09-22/vn_page_01_mostHelpful.xml;diagnostics/recency_2026-09-22/vn_top_mostHelpful.json;diagnostics/recency_2026-09-22/vn_top_mostHelpful.xml;diagnostics/recency_2026-09-22/vn_top_mostrecent.json,False,False
14007848369,2026-04-29T02:50:53+00:00,1,"App đơ, web đơ, rất rất tệ","App đơ, web đơ, rất rất tệ",vn|json|default|page=1;vn|json|mostHelpful|page=top;vn|json|mostrecent|page=top;vn|xml|mostHelpful|page=1;vn|xml|mostHelpful|page=top,diagnostics/recency_2026-09-22/vn_page_01_default.json;diagnostics/recency_2026-09-22/vn_page_01_mostHelpful.xml;diagnostics/recency_2026-09-22/vn_top_mostHelpful.json;diagnostics/recency_2026-09-22/vn_top_mostHelpful.xml;diagnostics/recency_2026-09-22/vn_top_mostrecent.json,False,False
14007846536,2026-04-29T02:50:03+00:00,1,Lỗi app 29/04/2026,Bảng điện đứng im app hiện toàn bộ dữ liệu của 28/04. NĐT nhìn tài khoản mà khóc ròng. Liệu TCBS sẽ có bồi hoàn gì hay chỉ là Xin Lỗi khi tiền NĐT bay theo lỗi app,vn|json|default|page=1;vn|json|mostHelpful|page=top;vn|json|mostrecent|page=top;vn|xml|mostHelpful|page=1;vn|xml|mostHelpful|page=top,diagnostics/recency_2026-09-22/vn_page_01_default.json;diagnostics/recency_2026-09-22/vn_page_01_mostHelpful.xml;diagnostics/recency_2026-09-22/vn_top_mostHelpful.json;diagnostics/recency_2026-09-22/vn_top_mostHelpful.xml;diagnostics/recency_2026-09-22/vn_top_mostrecent.json,False,False
14007842869,2026-04-29T02:48:22+00:00,1,Bi đơ  cả phiên,Mất tiền nhiều quá ko bán dc giá đỉnh,vn|json|default|page=1;vn|json|mostHelpful|page=top;vn|json|mostrecent|page=top;vn|xml|mostHelpful|page=1;vn|xml|mostHelpful|page=top,diagnostics/recency_2026-09-22/vn_page_01_default.json;diagnostics/recency_2026-09-22/vn_page_01_mostHelpful.xml;diagnostics/recency_2026-09-22/vn_top_mostHelpful.json;diagnostics/recency_2026-09-22/vn_top_mostHelpful.xml;diagnostics/recency_2026-09-22/vn_top_mostrecent.json,False,False
14007840671,2026-04-29T02:47:21+00:00,1,Lỗi liên tục,"App như hạch Giờ giao dịch đi bảo trì Bị nhốt sàn mấy hôm, nay thoát sàn được thì app ko hoạt động. Mn tẩy chay đi nếu không muốn mất tiền cháy tài khoản",vn|json|default|page=1;vn|json|mostHelpful|page=top;vn|json|mostrecent|page=top;vn|xml|mostHelpful|page=1;vn|xml|mostHelpful|page=top,diagnostics/recency_2026-09-22/vn_page_01_default.json;diagnostics/recency_2026-09-22/vn_page_01_mostHelpful.xml;diagnostics/recency_2026-09-22/vn_top_mostHelpful.json;diagnostics/recency_2026-09-22/vn_top_mostHelpful.xml;diagnostics/recency_2026-09-22/vn_top_mostrecent.json,False,False
14007834537,2026-04-29T02:44:28+00:00,1,App như loz,App như loz,vn|json|default|page=1;vn|json|mostHelpful|page=top;vn|json|mostrecent|page=top;vn|xml|mostHelpful|page=1;vn|xml|mostHelpful|page=top,diagnostics/recency_2026-09-22/vn_page_01_default.json;diagnostics/recency_2026-09-22/vn_page_01_mostHelpful.xml;diagnostics/recency_2026-09-22/vn_top_mostHelpful.json;diagnostics/recency_2026-09-22/vn_top_mostHelpful.xml;diagnostics/recency_2026-09-22/vn_top_mostrecent.json,False,False
14007830108,2026-04-29T02:42:27+00:00,1,Đánh giá TCBS,"App lag , hay bị lỗi làm ảnh hưởng đến nhà đầu tư",vn|json|default|page=1;vn|json|mostrecent|page=top,diagnostics/recency_2026-09-22/vn_page_01_default.json;diagnostics/recency_2026-09-22/vn_top_mostrecent.json,False,False
14007825034,2026-04-29T02:40:04+00:00,1,App lỗi,App lỗi bảng điện suốt ngày,vn|json|default|page=1;vn|json|mostrecent|page=top,diagnostics/recency_2026-09-22/vn_page_01_default.json;diagnostics/recency_2026-09-22/vn_top_mostrecent.json,False,False
14007825045,2026-04-29T02:40:04+00:00,2,Chất lượng App,Lỗi khá nhiều nhiều khi làm trễ giao dịch không đáng có,vn|json|default|page=1;vn|json|mostrecent|page=top,diagnostics/recency_2026-09-22/vn_page_01_default.json;diagnostics/recency_2026-09-22/vn_top_mostrecent.json,False,False
14007823992,2026-04-29T02:39:35+00:00,1,Ff,"App tệ, lỗi ko có hướng xử ly",vn|json|default|page=1;vn|json|mostrecent|page=top,diagnostics/recency_2026-09-22/vn_page_01_default.json;diagnostics/recency_2026-09-22/vn_top_mostrecent.json,False,False
14007820033,2026-04-29T02:37:47+00:00,1,app lởm,lởm vl,vn|json|default|page=1;vn|json|mostrecent|page=top,diagnostics/recency_2026-09-22/vn_page_01_default.json;diagnostics/recency_2026-09-22/vn_top_mostrecent.json,False,False
14007820003,2026-04-29T02:37:46+00:00,1,Đơ,App suốt ngày lỗi,vn|json|default|page=1;vn|json|mostrecent|page=top,diagnostics/recency_2026-09-22/vn_page_01_default.json;diagnostics/recency_2026-09-22/vn_top_mostrecent.json,False,False
14007819853,2026-04-29T02:37:42+00:00,1,App lỗi liên tục,App lỗi nhất trong các công ty ck,vn|json|default|page=1;vn|json|mostrecent|page=top,diagnostics/recency_2026-09-22/vn_page_01_default.json;diagnostics/recency_2026-09-22/vn_top_mostrecent.json,False,False
12683550678,2025-05-22T06:02:22+00:00,1,dịch vụ cskh tệ app lỗi,"bắt xác thực cccd nhưng app lỗi load 7749 lần mãi k đc thử trên mọi nền tảng đều k đc, bỏ lỡ nhiều cơ hội và cũng rút đc tiền. App rất rối",vn|json|mostrecent|page=5;vn|xml|mostHelpful|page=6,diagnostics/recency_2026-09-22/vn_page_05_mostrecent.json;diagnostics/recency_2026-09-22/vn_page_06_mostHelpful.xml,False,False
12676479614,2025-05-20T09:12:12+00:00,5,Ứng dụng tài chính uy tín hàng đầu tại Việt Nam,"Ứng dụng có nhiều chức năng như chart, hình ảnh",vn|json|mostrecent|page=5;vn|xml|mostHelpful|page=6,diagnostics/recency_2026-09-22/vn_page_05_mostrecent.json;diagnostics/recency_2026-09-22/vn_page_06_mostHelpful.xml,False,False
12676449035,2025-05-20T08:57:57+00:00,5,Ứng dụng mượt,"Nhiều tính năng hữu ích, đa dạng sản phẩm đầu tư để lựa chọn",vn|json|mostrecent|page=5;vn|xml|mostHelpful|page=6,diagnostics/recency_2026-09-22/vn_page_05_mostrecent.json;diagnostics/recency_2026-09-22/vn_page_06_mostHelpful.xml,False,False
12660963384,2025-05-16T03:23:39+00:00,2,Rất chậm,"Tốc độ khớp lệnh chậm. App khó nhìn khó theo dõi. Định đánh giá 1* nhưng do phí rẻ nên cho thêm 1*. Nói chung chậm lắm, ko nên dùng.",vn|json|mostrecent|page=5;vn|xml|mostHelpful|page=6,diagnostics/recency_2026-09-22/vn_page_05_mostrecent.json;diagnostics/recency_2026-09-22/vn_page_06_mostHelpful.xml,False,False
12617407260,2025-05-04T06:47:17+00:00,1,app ngôn lù,như tiêu đề,vn|json|mostrecent|page=5;vn|xml|mostHelpful|page=6,diagnostics/recency_2026-09-22/vn_page_05_mostrecent.json;diagnostics/recency_2026-09-22/vn_page_06_mostHelpful.xml,False,False
12609904288,2025-05-02T08:34:11+00:00,2,Bảo trì,Bảo trì gì mà lâu vậy,vn|json|mostrecent|page=5;vn|xml|mostHelpful|page=6,diagnostics/recency_2026-09-22/vn_page_05_mostrecent.json;diagnostics/recency_2026-09-22/vn_page_06_mostHelpful.xml,False,False
11839386523,2024-10-16T07:35:14+00:00,1,Khong hoat dong tren mac OS,may mac m3 khong hien thi duoc thong tin dang nhap,vn|json|default|page=7;vn|json|mostHelpful|page=top;vn|public_html|see-all-reviews;vn|xml|default|page=7;vn|xml|mostHelpful|page=1;vn|xml|mostHelpful|page=top;vn|xml|mostrecent|page=7,diagnostics/recency_2026-09-22/public_reviews_page.html;diagnostics/recency_2026-09-22/vn_page_01_mostHelpful.xml;diagnostics/recency_2026-09-22/vn_page_07_default.json;diagnostics/recency_2026-09-22/vn_page_07_default.xml;diagnostics/recency_2026-09-22/vn_page_07_mostrecent.xml;diagnostics/recency_2026-09-22/vn_top_mostHelpful.json;diagnostics/recency_2026-09-22/vn_top_mostHelpful.xml,False,False
11777958926,2024-09-29T14:19:44+00:00,5,105CTOIYEUVN,105CTOIYEUVN,vn|json|default|page=7;vn|xml|default|page=7;vn|xml|mostrecent|page=7,diagnostics/recency_2026-09-22/vn_page_07_default.json;diagnostics/recency_2026-09-22/vn_page_07_default.xml;diagnostics/recency_2026-09-22/vn_page_07_mostrecent.xml,False,False
11767116568,2024-09-26T15:53:53+00:00,5,105CTOIYEUVN,105CTOIYEUVN,vn|json|default|page=7;vn|xml|default|page=7;vn|xml|mostrecent|page=7,diagnostics/recency_2026-09-22/vn_page_07_default.json;diagnostics/recency_2026-09-22/vn_page_07_default.xml;diagnostics/recency_2026-09-22/vn_page_07_mostrecent.xml,False,False
11741550112,2024-09-19T16:10:25+00:00,5,105CC0099NO tôi thích bảng giá,105CC0099NO tôi thích bảng giá,vn|json|default|page=7;vn|json|mostHelpful|page=8;vn|xml|default|page=7;vn|xml|mostHelpful|page=8;vn|xml|mostrecent|page=7,diagnostics/recency_2026-09-22/vn_page_07_default.json;diagnostics/recency_2026-09-22/vn_page_07_default.xml;diagnostics/recency_2026-09-22/vn_page_07_mostrecent.xml;diagnostics/recency_2026-09-22/vn_page_08_mostHelpful.json;diagnostics/recency_2026-09-22/vn_page_08_mostHelpful.xml,False,False
11741247423,2024-09-19T14:38:14+00:00,5,Tks,Tuyệt,vn|json|default|page=7;vn|json|mostHelpful|page=8;vn|xml|default|page=7;vn|xml|mostHelpful|page=8;vn|xml|mostrecent|page=7,diagnostics/recency_2026-09-22/vn_page_07_default.json;diagnostics/recency_2026-09-22/vn_page_07_default.xml;diagnostics/recency_2026-09-22/vn_page_07_mostrecent.xml;diagnostics/recency_2026-09-22/vn_page_08_mostHelpful.json;diagnostics/recency_2026-09-22/vn_page_08_mostHelpful.xml,False,False
11741201798,2024-09-19T14:24:33+00:00,5,105CXX1988,105CXX1988,vn|json|default|page=7;vn|xml|default|page=7;vn|xml|mostrecent|page=7,diagnostics/recency_2026-09-22/vn_page_07_default.json;diagnostics/recency_2026-09-22/vn_page_07_default.xml;diagnostics/recency_2026-09-22/vn_page_07_mostrecent.xml,False,False
11737096946,2024-09-18T11:30:57+00:00,5,5 sao,105CA84418,vn|json|default|page=10;vn|json|mostrecent|page=10;vn|xml|mostrecent|page=10,diagnostics/recency_2026-09-22/vn_page_10_default.json;diagnostics/recency_2026-09-22/vn_page_10_mostrecent.json;diagnostics/recency_2026-09-22/vn_page_10_mostrecent.xml,False,False
11737083900,2024-09-18T11:26:09+00:00,5,105FTOIYEUVN,105FTOIYEUVN,vn|json|default|page=10;vn|json|mostrecent|page=10;vn|xml|mostrecent|page=10,diagnostics/recency_2026-09-22/vn_page_10_default.json;diagnostics/recency_2026-09-22/vn_page_10_mostrecent.json;diagnostics/recency_2026-09-22/vn_page_10_mostrecent.xml,False,False
11737075225,2024-09-18T11:22:58+00:00,5,105CTOIYEUVN,105CTOIYEUVN,vn|json|default|page=10;vn|json|mostrecent|page=10;vn|xml|mostrecent|page=10,diagnostics/recency_2026-09-22/vn_page_10_default.json;diagnostics/recency_2026-09-22/vn_page_10_mostrecent.json;diagnostics/recency_2026-09-22/vn_page_10_mostrecent.xml,False,False
11736971959,2024-09-18T10:42:57+00:00,5,Ứng dụng tốt,105CH68998,vn|json|default|page=10;vn|json|mostrecent|page=10;vn|xml|mostrecent|page=10,diagnostics/recency_2026-09-22/vn_page_10_default.json;diagnostics/recency_2026-09-22/vn_page_10_mostrecent.json;diagnostics/recency_2026-09-22/vn_page_10_mostrecent.xml,False,False
11736926631,2024-09-18T10:24:09+00:00,5,Dich vu tot,105CH90456,vn|json|default|page=10;vn|json|mostrecent|page=10;vn|xml|mostrecent|page=10,diagnostics/recency_2026-09-22/vn_page_10_default.json;diagnostics/recency_2026-09-22/vn_page_10_mostrecent.json;diagnostics/recency_2026-09-22/vn_page_10_mostrecent.xml,False,False
11736923323,2024-09-18T10:22:45+00:00,5,Ok,105CHB9094,vn|json|default|page=10;vn|json|mostrecent|page=10;vn|xml|mostrecent|page=10,diagnostics/recency_2026-09-22/vn_page_10_default.json;diagnostics/recency_2026-09-22/vn_page_10_mostrecent.json;diagnostics/recency_2026-09-22/vn_page_10_mostrecent.xml,False,False
11736913880,2024-09-18T10:18:41+00:00,5,105CDIDU89,105CDIDU89,vn|json|default|page=10;vn|json|mostrecent|page=10;vn|xml|mostrecent|page=10,diagnostics/recency_2026-09-22/vn_page_10_default.json;diagnostics/recency_2026-09-22/vn_page_10_mostrecent.json;diagnostics/recency_2026-09-22/vn_page_10_mostrecent.xml,False,False
11708342893,2024-09-10T07:01:09+00:00,1,Tệ,Dịch vụ cskh trực tuyến tệ! Xử lý vấn đề trên app tệ! Lỗi app tệ,vn|json|mostHelpful|page=top;vn|public_html|see-all-reviews;vn|xml|mostHelpful|page=1;vn|xml|mostHelpful|page=top,diagnostics/recency_2026-09-22/public_reviews_page.html;diagnostics/recency_2026-09-22/vn_page_01_mostHelpful.xml;diagnostics/recency_2026-09-22/vn_top_mostHelpful.json;diagnostics/recency_2026-09-22/vn_top_mostHelpful.xml,False,False
11124085882,2024-04-05T12:18:45+00:00,3,không đổi được mật khẩu,"tạo tài khoản xong, vào ứng dụng bắt đổi mật khẩu mãi mà hok đổi được. admin kiểm tra lại giùm mình với",vn|json|mostHelpful|page=top;vn|public_html|see-all-reviews;vn|xml|mostHelpful|page=1;vn|xml|mostHelpful|page=top,diagnostics/recency_2026-09-22/public_reviews_page.html;diagnostics/recency_2026-09-22/vn_page_01_mostHelpful.xml;diagnostics/recency_2026-09-22/vn_top_mostHelpful.json;diagnostics/recency_2026-09-22/vn_top_mostHelpful.xml,False,False
10383443236,2023-09-19T05:03:19+00:00,5,TCBS,"App rất tuyệt vời, mọi giao dịch đều nhanh chóng chính xác, đánh giá trên cả 5 sao!
Tài khoản TCBS: 105CA07444",vn|json|mostHelpful|page=top;vn|public_html|see-all-reviews;vn|xml|mostHelpful|page=1;vn|xml|mostHelpful|page=top,diagnostics/recency_2026-09-22/public_reviews_page.html;diagnostics/recency_2026-09-22/vn_page_01_mostHelpful.xml;diagnostics/recency_2026-09-22/vn_top_mostHelpful.json;diagnostics/recency_2026-09-22/vn_top_mostHelpful.xml,False,False
10217332140,2023-08-04T03:54:21+00:00,3,Nâng cấp phải giữ bản cũ,"Nâng cấp phải giữ bản cũ, tôi dùng ios 12.5.7 không vào được! Giờ phải thay điện thoại! Các app bên Cty Ck khác đều dùng được",vn|json|mostHelpful|page=top;vn|public_html|see-all-reviews;vn|xml|mostHelpful|page=1;vn|xml|mostHelpful|page=top,diagnostics/recency_2026-09-22/public_reviews_page.html;diagnostics/recency_2026-09-22/vn_page_01_mostHelpful.xml;diagnostics/recency_2026-09-22/vn_top_mostHelpful.json;diagnostics/recency_2026-09-22/vn_top_mostHelpful.xml,False,False
10191157286,2023-07-28T10:58:35+00:00,4,Máy bị xoay ngang ko xoay lại đc,"macbook pro m1 app bị lỗi, bị xoay ngang ko xoay lại đc",vn|json|mostHelpful|page=top;vn|public_html|see-all-reviews;vn|xml|mostHelpful|page=1;vn|xml|mostHelpful|page=top,diagnostics/recency_2026-09-22/public_reviews_page.html;diagnostics/recency_2026-09-22/vn_page_01_mostHelpful.xml;diagnostics/recency_2026-09-22/vn_top_mostHelpful.json;diagnostics/recency_2026-09-22/vn_top_mostHelpful.xml,False,False
9819441432,2023-04-14T03:22:33+00:00,3,Hay bị lỗi app,Cứ vài ngày là lỗi app phãi xoá đi tải lại hoài.,vn|json|mostHelpful|page=top;vn|public_html|see-all-reviews;vn|xml|mostHelpful|page=1;vn|xml|mostHelpful|page=top,diagnostics/recency_2026-09-22/public_reviews_page.html;diagnostics/recency_2026-09-22/vn_page_01_mostHelpful.xml;diagnostics/recency_2026-09-22/vn_top_mostHelpful.json;diagnostics/recency_2026-09-22/vn_top_mostHelpful.xml,False,False
