metric,source,count,denominator,percentage,classification,note
rows,Total,3745,3745,100.0,overview,
unique_review_id,Total,3745,3745,100.0,overview,
missing_review_id,Total,0,3745,0.0,complete,
missing_review_date,Total,0,3745,0.0,complete,
missing_rating,Total,0,3745,0.0,complete,
missing_review_text_raw,Total,0,3745,0.0,complete,
missing_title,Total,3223,3745,86.06,data-quality issue,
missing_app_version,Total,459,3745,12.26,data-quality limitation,
missing_developer_reply,Total,2633,3745,70.31,data-quality issue,
missing_collection_country,Total,522,3745,13.94,data-quality issue,
missing_collection_language,Total,522,3745,13.94,data-quality issue,
missing_collection_locale,Total,522,3745,13.94,data-quality issue,
missing_storefront,Total,3223,3745,86.06,data-quality issue,
missing_detected_language,Total,3745,3745,100.0,methodological limitation,
rating_outside_1_5,Total,0,3745,0.0,valid,
rows,Google Play,3223,3223,100.0,overview,
unique_review_id,Google Play,3223,3223,100.0,overview,
missing_review_id,Google Play,0,3223,0.0,complete,
missing_review_date,Google Play,0,3223,0.0,complete,
missing_rating,Google Play,0,3223,0.0,complete,
missing_review_text_raw,Google Play,0,3223,0.0,complete,
missing_title,Google Play,3223,3223,100.0,source-unavailable,
missing_app_version,Google Play,459,3223,14.24,data-quality limitation,
missing_developer_reply,Google Play,2111,3223,65.5,natural/source-specific missingness,
missing_collection_country,Google Play,0,3223,0.0,complete,
missing_collection_language,Google Play,0,3223,0.0,complete,
missing_collection_locale,Google Play,0,3223,0.0,complete,
missing_storefront,Google Play,3223,3223,100.0,natural/source-specific missingness,
missing_detected_language,Google Play,3223,3223,100.0,methodological limitation,
rating_outside_1_5,Google Play,0,3223,0.0,valid,
rows,App Store,522,522,100.0,overview,
unique_review_id,App Store,522,522,100.0,overview,
missing_review_id,App Store,0,522,0.0,complete,
missing_review_date,App Store,0,522,0.0,complete,
missing_rating,App Store,0,522,0.0,complete,
missing_review_text_raw,App Store,0,522,0.0,complete,
missing_title,App Store,0,522,0.0,complete,
missing_app_version,App Store,0,522,0.0,data-quality limitation,
missing_developer_reply,App Store,522,522,100.0,source-unavailable,
missing_collection_country,App Store,522,522,100.0,source-unavailable,
missing_collection_language,App Store,522,522,100.0,source-unavailable,
missing_collection_locale,App Store,522,522,100.0,source-unavailable,
missing_storefront,App Store,0,522,0.0,complete,
missing_detected_language,App Store,522,522,100.0,methodological limitation,
rating_outside_1_5,App Store,0,522,0.0,valid,
