pain_point_family,review_count,avg_rating,median_rating,one_star_count,one_star_share,one_two_star_count,one_two_star_share,four_five_star_count,four_five_star_share
PERFORMANCE_RELIABILITY,156,1.4,1.0,115,73.72,140,89.74,5,3.21
UX_NAVIGATION_COMPLEXITY,150,1.8,1.0,87,58.0,117,78.0,17,11.33
ONBOARDING_KYC,31,1.39,1,26,83.87,28,90.32,2,6.45
AUTHENTICATION_IOTP,55,1.27,1,46,83.64,50,90.91,1,1.82
TRADING_ORDER_EXECUTION,75,1.28,1,60,80.0,71,94.67,2,2.67
DEPOSIT_WITHDRAWAL_TRANSFER,56,1.3,1.0,47,83.93,50,89.29,1,1.79
CUSTOMER_SUPPORT,80,1.2,1.0,71,88.75,77,96.25,2,2.5
MARKET_DATA_INFORMATION,40,1.82,1.0,22,55.0,32,80.0,5,12.5
PORTFOLIO_ACCOUNT_INFORMATION,21,1.62,1,13,61.9,18,85.71,2,9.52
FEE_PRICING,17,2.35,1,9,52.94,11,64.71,6,35.29
ACCOUNT_RECOVERY_PROFILE_CHANGE,23,1.39,1,20,86.96,21,91.3,2,8.7
SECURITY_ACCOUNT_PROTECTION,7,1.86,1,4,57.14,4,57.14,0,0.0
NOTIFICATION_COMMUNICATION,13,1.31,1,10,76.92,12,92.31,0,0.0
MARKET_RESEARCH_RECOMMENDATION_UTILITY,9,2.11,1,5,55.56,5,55.56,2,22.22
EXCESSIVE_DATA_CONSUMPTION,1,3,3,0,0.0,0,0.0,0,0.0
