pain_point_family,google_play_review_count,app_store_review_count,google_play_within_source_rate,app_store_within_source_rate,difference_pp
PERFORMANCE_RELIABILITY,89,67,22.08,20.12,1.96
UX_NAVIGATION_COMPLEXITY,85,65,21.09,19.52,1.57
ONBOARDING_KYC,21,10,5.21,3.0,2.21
AUTHENTICATION_IOTP,37,18,9.18,5.41,3.77
TRADING_ORDER_EXECUTION,34,41,8.44,12.31,-3.87
DEPOSIT_WITHDRAWAL_TRANSFER,28,28,6.95,8.41,-1.46
CUSTOMER_SUPPORT,45,35,11.17,10.51,0.66
MARKET_DATA_INFORMATION,26,14,6.45,4.2,2.25
PORTFOLIO_ACCOUNT_INFORMATION,12,9,2.98,2.7,0.28
FEE_PRICING,8,9,1.99,2.7,-0.71
ACCOUNT_RECOVERY_PROFILE_CHANGE,15,8,3.72,2.4,1.32
SECURITY_ACCOUNT_PROTECTION,5,2,1.24,0.6,0.64
NOTIFICATION_COMMUNICATION,3,10,0.74,3.0,-2.26
MARKET_RESEARCH_RECOMMENDATION_UTILITY,4,5,0.99,1.5,-0.51
EXCESSIVE_DATA_CONSUMPTION,0,1,0.0,0.3,-0.3
