pain_point_family,incident_count,unique_review_count,pct_all_reviews,pct_complaint_reviews,google_play_review_count,app_store_review_count,google_play_share,app_store_share
PERFORMANCE_RELIABILITY,156,156,21.2,25.45,89,67,57.05,42.95
UX_NAVIGATION_COMPLEXITY,155,150,20.38,24.47,85,65,56.67,43.33
ONBOARDING_KYC,31,31,4.21,5.06,21,10,67.74,32.26
AUTHENTICATION_IOTP,56,55,7.47,8.97,37,18,67.27,32.73
TRADING_ORDER_EXECUTION,76,75,10.19,12.23,34,41,45.33,54.67
DEPOSIT_WITHDRAWAL_TRANSFER,57,56,7.61,9.14,28,28,50.0,50.0
CUSTOMER_SUPPORT,82,80,10.87,13.05,45,35,56.25,43.75
MARKET_DATA_INFORMATION,40,40,5.43,6.53,26,14,65.0,35.0
PORTFOLIO_ACCOUNT_INFORMATION,24,21,2.85,3.43,12,9,57.14,42.86
FEE_PRICING,18,17,2.31,2.77,8,9,47.06,52.94
ACCOUNT_RECOVERY_PROFILE_CHANGE,24,23,3.12,3.75,15,8,65.22,34.78
SECURITY_ACCOUNT_PROTECTION,7,7,0.95,1.14,5,2,71.43,28.57
NOTIFICATION_COMMUNICATION,13,13,1.77,2.12,3,10,23.08,76.92
MARKET_RESEARCH_RECOMMENDATION_UTILITY,9,9,1.22,1.47,4,5,44.44,55.56
EXCESSIVE_DATA_CONSUMPTION,1,1,0.14,0.16,0,1,0.0,100.0
