pain_point_family,review_count,negative_count,mixed_count,neutral_count,positive_count,unclear_count
PERFORMANCE_RELIABILITY,156,148,7,0,0,1
UX_NAVIGATION_COMPLEXITY,150,127,22,1,0,0
ONBOARDING_KYC,31,28,1,0,2,0
AUTHENTICATION_IOTP,55,54,0,1,0,0
TRADING_ORDER_EXECUTION,75,72,2,1,0,0
DEPOSIT_WITHDRAWAL_TRANSFER,56,51,3,1,1,0
CUSTOMER_SUPPORT,80,78,0,0,2,0
MARKET_DATA_INFORMATION,40,33,6,1,0,0
PORTFOLIO_ACCOUNT_INFORMATION,21,16,5,0,0,0
FEE_PRICING,17,10,4,0,3,0
ACCOUNT_RECOVERY_PROFILE_CHANGE,23,21,2,0,0,0
SECURITY_ACCOUNT_PROTECTION,7,4,3,0,0,0
NOTIFICATION_COMMUNICATION,13,12,1,0,0,0
MARKET_RESEARCH_RECOMMENDATION_UTILITY,9,5,4,0,0,0
EXCESSIVE_DATA_CONSUMPTION,1,1,0,0,0,0
