pain_point_family,review_count,incident_count,pct_all_reviews,pct_complaint_reviews,high_severity_count,high_severity_share,median_rating,one_two_star_share,google_play_count,app_store_count,latest_6m_review_count,trend_direction,representative_journey,evidence_confidence_note
PERFORMANCE_RELIABILITY,156,156,21.2,25.45,97,62.18,1.0,89.74,89,67,54,INCREASING,GENERAL_CROSS_JOURNEY,134/156 HIGH confidence
UX_NAVIGATION_COMPLEXITY,150,155,20.38,24.47,25,16.13,1.0,78.0,85,65,23,STABLE,GENERAL_CROSS_JOURNEY,133/155 HIGH confidence
ONBOARDING_KYC,31,31,4.21,5.06,17,54.84,1,90.32,21,10,7,INCREASING,ACCOUNT_OPENING_KYC,25/31 HIGH confidence
AUTHENTICATION_IOTP,55,56,7.47,8.97,41,73.21,1,90.91,37,18,20,INCREASING,LOGIN_AUTHENTICATION,54/56 HIGH confidence
TRADING_ORDER_EXECUTION,75,76,10.19,12.23,57,75.0,1,94.67,34,41,7,INCREASING,TRADING_ORDER_MANAGEMENT,72/76 HIGH confidence
DEPOSIT_WITHDRAWAL_TRANSFER,56,57,7.61,9.14,35,61.4,1.0,89.29,28,28,14,STABLE,FUNDING_CASH_TRANSFER,48/57 HIGH confidence
CUSTOMER_SUPPORT,80,82,10.87,13.05,40,48.78,1.0,96.25,45,35,21,STABLE,CUSTOMER_SUPPORT,70/82 HIGH confidence
MARKET_DATA_INFORMATION,40,40,5.43,6.53,15,37.5,1.0,80.0,26,14,6,STABLE,PRODUCT_DISCOVERY_MARKET_DATA,39/40 HIGH confidence
PORTFOLIO_ACCOUNT_INFORMATION,21,24,2.85,3.43,7,29.17,1,85.71,12,9,8,STABLE,PORTFOLIO_TRACKING,21/24 HIGH confidence
FEE_PRICING,17,18,2.31,2.77,9,50.0,1,64.71,8,9,6,INCREASING,FUNDING_CASH_TRANSFER,12/18 HIGH confidence
ACCOUNT_RECOVERY_PROFILE_CHANGE,23,24,3.12,3.75,19,79.17,1,91.3,15,8,3,STABLE,ACCOUNT_PROFILE_MAINTENANCE,23/24 HIGH confidence
SECURITY_ACCOUNT_PROTECTION,7,7,0.95,1.14,4,57.14,1,57.14,5,2,1,DECREASING,GENERAL_CROSS_JOURNEY,3/7 HIGH confidence
NOTIFICATION_COMMUNICATION,13,13,1.77,2.12,3,23.08,1,92.31,3,10,3,INCREASING,GENERAL_CROSS_JOURNEY,11/13 HIGH confidence
MARKET_RESEARCH_RECOMMENDATION_UTILITY,9,9,1.22,1.47,0,0.0,1,55.56,4,5,0,STABLE,PRODUCT_DISCOVERY_MARKET_DATA,7/9 HIGH confidence
EXCESSIVE_DATA_CONSUMPTION,1,1,0.14,0.16,0,0.0,3,0.0,0,1,0,INSUFFICIENT_DATA,GENERAL_CROSS_JOURNEY,1/1 HIGH confidence
