source,review_id,review_date,rating,primary_pain_point_family,primary_journey,max_severity,classification_confidence,incident_count,reason_flagged
App Store,11801692398,2024-10-05T22:50:08+00:00,5,,UNKNOWN,NONE,LOW,1,low_confidence;ambiguous_family
Google Play,a6034dee-e8e0-402f-ac3b-e4cebefc1248,2024-10-10T16:22:08+00:00,1,CUSTOMER_SUPPORT,CUSTOMER_SUPPORT,MEDIUM,MEDIUM,1,general_review
App Store,11836640608,2024-10-15T13:10:07+00:00,1,CUSTOMER_SUPPORT,CUSTOMER_SUPPORT,MEDIUM,MEDIUM,1,general_review
Google Play,cbbc87cf-77ee-4fec-931e-ea3e9a56ba2a,2024-10-21T11:32:59+00:00,1,OTHER,UNKNOWN,LOW,LOW,1,low_confidence;unclear_signal;ambiguous_family
Google Play,e3f5cf46-2491-45ef-9268-c516fff48ea3,2024-10-24T10:22:32+00:00,1,CUSTOMER_SUPPORT,CUSTOMER_SUPPORT,MEDIUM,MEDIUM,1,general_review
Google Play,4277ac82-b4c7-48b8-a1c3-18f4164e9ff0,2024-10-30T15:53:33+00:00,1,CUSTOMER_SUPPORT,CUSTOMER_SUPPORT,HIGH,MEDIUM,1,general_review
Google Play,20eca2ba-c0a0-449e-ba64-0e62611515ff,2024-11-07T15:30:40+00:00,1,CUSTOMER_SUPPORT,CUSTOMER_SUPPORT,MEDIUM,LOW,1,low_confidence
Google Play,de1bacde-5a2d-4fa0-a39c-2f1c03f716cd,2024-11-17T10:05:35+00:00,1,NOTIFICATION_COMMUNICATION,CUSTOMER_SUPPORT,MEDIUM,MEDIUM,1,general_review
Google Play,6025ead0-ff94-4e25-a54e-954e4535bed5,2024-11-20T09:46:30+00:00,2,PERFORMANCE_RELIABILITY,GENERAL_CROSS_JOURNEY,MEDIUM,MEDIUM,1,general_review
App Store,12004038909,2024-11-29T05:26:10+00:00,1,PERFORMANCE_RELIABILITY,GENERAL_CROSS_JOURNEY,MEDIUM,MEDIUM,1,general_review
App Store,12166129599,2025-01-10T05:56:46+00:00,1,DEPOSIT_WITHDRAWAL_TRANSFER,FUNDING_CASH_TRANSFER,HIGH,MEDIUM,1,general_review
App Store,12166276133,2025-01-10T07:05:02+00:00,1,OTHER,UNKNOWN,LOW,LOW,1,low_confidence;unclear_signal;ambiguous_family
Google Play,bd974c97-210a-4d21-b82a-061dcf6f9d90,2025-01-20T01:18:31+00:00,1,OTHER,UNKNOWN,LOW,LOW,1,low_confidence;unclear_signal;ambiguous_family
Google Play,361acf1b-88b1-48b5-bddc-8ad9f98e0eca,2025-01-21T09:51:20+00:00,1,UX_NAVIGATION_COMPLEXITY,GENERAL_CROSS_JOURNEY,MEDIUM,MEDIUM,1,general_review
Google Play,bafa4c19-4760-4299-b62a-867de951e07e,2025-01-24T09:33:01+00:00,1,PERFORMANCE_RELIABILITY,GENERAL_CROSS_JOURNEY,MEDIUM,MEDIUM,1,general_review
Google Play,b688ac8c-082a-4976-8c70-99f9430abc75,2025-02-02T18:47:35+00:00,1,OTHER,UNKNOWN,LOW,LOW,1,low_confidence;unclear_signal;ambiguous_family
Google Play,01e975f4-5aa8-4faf-b486-40c742040df8,2025-02-06T16:00:23+00:00,2,PERFORMANCE_RELIABILITY,GENERAL_CROSS_JOURNEY,MEDIUM,MEDIUM,1,general_review
Google Play,4b3c680c-14f7-44c1-8af3-2e40c1b2080b,2025-02-23T19:05:51+00:00,1,SECURITY_ACCOUNT_PROTECTION,LOGIN_AUTHENTICATION,HIGH,MEDIUM,2,multi_incident(2)
App Store,12356932020,2025-02-26T11:27:57+00:00,1,OTHER,UNKNOWN,MEDIUM,LOW,1,low_confidence;unclear_signal;ambiguous_family
App Store,12381075336,2025-03-04T13:14:45+00:00,1,UX_NAVIGATION_COMPLEXITY,GENERAL_CROSS_JOURNEY,MEDIUM,MEDIUM,1,general_review
Google Play,358c0507-777c-44ad-8896-175af5430bef,2025-03-04T17:12:54+00:00,1,DEPOSIT_WITHDRAWAL_TRANSFER,FUNDING_CASH_TRANSFER,HIGH,MEDIUM,1,general_review
Google Play,91df02d7-4a22-4127-b7f6-dcafe29cf228,2025-03-07T21:58:47+00:00,1,OTHER,UNKNOWN,LOW,LOW,1,low_confidence;unclear_signal;ambiguous_family;unclear_sentiment
Google Play,1fbfc074-a707-4bea-bc45-78e494045b90,2025-03-12T01:32:36+00:00,1,FEE_PRICING,FUNDING_CASH_TRANSFER,HIGH,MEDIUM,1,general_review
Google Play,ca0eb48c-8b0d-4c50-9638-b4ec1a4b3450,2025-03-13T16:05:11+00:00,1,OTHER,UNKNOWN,LOW,LOW,1,low_confidence;unclear_signal;ambiguous_family;unclear_sentiment
App Store,12434867625,2025-03-18T12:34:18+00:00,1,OTHER,UNKNOWN,LOW,LOW,1,low_confidence;unclear_signal;ambiguous_family
Google Play,0cb89c47-1f24-4236-8945-8b3ec3fa48c5,2025-03-19T13:06:46+00:00,1,DEPOSIT_WITHDRAWAL_TRANSFER,FUNDING_CASH_TRANSFER,MEDIUM,MEDIUM,1,general_review
Google Play,69e032e8-f43d-4833-8705-f22ecd0a5e13,2025-03-31T19:36:38+00:00,1,DIGITAL_SIGNATURE_FLOW,ACCOUNT_OPENING_KYC,HIGH,MEDIUM,1,general_review
App Store,12518940042,2025-04-08T15:12:51+00:00,1,FEE_PRICING,FUNDING_CASH_TRANSFER,HIGH,MEDIUM,1,general_review
Google Play,73a77237-f86a-461e-8521-e5fa69cb0f09,2025-04-10T09:24:08+00:00,1,UX_NAVIGATION_COMPLEXITY,GENERAL_CROSS_JOURNEY,MEDIUM,MEDIUM,1,general_review
App Store,12529231767,2025-04-11T07:45:57+00:00,1,PERFORMANCE_RELIABILITY,GENERAL_CROSS_JOURNEY,HIGH,MEDIUM,2,multi_incident(2)
App Store,12530510462,2025-04-11T14:51:48+00:00,1,DEPOSIT_WITHDRAWAL_TRANSFER,FUNDING_CASH_TRANSFER,HIGH,MEDIUM,2,multi_incident(2)
App Store,12545090227,2025-04-15T06:59:54+00:00,1,PERFORMANCE_RELIABILITY,GENERAL_CROSS_JOURNEY,HIGH,MEDIUM,3,multi_incident(3)
App Store,12617407260,2025-05-04T06:47:17+00:00,1,OTHER,UNKNOWN,LOW,LOW,1,low_confidence;unclear_signal;ambiguous_family
App Store,12683550678,2025-05-22T06:02:22+00:00,1,ONBOARDING_KYC,ACCOUNT_OPENING_KYC,HIGH,HIGH,3,multi_incident(3)
Google Play,39b03a78-64a0-478d-b52f-6a5272d179c3,2025-05-23T11:12:57+00:00,1,OTHER,UNKNOWN,LOW,LOW,1,low_confidence;unclear_signal;ambiguous_family
Google Play,c61b6588-4baa-4af9-aab9-46fb38bcaa87,2025-06-17T14:40:25+00:00,3,SECURITY_ACCOUNT_PROTECTION,CUSTOMER_SUPPORT,MEDIUM,MEDIUM,1,general_review
Google Play,46fa6425-0a0f-4955-adfb-882bf8b4a5b5,2025-07-01T10:41:36+00:00,1,AUTHENTICATION_IOTP,LOGIN_AUTHENTICATION,HIGH,MEDIUM,1,general_review
App Store,12850138790,2025-07-04T05:01:01+00:00,1,CUSTOMER_SUPPORT,CUSTOMER_SUPPORT,MEDIUM,MEDIUM,1,general_review
App Store,12889467768,2025-07-14T06:07:33+00:00,2,PERFORMANCE_RELIABILITY,GENERAL_CROSS_JOURNEY,MEDIUM,MEDIUM,1,general_review
App Store,12917524601,2025-07-21T07:50:24+00:00,1,UX_NAVIGATION_COMPLEXITY,GENERAL_CROSS_JOURNEY,MEDIUM,MEDIUM,1,general_review
Google Play,9711f697-5d2f-4fcd-9813-75b1260ae8ce,2025-07-21T11:52:14+00:00,1,MARKET_DATA_STALENESS_ACCURACY,PRODUCT_DISCOVERY_MARKET_DATA,MEDIUM,MEDIUM,2,multi_incident(2)
Google Play,b8566b33-1451-4fbc-8976-a687b982c667,2025-07-22T08:59:59+00:00,1,PERFORMANCE_RELIABILITY,GENERAL_CROSS_JOURNEY,MEDIUM,MEDIUM,1,general_review
Google Play,cd1b84a1-3d05-4f5c-953e-a15f48882c84,2025-07-30T09:08:53+00:00,1,PERFORMANCE_RELIABILITY,GENERAL_CROSS_JOURNEY,MEDIUM,MEDIUM,1,general_review
App Store,12957364236,2025-07-31T04:25:20+00:00,1,PERFORMANCE_RELIABILITY,GENERAL_CROSS_JOURNEY,MEDIUM,MEDIUM,1,general_review
App Store,12964759767,2025-08-01T22:41:55+00:00,1,PERFORMANCE_RELIABILITY,GENERAL_CROSS_JOURNEY,MEDIUM,MEDIUM,1,general_review
Google Play,83ed0e5c-2150-41dc-b3fd-c90abf0cb2b5,2025-08-05T15:11:11+00:00,1,OTHER,GENERAL_CROSS_JOURNEY,MEDIUM,LOW,1,low_confidence;ambiguous_family
Google Play,50a1fcce-0d4d-4327-a298-5625037db0c6,2025-08-14T09:30:27+00:00,1,UX_NAVIGATION_COMPLEXITY,GENERAL_CROSS_JOURNEY,MEDIUM,MEDIUM,1,general_review
App Store,13030216864,2025-08-18T07:03:31+00:00,1,OTHER,GENERAL_CROSS_JOURNEY,LOW,MEDIUM,1,ambiguous_family;new_theme(1)
Google Play,28fbcc6b-2251-4028-bdb3-09111f7c0258,2025-09-04T19:33:26+00:00,1,PERFORMANCE_RELIABILITY,GENERAL_CROSS_JOURNEY,MEDIUM,MEDIUM,1,general_review
App Store,13112614932,2025-09-08T08:26:41+00:00,1,UX_NAVIGATION_COMPLEXITY,GENERAL_CROSS_JOURNEY,MEDIUM,MEDIUM,1,general_review
Google Play,abd0bdab-c53b-4138-adfa-4b4f95d9a19b,2025-09-10T18:04:23+00:00,1,AUTHENTICATION_IOTP,LOGIN_AUTHENTICATION,HIGH,MEDIUM,1,general_review
Google Play,e17a1244-02e2-46a7-b4e8-ef5e21919c2c,2025-09-15T10:29:27+00:00,1,PERFORMANCE_RELIABILITY,GENERAL_CROSS_JOURNEY,MEDIUM,MEDIUM,1,general_review
Google Play,f1abd52a-0825-4c19-98ca-a772b551d34a,2025-09-19T18:34:19+00:00,1,UX_NAVIGATION_COMPLEXITY,GENERAL_CROSS_JOURNEY,MEDIUM,MEDIUM,1,general_review
App Store,13172558353,2025-09-23T02:31:53+00:00,1,AI_SUPPORT_CONTEXT_QUALITY,CUSTOMER_SUPPORT,HIGH,HIGH,2,multi_incident(2)
Google Play,6d68116a-74e9-4e8e-be7c-43b6078415c3,2025-10-23T20:38:57+00:00,1,OTHER,GENERAL_CROSS_JOURNEY,MEDIUM,LOW,1,low_confidence;ambiguous_family
Google Play,7a5988b3-cc5f-4f88-b009-631bee990259,2025-10-31T10:11:36+00:00,3,PERFORMANCE_RELIABILITY,GENERAL_CROSS_JOURNEY,MEDIUM,LOW,1,low_confidence;unclear_sentiment
App Store,13416185136,2025-11-19T10:42:48+00:00,1,OTHER,UNKNOWN,MEDIUM,LOW,1,low_confidence;unclear_signal;ambiguous_family
App Store,13476352525,2025-12-05T02:47:55+00:00,2,TRADING_ORDER_EXECUTION,TRADING_ORDER_MANAGEMENT,HIGH,HIGH,3,multi_incident(3)
App Store,13572114993,2025-12-30T07:57:23+00:00,1,DEPOSIT_WITHDRAWAL_TRANSFER,FUNDING_CASH_TRANSFER,MEDIUM,MEDIUM,1,general_review
Google Play,547f969e-0676-4e7d-a158-d1c32569d075,2026-01-14T09:59:21+00:00,1,TRADING_ORDER_EXECUTION,TRADING_ORDER_MANAGEMENT,HIGH,MEDIUM,1,general_review
Google Play,29e01899-efa2-4546-8421-6b2abf4bf775,2026-01-14T10:02:08+00:00,1,TRADING_ORDER_EXECUTION,TRADING_ORDER_MANAGEMENT,HIGH,HIGH,3,multi_incident(3)
Google Play,6e30c2fa-02e6-43ad-818c-1dae839ff8d8,2026-01-14T12:20:39+00:00,1,OTHER,UNKNOWN,LOW,LOW,1,low_confidence;unclear_signal;ambiguous_family
Google Play,a8c833fb-d991-4ed4-8ec3-eac4602bb61f,2026-01-28T14:05:58+00:00,1,OTHER,UNKNOWN,LOW,LOW,1,low_confidence;unclear_signal;ambiguous_family
App Store,13703439891,2026-02-02T03:51:19+00:00,1,ONBOARDING_KYC,ACCOUNT_OPENING_KYC,MEDIUM,MEDIUM,1,general_review
App Store,13729660566,2026-02-09T06:48:31+00:00,1,OTHER,GENERAL_CROSS_JOURNEY,MEDIUM,LOW,1,low_confidence;ambiguous_family
App Store,13732547803,2026-02-10T01:29:15+00:00,1,UX_NAVIGATION_COMPLEXITY,TRADING_ORDER_MANAGEMENT,MEDIUM,MEDIUM,1,general_review
Google Play,62c0e271-0108-42d1-b984-d8d269e8da8c,2026-02-10T18:57:05+00:00,1,OTHER,GENERAL_CROSS_JOURNEY,MEDIUM,LOW,1,low_confidence;ambiguous_family
App Store,13785950483,2026-02-25T01:05:42+00:00,1,OTHER,ACCOUNT_OPENING_KYC,MEDIUM,MEDIUM,1,ambiguous_family;new_theme(1)
Google Play,13e0c0e6-6e6c-4bdb-b12e-8fedf3068801,2026-02-25T12:21:00+00:00,2,ONBOARDING_KYC,ACCOUNT_OPENING_KYC,MEDIUM,MEDIUM,1,general_review
App Store,13790529670,2026-02-26T07:46:59+00:00,1,OTHER,CUSTOMER_SUPPORT,MEDIUM,MEDIUM,1,ambiguous_family;new_theme(1)
Google Play,eddf39d9-bd84-4593-8b55-0d8756ca835e,2026-03-01T19:01:57+00:00,1,OTHER,UNKNOWN,LOW,LOW,1,low_confidence;unclear_signal;ambiguous_family
Google Play,d8a64903-58c4-4159-884f-be5a0131e94f,2026-03-07T18:52:25+00:00,1,OTHER,UNKNOWN,LOW,LOW,1,low_confidence;unclear_signal;ambiguous_family
App Store,13867043839,2026-03-20T06:43:55+00:00,1,OTHER,GENERAL_CROSS_JOURNEY,MEDIUM,LOW,1,low_confidence;ambiguous_family
Google Play,419c55b8-4ad2-4635-86f5-ae0c0f00c000,2026-04-08T12:51:16+00:00,1,PERFORMANCE_RELIABILITY,GENERAL_CROSS_JOURNEY,MEDIUM,MEDIUM,1,general_review
Google Play,03428347-9975-4510-a132-6bdefbeee40f,2026-04-16T22:15:02+00:00,1,PERFORMANCE_RELIABILITY,GENERAL_CROSS_JOURNEY,MEDIUM,MEDIUM,1,general_review
App Store,13994219702,2026-04-25T04:49:11+00:00,1,CUSTOMER_SUPPORT,CUSTOMER_SUPPORT,MEDIUM,MEDIUM,2,multi_incident(2)
App Store,14005255766,2026-04-28T09:55:55+00:00,5,OTHER,OTHER,LOW,MEDIUM,1,ambiguous_family;new_theme(1)
App Store,14007820033,2026-04-29T02:37:47+00:00,1,UNCLEAR,UNKNOWN,NONE,LOW,0,low_confidence;unclear_signal;ambiguous_family
App Store,14007834537,2026-04-29T02:44:28+00:00,1,UNCLEAR,UNKNOWN,NONE,LOW,0,low_confidence;unclear_signal;ambiguous_family
App Store,14007842869,2026-04-29T02:48:22+00:00,1,TRADING_ORDER_EXECUTION,TRADING_ORDER_MANAGEMENT,HIGH,MEDIUM,1,general_review
Google Play,eb3e3875-2bc9-4ce9-9808-9f937dd15a69,2026-04-29T09:44:59+00:00,1,PERFORMANCE_RELIABILITY,GENERAL_CROSS_JOURNEY,HIGH,MEDIUM,1,general_review
Google Play,b5161b29-c1a7-41da-b77f-d8fd16a97d00,2026-04-29T09:47:01+00:00,2,UNCLEAR,UNKNOWN,NONE,LOW,1,low_confidence;ambiguous_family
Google Play,92b45d0c-73a1-46bf-9bb5-6218ab82e507,2026-05-04T20:22:29+00:00,1,UX_NAVIGATION_COMPLEXITY,GENERAL_CROSS_JOURNEY,MEDIUM,MEDIUM,2,multi_incident(2)
App Store,14045600270,2026-05-09T15:32:29+00:00,5,PERFORMANCE_RELIABILITY,GENERAL_CROSS_JOURNEY,HIGH,MEDIUM,1,general_review
Google Play,1dbfd40c-06ac-4217-a552-6b7b70e93f14,2026-05-09T17:24:45+00:00,5,OTHER,GENERAL_CROSS_JOURNEY,NONE,MEDIUM,1,ambiguous_family
Google Play,8d63919e-1d1f-4fec-bd8b-be215087e6b5,2026-05-19T18:23:45+00:00,1,UX_NAVIGATION_COMPLEXITY,GENERAL_CROSS_JOURNEY,MEDIUM,MEDIUM,1,general_review
App Store,14142865973,2026-06-04T13:07:36+00:00,1,UNCLEAR,UNKNOWN,NONE,LOW,0,low_confidence;unclear_signal;ambiguous_family;unclear_sentiment
App Store,14280577109,2026-07-09T04:08:14+00:00,3,MARKET_RESEARCH_RECOMMENDATION_UTILITY,FUNDING_CASH_TRANSFER,LOW,MEDIUM,1,new_theme(1)
App Store,14352633073,2026-07-27T02:34:31+00:00,1,CUSTOMER_SUPPORT,CUSTOMER_SUPPORT,MEDIUM,LOW,1,low_confidence;unclear_signal
App Store,14465018475,2026-08-24T03:57:52+00:00,1,UNCLEAR,UNKNOWN,NONE,LOW,0,low_confidence;unclear_signal;ambiguous_family
App Store,14467591535,2026-08-24T19:29:06+00:00,5,,,NONE,LOW,0,low_confidence;unclear_signal;ambiguous_family;unclear_sentiment
App Store,14468902446,2026-08-25T04:00:51+00:00,1,SECURITY_ACCOUNT_PROTECTION,TRADING_ORDER_MANAGEMENT,HIGH,MEDIUM,1,new_theme(1)
App Store,14504211053,2026-09-03T03:32:43+00:00,3,PERFORMANCE_RELIABILITY,TRADING_ORDER_MANAGEMENT,MEDIUM,MEDIUM,1,general_review
