metric,value
total_reviews,736
phase_b_reused_reviews,100
new_semantically_classified_reviews,636
total_incidents,796
reviews_with_incidents,646
reviews_without_incidents,90
praise_only_reviews,16
multi_incident_reviews,119
needs_human_review_count,93
low_confidence_classifications,31
new_theme_flag_incidents,18
unclear_family_reviews,7
source_Google Play,403
source_App Store,333
sentiment_NEGATIVE,573
sentiment_POSITIVE,98
sentiment_MIXED,47
sentiment_NEUTRAL,12
sentiment_UNCLEAR,6
family_PERFORMANCE_RELIABILITY,150
family_UX_NAVIGATION_COMPLEXITY,93
family_TRADING_ORDER_EXECUTION,66
family_AUTHENTICATION_IOTP,52
family_DEPOSIT_WITHDRAWAL_TRANSFER,48
family_OTHER,38
family_MARKET_DATA_STALENESS_ACCURACY,34
family_MOBILE_TABLET_RESPONSIVENESS,27
family_CUSTOMER_SUPPORT,24
family_ACCOUNT_RECOVERY_PROFILE_CHANGE,23
family_ONBOARDING_KYC,22
family_,11
family_AI_SUPPORT_CONTEXT_QUALITY,11
family_FEE_PRICING,10
family_PRODUCT_PORTFOLIO_INFORMATION,10
family_NOTIFICATION_COMMUNICATION,9
family_MARKET_RESEARCH_RECOMMENDATION_UTILITY,7
family_SECURITY_ACCOUNT_PROTECTION,5
family_UNCLEAR,3
family_DIGITAL_SIGNATURE_FLOW,2
family_EXCESSIVE_DATA_CONSUMPTION,1
journey_GENERAL_CROSS_JOURNEY,213
journey_TRADING_ORDER_MANAGEMENT,146
journey_FUNDING_CASH_TRANSFER,59
journey_LOGIN_AUTHENTICATION,55
journey_PRODUCT_DISCOVERY_MARKET_DATA,47
journey_CUSTOMER_SUPPORT,41
journey_ACCOUNT_OPENING_KYC,25
journey_ACCOUNT_PROFILE_MAINTENANCE,24
journey_UNKNOWN,19
journey_PORTFOLIO_TRACKING,16
journey_OTHER,1
severity_HIGH,331
severity_MEDIUM,186
severity_NONE,102
severity_LOW,27
incident_type_failure,360
incident_type_friction,354
incident_type_praise,27
incident_type_feature_request,18
incident_type_unclear,18
incident_type_unmet_need,14
incident_type_confusion,3
incident_type_other,2
