code,parent,status,definition,include_when,exclude_when,positive_source,positive_review_id,hard_negative_source,hard_negative_review_id
PERFORMANCE_RELIABILITY,Application,SUPPORTED_IN_SAMPLE,App responsiveness or availability prevents or degrades use,Lag freeze crash or black screen during general app use,Slow human approval or a specific data freshness complaint without app failure,Google Play,e24f9216-51cf-4eb1-86b7-ed37ea9d208d,Google Play,1b8d554a-8ac2-466c-9a62-48d2ceb8f9dc
UX_NAVIGATION_COMPLEXITY,Interaction,SUPPORTED_IN_SAMPLE,Layout or navigation makes tasks difficult without an explicit transaction failure,Clutter confusing controls repeated navigation or layout issues,A specific failed order or merely slow app response,App Store,13216345199,Google Play,2d0a8c38-c9a5-4339-ae6c-a5bdad354b60
ONBOARDING_KYC,Account setup,SUPPORTED_IN_SAMPLE,Creating a new account or initial identity verification fails or stalls,Registration face verification initial KYC and initial digital signature when stated,Updating an existing account profile or logging in later,Google Play,0965c4ed-df13-48d6-b0f0-8f5c739800da,App Store,13177936096
AUTHENTICATION_IOTP,Account access,SUPPORTED_IN_SAMPLE,Access to an existing account or login authentication fails or stalls,Login OTP iOTP biometric login device authorization,Initial KYC face verification for registration,Google Play,b431f770-1878-4782-99ba-23a4eadeb8a8,Google Play,0965c4ed-df13-48d6-b0f0-8f5c739800da
TRADING_ORDER_EXECUTION,Trading,SUPPORTED_IN_SAMPLE,Placing modifying cancelling confirming or executing an order fails or is impaired,Blocked sell order lost order entry order status and direct order-entry context,General navigation problems without a stated order impact,Google Play,ab2dfff3-3256-4426-bcff-90608588dd94,Google Play,2d0a8c38-c9a5-4339-ae6c-a5bdad354b60
DEPOSIT_WITHDRAWAL_TRANSFER,Money movement,SUPPORTED_IN_SAMPLE,Moving or making funds available fails or is delayed,Deposit not credited blocked withdrawal bank-linking or fund validation,Account balance missing only from a display without confirmed movement failure,Google Play,c06ce68c-7cf1-42e5-b2f7-5deb78d724b4,App Store,11750539058
CUSTOMER_SUPPORT,Service,SUPPORTED_IN_SAMPLE,User cannot obtain timely useful help from support,Unreachable slow scripted or irrelevant support after contact,An app error with no support interaction,App Store,12387003343,Google Play,b431f770-1878-4782-99ba-23a4eadeb8a8
MARKET_DATA_INFORMATION,Information,PROVISIONAL_SPLIT,Market price board or quote information is missing stale or unusable,Missing bid ask or ceiling floor and delayed or frozen price data,Portfolio account balance or investment research recommendations,App Store,12901670031,App Store,11750539058
PORTFOLIO_ACCOUNT_INFORMATION,Information,PROVISIONAL_SPLIT,Held positions balances profit loss or chart state is missing confusing or inconsistent,Portfolio P and L missing balance display or unsaved chart settings,Price-board quote freshness or actual uncredited deposit,App Store,11750539058,App Store,12901670031
FEE_PRICING,Terms,PROVISIONAL_SPARSE,Costs or financing terms create an unmet need or complaint,Interest fee level fee clarity or pricing conditions,Low fees mentioned only as praise or backdrop to another failure,Google Play,646b0a5b-3f6c-4f89-9ce4-9f174e440c38,Google Play,8a6e6c41-9bfb-4a15-bbae-c2f83ead1bda
ACCOUNT_RECOVERY_PROFILE_CHANGE,Account maintenance,PROVISIONAL_SPARSE,Existing-account recovery or identity contact update is delayed or blocked,Phone change recovery identity update or rejection appeal,Initial registration KYC and ordinary existing-account login,Google Play,1b8d554a-8ac2-466c-9a62-48d2ceb8f9dc,Google Play,0965c4ed-df13-48d6-b0f0-8f5c739800da
SECURITY_ACCOUNT_PROTECTION,Account protection,PROVISIONAL_SPARSE,Reported security or protection design creates a distinct user concern,Explicit concern about paid security or protection constraints,OTP delivery fault without a security-design concern,Google Play,c6eae58a-de68-4a0d-add8-231850981783,Google Play,b431f770-1878-4782-99ba-23a4eadeb8a8
NOTIFICATION_COMMUNICATION,Communications,PROVISIONAL_SPARSE,Expected transaction messages are late missing or disruptive,Delayed transaction email or an explicit communication failure,A routine email received as expected or merely slow market prices,App Store,12388866897,Google Play,5d89ab13-4007-48a8-8e02-6279e531d636
MARKET_RESEARCH_RECOMMENDATION_UTILITY,Information,PROVISIONAL_SPARSE,User questions usefulness of market analysis or research,Explicit complaint about research content utility,Price feed lag or market movement alone as proof of an error,App Store,13446154783,App Store,12901670031
EXCESSIVE_DATA_CONSUMPTION,Device resources,PROVISIONAL_SPARSE,App usage consumes unexpectedly large mobile data according to user,Concrete mobile data usage per app launch,Slow loading with no reported data consumption,App Store,12492849736,Google Play,ab61f02f-ef5c-4420-988e-1df2def70c5f
