"journey_id","journey_name","definition","include_when","exclude_when","typical_user_goal","common_confusions","example_incident_ids","status","notes"
"ACCOUNT_OPENING_KYC","Account Opening / KYC","First-time account creation and initial identity verification for a new user.","The incident describes creating a new account, initial face/biometric/video verification, initial digital signature for account activation, or initial CCCD submission for a new account.","The incident describes updating an existing account profile (phone, CCCD), recovering access after lockout, or routine login. These belong to ACCOUNT_PROFILE_MAINTENANCE or LOGIN_AUTHENTICATION.","Open a new TCInvest account and complete identity verification.","ACCOUNT_PROFILE_MAINTENANCE (updating existing account info); LOGIN_AUTHENTICATION (routine login after account exists).","Google_Play-0965c4ed-df13-48d6-b0f0-8f5c739800da-01;Google_Play-e7a9cf27-0878-42f7-8972-3a2542c2af3f-01;App_Store-12795601247-01","CANDIDATE","Supported by 9 Phase B incidents. Initial KYC only; existing-account identity updates belong to ACCOUNT_PROFILE_MAINTENANCE."
"ACCOUNT_PROFILE_MAINTENANCE","Account Profile Maintenance","Updating or maintaining an existing account profile, including contact information changes, identity document updates, account recovery after lockout, and preference settings.","The incident describes changing phone number, updating CCCD on an existing account, recovering access after losing a phone or being locked out, saving widget/preference settings, or post-registration digital signature tasks.","The incident describes initial account creation or routine login. These belong to ACCOUNT_OPENING_KYC or LOGIN_AUTHENTICATION.","Update personal information or recover access to an existing account.","ACCOUNT_OPENING_KYC (first-time setup); LOGIN_AUTHENTICATION (routine login).","Google_Play-1b8d554a-8ac2-466c-9a62-48d2ceb8f9dc-01;App_Store-13177936096-01;App_Store-13628052342-01;Google_Play-f93f9a8e-c094-4ceb-8268-f4ba73dbb18c-01","CANDIDATE","New stage added based on 7 Phase B incidents (5 ACCOUNT_RECOVERY_PROFILE_CHANGE + 1 ONBOARDING_KYC + 1 UX_NAVIGATION_COMPLEXITY). Supported by repeated evidence of existing-account profile update friction."
"LOGIN_AUTHENTICATION","Login / Authentication","Routine access to an existing account via password, OTP, iOTP, biometric, or device authorization.","The incident describes failed login, missing iOTP, biometric login failure, device authorization failure, or session management issues for an existing account.","The incident describes initial KYC face verification for registration (ACCOUNT_OPENING_KYC) or account recovery after lockout (ACCOUNT_PROFILE_MAINTENANCE).","Log in to an existing TCInvest account.","ACCOUNT_OPENING_KYC (initial biometric registration); ACCOUNT_PROFILE_MAINTENANCE (recovery after lockout).","Google_Play-ade96f2c-c95d-4486-8c9b-17394d3bd7e7-01;Google_Play-b431f770-1878-4782-99ba-23a4eadeb8a8-01;App_Store-12387003343-01","CANDIDATE","Supported by 9 Phase B incidents. Existing-account login and OTP only; distinguish initial KYC."
"FUNDING_CASH_TRANSFER","Funding / Cash Transfer","Moving funds into or out of the TCInvest account, including deposits, withdrawals, bank linking, and fund availability.","The incident describes uncredited deposit, blocked withdrawal, failed bank linking, delayed fund availability, or fund validation issues.","The incident describes a display-only balance issue without confirmed movement failure (PORTFOLIO_TRACKING) or a fee complaint without a movement failure.","Deposit, withdraw, or transfer funds.","PORTFOLIO_TRACKING (display-only balance issues); FEE_PRICING (fee complaints without movement failure).","Google_Play-c06ce68c-7cf1-42e5-b2f7-5deb78d724b4-01;Google_Play-89c58827-2128-479a-bdfa-12cb8375f846-01;App_Store-13013318242-02","CANDIDATE","Supported by 16 Phase B incidents. Deposit and withdrawal combined because Phase B evidence does not support splitting. Strawman proposed FUNDING and WITHDRAWAL as separate stages; combined here pending further evidence."
"TRADING_ORDER_MANAGEMENT","Trading / Order Management","Placing, modifying, cancelling, confirming, or executing an order, including order-entry context and order status.","The incident describes inability to place/sell/cancel/modify an order, wrong order input, missing order-entry price/quantity context, or order status issues.","The incident describes a generic app freeze without stated order impact (GENERAL_CROSS_JOURNEY) or viewing holdings without order placement (PORTFOLIO_TRACKING).","Place or manage a stock order.","PORTFOLIO_TRACKING (viewing holdings); PRODUCT_DISCOVERY_MARKET_DATA (researching before trading); GENERAL_CROSS_JOURNEY (app-wide performance issues).","Google_Play-ab2dfff3-3256-4426-bcff-90608588dd94-01;App_Store-12092046546-01;App_Store-13630920900-01","CANDIDATE","Supported by 18 Phase B incidents. Order-specific inability and missing order-entry context; not generic UI discomfort."
"PORTFOLIO_TRACKING","Portfolio Tracking","Viewing own holdings, balances, profit/loss, or chart state for the user portfolio.","The incident describes missing portfolio P&L, missing balance display, unsaved chart settings, or display-only balance issues without confirmed movement failure.","The incident describes a confirmed deposit/withdrawal failure (FUNDING_CASH_TRANSFER) or price-board quote freshness (PRODUCT_DISCOVERY_MARKET_DATA).","View and analyze own portfolio.","FUNDING_CASH_TRANSFER (confirmed movement failure); PRODUCT_DISCOVERY_MARKET_DATA (market data, not own holdings).","App_Store-11750539058-01;Google_Play-8a6e6c41-9bfb-4a15-bbae-c2f83ead1bda-02;Google_Play-1eb01879-8d2e-41ce-a4b4-1dfd9c6ffd53-03","CANDIDATE","Supported by 8 Phase B incidents. Display-only issues; do not infer failed transfers."
"PRODUCT_DISCOVERY_MARKET_DATA","Product Discovery / Market Data","Finding, researching, or monitoring stocks, market data, price boards, and investment research content.","The incident describes missing or stale price board data, stock screening/search issues, chart indicator issues, or research content quality.","The incident describes viewing own holdings (PORTFOLIO_TRACKING) or placing an order (TRADING_ORDER_MANAGEMENT).","Discover and research investment opportunities.","PORTFOLIO_TRACKING (own holdings); TRADING_ORDER_MANAGEMENT (order placement).","Google_Play-44d2d1dd-47b3-4af1-89c4-476dd62e4079-01;App_Store-12901670031-04;App_Store-13446154783-03","CANDIDATE","Supported by 14 Phase B incidents. Market data and research; not own portfolio."
"CUSTOMER_SUPPORT","Customer Support","The incident is about the support interaction itself: reachability, response time, answer quality, or AI assistant behavior.","The incident describes inability to reach support, slow or scripted responses, irrelevant answers, or AI assistant quality issues.","The incident describes an underlying product failure with support only mentioned as context. Preserve the underlying product journey as primary.","Obtain timely, useful help from support.","Any underlying product journey (FUNDING, TRADING, etc.) when support is mentioned but the failure is elsewhere.","Google_Play-028fcd26-9ed7-4edb-a256-5d54363dfa43-01;App_Store-12387003343-02;App_Store-13013318242-03","CANDIDATE","Supported by 9 Phase B incidents. Support interaction only; do not collapse with underlying product failure."
"GENERAL_CROSS_JOURNEY","General / Cross-Journey","The issue genuinely affects multiple journey stages or the whole app, such as app-wide performance, overall UI complexity, or device-level issues.","The incident describes app-wide lag/freeze/crash, overall UI complexity that affects multiple tasks, device-specific issues (tablet, mobile data), or general praise/feature requests not tied to a specific journey.","The incident can be located in a specific journey stage. Do not use CROSS_JOURNEY merely because a review is vague.","Use the app generally across multiple tasks.","UNKNOWN (insufficient evidence to locate); specific journey stages when the failure is actually localized.","Google_Play-e24f9216-51cf-4eb1-86b7-ed37ea9d208d-01;Google_Play-2d0a8c38-c9a5-4339-ae6c-a5bdad354b60-01;Google_Play-6638c299-2864-4386-837e-41064b75be48-01","CANDIDATE","Supported by 53 Phase B incidents (largest category). Includes app-wide performance, UX complexity, praise, and device-level issues. 3 UNCLEAR theme incidents recoded to UNKNOWN."
"OTHER","Other","A clear journey exists conceptually but does not fit any current model stage.","The incident describes a real experience problem that cannot be located in any defined journey stage but the journey is conceptually identifiable.","The incident can be located in a defined journey stage, or the evidence is insufficient (use UNKNOWN instead).","Not applicable; used as a catch-all for unmodeled journey locations.","UNKNOWN (insufficient evidence); GENERAL_CROSS_JOURNEY (app-wide issues).","","CANDIDATE","No Phase B incidents remain in this category after recoding. Retained as a safety valve for future evidence."
"UNKNOWN","Unknown","Review evidence is insufficient to locate the incident in any journey stage.","The incident has insufficient evidence to determine a journey location, or the review text is too vague/short to classify.","The incident can be located in a defined journey stage, even if the pain-point family is unclear.","Not applicable; used when journey cannot be determined.","OTHER (journey exists but unmodeled); GENERAL_CROSS_JOURNEY (app-wide but locatable).","Google_Play-01c61fdf-61e9-4a21-9167-382c2205e006-01;Google_Play-b5161b29-c1a7-41da-b77f-d8fd16a97d00-01;App_Store-12004106819-01;App_Store-11801692398-01","CANDIDATE","4 Phase B incidents after recoding (3 UNCLEAR theme + 1 praise with no context). Do not use for vague reviews that can be located."
