source,review_id,incident_id,original_family,original_subtype,original_journey,original_severity,decision,final_family,final_subtype,final_journey,final_severity,new_theme_decision,reason
App Store,11801692398,App_Store-11801692398-01,,,UNKNOWN,NONE,KEEP,,,UNKNOWN,NONE,N/A,Single-word praise; insufficient evidence for journey location; LOW confidence appropriate.
Google Play,a6034dee-e8e0-402f-ac3b-e4cebefc1248,Google_Play-a6034dee-e8e0-402f-ac3b-e4cebefc1248-01,CUSTOMER_SUPPORT,,CUSTOMER_SUPPORT,MEDIUM,KEEP,CUSTOMER_SUPPORT,,CUSTOMER_SUPPORT,MEDIUM,N/A,Review/referral program non-payment is a support interaction; 'lừa đảo' is user perception not verified fraud.
App Store,11836640608,App_Store-11836640608-01,CUSTOMER_SUPPORT,,CUSTOMER_SUPPORT,MEDIUM,KEEP,CUSTOMER_SUPPORT,,CUSTOMER_SUPPORT,MEDIUM,N/A,Same review/referral program non-payment pattern; CUSTOMER_SUPPORT appropriate.
Google Play,cbbc87cf-77ee-4fec-931e-ea3e9a56ba2a,Google_Play-cbbc87cf-77ee-4fec-931e-ea3e9a56ba2a-01,OTHER,,UNKNOWN,LOW,KEEP,OTHER,,UNKNOWN,LOW,N/A,Single-word 'Tệ' with no specific issue; UNCLEAR/OTHER/UNKNOWN is correct.
Google Play,e3f5cf46-2491-45ef-9268-c516fff48ea3,Google_Play-e3f5cf46-2491-45ef-9268-c516fff48ea3-01,CUSTOMER_SUPPORT,,CUSTOMER_SUPPORT,MEDIUM,KEEP,CUSTOMER_SUPPORT,,CUSTOMER_SUPPORT,MEDIUM,N/A,Review/referral program non-payment; CUSTOMER_SUPPORT appropriate.
Google Play,4277ac82-b4c7-48b8-a1c3-18f4164e9ff0,Google_Play-4277ac82-b4c7-48b8-a1c3-18f4164e9ff0-01,CUSTOMER_SUPPORT,,CUSTOMER_SUPPORT,HIGH,KEEP,CUSTOMER_SUPPORT,,CUSTOMER_SUPPORT,HIGH,N/A,iChat locked without reason is a support access issue; HIGH severity appropriate for account access block.
Google Play,20eca2ba-c0a0-449e-ba64-0e62611515ff,Google_Play-20eca2ba-c0a0-449e-ba64-0e62611515ff-01,CUSTOMER_SUPPORT,,CUSTOMER_SUPPORT,MEDIUM,KEEP,CUSTOMER_SUPPORT,,CUSTOMER_SUPPORT,MEDIUM,N/A,Vague policy complaint; CUSTOMER_SUPPORT is reasonable; LOW confidence reflects vagueness.
Google Play,de1bacde-5a2d-4fa0-a39c-2f1c03f716cd,Google_Play-de1bacde-5a2d-4fa0-a39c-2f1c03f716cd-01,NOTIFICATION_COMMUNICATION,,CUSTOMER_SUPPORT,MEDIUM,RECODE_JOURNEY,NOTIFICATION_COMMUNICATION,,GENERAL_CROSS_JOURNEY,MEDIUM,N/A,"Unwanted phone calls are a communication issue, not a support interaction; recode journey to GENERAL_CROSS_JOURNEY."
Google Play,6025ead0-ff94-4e25-a54e-954e4535bed5,Google_Play-6025ead0-ff94-4e25-a54e-954e4535bed5-01,PERFORMANCE_RELIABILITY,,GENERAL_CROSS_JOURNEY,MEDIUM,KEEP,PERFORMANCE_RELIABILITY,,GENERAL_CROSS_JOURNEY,MEDIUM,N/A,Vague performance complaint; PERFORMANCE_RELIABILITY/GENERAL_CROSS_JOURNEY appropriate.
App Store,12004038909,App_Store-12004038909-01,PERFORMANCE_RELIABILITY,,GENERAL_CROSS_JOURNEY,MEDIUM,KEEP,PERFORMANCE_RELIABILITY,,GENERAL_CROSS_JOURNEY,MEDIUM,N/A,Vague performance complaint; PERFORMANCE_RELIABILITY/GENERAL_CROSS_JOURNEY appropriate.
App Store,12166129599,App_Store-12166129599-01,DEPOSIT_WITHDRAWAL_TRANSFER,,FUNDING_CASH_TRANSFER,HIGH,KEEP,DEPOSIT_WITHDRAWAL_TRANSFER,,FUNDING_CASH_TRANSFER,HIGH,N/A,Money held after transfer is DEPOSIT_WITHDRAWAL_TRANSFER; 'lừa đảo' is user perception.
App Store,12166276133,App_Store-12166276133-01,OTHER,,UNKNOWN,LOW,KEEP,OTHER,,UNKNOWN,LOW,N/A,Vague insult with no specific issue; UNCLEAR appropriate.
Google Play,bd974c97-210a-4d21-b82a-061dcf6f9d90,Google_Play-bd974c97-210a-4d21-b82a-061dcf6f9d90-01,OTHER,,UNKNOWN,LOW,KEEP,OTHER,,UNKNOWN,LOW,N/A,Mixed/confusing text with no clear issue; UNCLEAR appropriate.
Google Play,361acf1b-88b1-48b5-bddc-8ad9f98e0eca,Google_Play-361acf1b-88b1-48b5-bddc-8ad9f98e0eca-01,UX_NAVIGATION_COMPLEXITY,,GENERAL_CROSS_JOURNEY,MEDIUM,KEEP,UX_NAVIGATION_COMPLEXITY,,GENERAL_CROSS_JOURNEY,MEDIUM,N/A,Request to revert to old version implies new version UX is worse; borderline feature_request/friction; UX_NAVIGATION_COMPLEXITY acceptable.
Google Play,bafa4c19-4760-4299-b62a-867de951e07e,Google_Play-bafa4c19-4760-4299-b62a-867de951e07e-01,PERFORMANCE_RELIABILITY,,GENERAL_CROSS_JOURNEY,MEDIUM,KEEP,PERFORMANCE_RELIABILITY,,GENERAL_CROSS_JOURNEY,MEDIUM,N/A,Vague quality complaint about new version; PERFORMANCE_RELIABILITY acceptable as degradation could include performance.
Google Play,b688ac8c-082a-4976-8c70-99f9430abc75,Google_Play-b688ac8c-082a-4976-8c70-99f9430abc75-01,OTHER,,UNKNOWN,LOW,KEEP,OTHER,,UNKNOWN,LOW,N/A,Single-word 'Tệ' with no specific issue; UNCLEAR appropriate.
Google Play,01e975f4-5aa8-4faf-b486-40c742040df8,Google_Play-01e975f4-5aa8-4faf-b486-40c742040df8-01,PERFORMANCE_RELIABILITY,,GENERAL_CROSS_JOURNEY,MEDIUM,KEEP,PERFORMANCE_RELIABILITY,,GENERAL_CROSS_JOURNEY,MEDIUM,N/A,"New version slow, hard to follow; PERFORMANCE_RELIABILITY appropriate."
Google Play,4b3c680c-14f7-44c1-8af3-2e40c1b2080b,Google_Play-4b3c680c-14f7-44c1-8af3-2e40c1b2080b-01,SECURITY_ACCOUNT_PROTECTION,,LOGIN_AUTHENTICATION,HIGH,RECODE_JOURNEY,SECURITY_ACCOUNT_PROTECTION,,GENERAL_CROSS_JOURNEY,HIGH,N/A,"'Worst security app' is a general security perception, not a login-specific issue; recode journey to GENERAL_CROSS_JOURNEY."
Google Play,4b3c680c-14f7-44c1-8af3-2e40c1b2080b,Google_Play-4b3c680c-14f7-44c1-8af3-2e40c1b2080b-02,UX_NAVIGATION_COMPLEXITY,,GENERAL_CROSS_JOURNEY,MEDIUM,KEEP,UX_NAVIGATION_COMPLEXITY,,GENERAL_CROSS_JOURNEY,MEDIUM,N/A,UI/UX terrible with unnecessary features is UX_NAVIGATION_COMPLEXITY.
App Store,12356932020,App_Store-12356932020-01,OTHER,,UNKNOWN,MEDIUM,KEEP,OTHER,,UNKNOWN,MEDIUM,N/A,Vague warning with no specific issue; UNCLEAR appropriate.
App Store,12381075336,App_Store-12381075336-01,UX_NAVIGATION_COMPLEXITY,,GENERAL_CROSS_JOURNEY,MEDIUM,KEEP,UX_NAVIGATION_COMPLEXITY,,GENERAL_CROSS_JOURNEY,MEDIUM,N/A,New version worse than old; UX_NAVIGATION_COMPLEXITY acceptable.
Google Play,358c0507-777c-44ad-8896-175af5430bef,Google_Play-358c0507-777c-44ad-8896-175af5430bef-01,DEPOSIT_WITHDRAWAL_TRANSFER,,FUNDING_CASH_TRANSFER,HIGH,KEEP,DEPOSIT_WITHDRAWAL_TRANSFER,,FUNDING_CASH_TRANSFER,HIGH,N/A,Foreign investor deposit/withdrawal complexity; DEPOSIT_WITHDRAWAL_TRANSFER appropriate.
Google Play,91df02d7-4a22-4127-b7f6-dcafe29cf228,Google_Play-91df02d7-4a22-4127-b7f6-dcafe29cf228-01,OTHER,,UNKNOWN,LOW,KEEP,OTHER,,UNKNOWN,LOW,N/A,Unclear text 'Nhiêu đủ hiểu'; UNCLEAR appropriate.
Google Play,1fbfc074-a707-4bea-bc45-78e494045b90,Google_Play-1fbfc074-a707-4bea-bc45-78e494045b90-01,FEE_PRICING,,FUNDING_CASH_TRANSFER,HIGH,KEEP,FEE_PRICING,,FUNDING_CASH_TRANSFER,HIGH,N/A,Fee/charge after selling stocks; FEE_PRICING appropriate; 'ăn cắp' is user perception.
Google Play,ca0eb48c-8b0d-4c50-9638-b4ec1a4b3450,Google_Play-ca0eb48c-8b0d-4c50-9638-b4ec1a4b3450-01,OTHER,,UNKNOWN,LOW,KEEP,OTHER,,UNKNOWN,LOW,N/A,Single-word 'nice' with no specific content; UNCLEAR appropriate.
App Store,12434867625,App_Store-12434867625-01,OTHER,,UNKNOWN,LOW,KEEP,OTHER,,UNKNOWN,LOW,N/A,Vague 'Làm ăn ko ra gì'; UNCLEAR appropriate.
Google Play,0cb89c47-1f24-4236-8945-8b3ec3fa48c5,Google_Play-0cb89c47-1f24-4236-8945-8b3ec3fa48c5-01,DEPOSIT_WITHDRAWAL_TRANSFER,,FUNDING_CASH_TRANSFER,MEDIUM,KEEP,DEPOSIT_WITHDRAWAL_TRANSFER,,FUNDING_CASH_TRANSFER,MEDIUM,N/A,Withdrawal friction; DEPOSIT_WITHDRAWAL_TRANSFER appropriate.
Google Play,69e032e8-f43d-4833-8705-f22ecd0a5e13,Google_Play-69e032e8-f43d-4833-8705-f22ecd0a5e13-01,DIGITAL_SIGNATURE_FLOW,,ACCOUNT_OPENING_KYC,HIGH,RECODE_FAMILY,ONBOARDING_KYC,DIGITAL_SIGNATURE_CONTEXT,ACCOUNT_OPENING_KYC,HIGH,N/A,Digital signature flow failure per codebook is ONBOARDING_KYC candidate subtype; recode family from subtype-name to canonical family.
App Store,12518940042,App_Store-12518940042-01,FEE_PRICING,,FUNDING_CASH_TRANSFER,HIGH,KEEP,FEE_PRICING,,FUNDING_CASH_TRANSFER,HIGH,N/A,High interest rate auto-deducted; FEE_PRICING appropriate.
Google Play,73a77237-f86a-461e-8521-e5fa69cb0f09,Google_Play-73a77237-f86a-461e-8521-e5fa69cb0f09-01,UX_NAVIGATION_COMPLEXITY,,GENERAL_CROSS_JOURNEY,MEDIUM,KEEP,UX_NAVIGATION_COMPLEXITY,,GENERAL_CROSS_JOURNEY,MEDIUM,N/A,UX complaint; UX_NAVIGATION_COMPLEXITY appropriate.
App Store,12529231767,App_Store-12529231767-01,PERFORMANCE_RELIABILITY,,GENERAL_CROSS_JOURNEY,MEDIUM,KEEP,PERFORMANCE_RELIABILITY,,GENERAL_CROSS_JOURNEY,MEDIUM,N/A,App lag and stutter; PERFORMANCE_RELIABILITY appropriate.
App Store,12529231767,App_Store-12529231767-02,DEPOSIT_WITHDRAWAL_TRANSFER,,FUNDING_CASH_TRANSFER,HIGH,KEEP,DEPOSIT_WITHDRAWAL_TRANSFER,,FUNDING_CASH_TRANSFER,HIGH,N/A,Money held from investors; DEPOSIT_WITHDRAWAL_TRANSFER appropriate.
App Store,12530510462,App_Store-12530510462-01,DEPOSIT_WITHDRAWAL_TRANSFER,,FUNDING_CASH_TRANSFER,HIGH,KEEP,DEPOSIT_WITHDRAWAL_TRANSFER,,FUNDING_CASH_TRANSFER,HIGH,N/A,Money arrival slow; DEPOSIT_WITHDRAWAL_TRANSFER appropriate.
App Store,12530510462,App_Store-12530510462-02,UX_NAVIGATION_COMPLEXITY,,GENERAL_CROSS_JOURNEY,MEDIUM,KEEP,UX_NAVIGATION_COMPLEXITY,,GENERAL_CROSS_JOURNEY,MEDIUM,N/A,UI should learn from SSI; UX_NAVIGATION_COMPLEXITY appropriate.
App Store,12545090227,App_Store-12545090227-01,PERFORMANCE_RELIABILITY,,GENERAL_CROSS_JOURNEY,MEDIUM,KEEP,PERFORMANCE_RELIABILITY,,GENERAL_CROSS_JOURNEY,MEDIUM,N/A,Frequent errors; PERFORMANCE_RELIABILITY appropriate.
App Store,12545090227,App_Store-12545090227-02,AI_SUPPORT_CONTEXT_QUALITY,,CUSTOMER_SUPPORT,HIGH,KEEP,AI_SUPPORT_CONTEXT_QUALITY,,CUSTOMER_SUPPORT,HIGH,N/A,"Phone only reaches robot, Zalo/Mess unanswered; AI_SUPPORT_CONTEXT_QUALITY appropriate."
App Store,12545090227,App_Store-12545090227-03,PRODUCT_PORTFOLIO_INFORMATION,,PORTFOLIO_TRACKING,HIGH,RECODE_FAMILY,PORTFOLIO_ACCOUNT_INFORMATION,,PORTFOLIO_TRACKING,HIGH,N/A,'Số dư tài khoản mất' is account balance display issue; recode from broad PRODUCT_PORTFOLIO_INFORMATION to canonical PORTFOLIO_ACCOUNT_INFORMATION per codebook.
App Store,12617407260,App_Store-12617407260-01,OTHER,,UNKNOWN,LOW,KEEP,OTHER,,UNKNOWN,LOW,N/A,Vague insult 'app ngôn lù'; UNCLEAR appropriate.
App Store,12683550678,App_Store-12683550678-01,ONBOARDING_KYC,,ACCOUNT_OPENING_KYC,HIGH,KEEP,ONBOARDING_KYC,,ACCOUNT_OPENING_KYC,HIGH,N/A,CCCD verification app errors; ONBOARDING_KYC appropriate.
App Store,12683550678,App_Store-12683550678-02,DEPOSIT_WITHDRAWAL_TRANSFER,,FUNDING_CASH_TRANSFER,MEDIUM,KEEP,DEPOSIT_WITHDRAWAL_TRANSFER,,FUNDING_CASH_TRANSFER,MEDIUM,N/A,Withdrawal mentioned; DEPOSIT_WITHDRAWAL_TRANSFER appropriate despite ambiguous phrasing.
App Store,12683550678,App_Store-12683550678-03,UX_NAVIGATION_COMPLEXITY,,GENERAL_CROSS_JOURNEY,MEDIUM,KEEP,UX_NAVIGATION_COMPLEXITY,,GENERAL_CROSS_JOURNEY,MEDIUM,N/A,'App rất rối' is UX complaint; UX_NAVIGATION_COMPLEXITY appropriate.
Google Play,39b03a78-64a0-478d-b52f-6a5272d179c3,Google_Play-39b03a78-64a0-478d-b52f-6a5272d179c3-01,OTHER,,UNKNOWN,LOW,KEEP,OTHER,,UNKNOWN,LOW,N/A,Vague 'lỗi 23/5/25' with no specific issue; UNCLEAR appropriate.
Google Play,c61b6588-4baa-4af9-aab9-46fb38bcaa87,Google_Play-c61b6588-4baa-4af9-aab9-46fb38bcaa87-01,SECURITY_ACCOUNT_PROTECTION,,CUSTOMER_SUPPORT,MEDIUM,RECODE_JOURNEY,SECURITY_ACCOUNT_PROTECTION,,GENERAL_CROSS_JOURNEY,MEDIUM,N/A,Data leak concern causing unsolicited calls is not a support interaction; recode journey to GENERAL_CROSS_JOURNEY.
Google Play,46fa6425-0a0f-4955-adfb-882bf8b4a5b5,Google_Play-46fa6425-0a0f-4955-adfb-882bf8b4a5b5-01,AUTHENTICATION_IOTP,,LOGIN_AUTHENTICATION,HIGH,KEEP,AUTHENTICATION_IOTP,,LOGIN_AUTHENTICATION,HIGH,N/A,OTP issue on app reinstall; AUTHENTICATION_IOTP appropriate.
App Store,12850138790,App_Store-12850138790-01,CUSTOMER_SUPPORT,,CUSTOMER_SUPPORT,MEDIUM,KEEP,CUSTOMER_SUPPORT,,CUSTOMER_SUPPORT,MEDIUM,N/A,Support slow issue handling; CUSTOMER_SUPPORT appropriate.
App Store,12889467768,App_Store-12889467768-01,PERFORMANCE_RELIABILITY,,GENERAL_CROSS_JOURNEY,MEDIUM,KEEP,PERFORMANCE_RELIABILITY,,GENERAL_CROSS_JOURNEY,MEDIUM,N/A,Vague 'Hay bị lỗi'; PERFORMANCE_RELIABILITY appropriate.
App Store,12917524601,App_Store-12917524601-01,UX_NAVIGATION_COMPLEXITY,,GENERAL_CROSS_JOURNEY,MEDIUM,KEEP,UX_NAVIGATION_COMPLEXITY,,GENERAL_CROSS_JOURNEY,MEDIUM,N/A,'Khó dùng' is UX complaint; UX_NAVIGATION_COMPLEXITY appropriate.
Google Play,9711f697-5d2f-4fcd-9813-75b1260ae8ce,Google_Play-9711f697-5d2f-4fcd-9813-75b1260ae8ce-01,MARKET_DATA_STALENESS_ACCURACY,,PRODUCT_DISCOVERY_MARKET_DATA,MEDIUM,RECODE_FAMILY,MARKET_DATA_INFORMATION,,PRODUCT_DISCOVERY_MARKET_DATA,MEDIUM,N/A,'Thông tin sai lệch' is market data staleness/accuracy; recode from subtype-name MARKET_DATA_STALENESS_ACCURACY to canonical MARKET_DATA_INFORMATION family per codebook.
Google Play,9711f697-5d2f-4fcd-9813-75b1260ae8ce,Google_Play-9711f697-5d2f-4fcd-9813-75b1260ae8ce-02,CUSTOMER_SUPPORT,,CUSTOMER_SUPPORT,MEDIUM,KEEP,CUSTOMER_SUPPORT,,CUSTOMER_SUPPORT,MEDIUM,N/A,Support unreachable; CUSTOMER_SUPPORT appropriate.
Google Play,b8566b33-1451-4fbc-8976-a687b982c667,Google_Play-b8566b33-1451-4fbc-8976-a687b982c667-01,PERFORMANCE_RELIABILITY,,GENERAL_CROSS_JOURNEY,MEDIUM,KEEP,PERFORMANCE_RELIABILITY,,GENERAL_CROSS_JOURNEY,MEDIUM,N/A,'Toàn lỗi' is performance complaint; PERFORMANCE_RELIABILITY appropriate.
Google Play,cd1b84a1-3d05-4f5c-953e-a15f48882c84,Google_Play-cd1b84a1-3d05-4f5c-953e-a15f48882c84-01,PERFORMANCE_RELIABILITY,,GENERAL_CROSS_JOURNEY,MEDIUM,KEEP,PERFORMANCE_RELIABILITY,,GENERAL_CROSS_JOURNEY,MEDIUM,N/A,Frequent serious errors; PERFORMANCE_RELIABILITY appropriate.
App Store,12957364236,App_Store-12957364236-01,PERFORMANCE_RELIABILITY,,GENERAL_CROSS_JOURNEY,MEDIUM,KEEP,PERFORMANCE_RELIABILITY,,GENERAL_CROSS_JOURNEY,MEDIUM,N/A,'App nhiều lỗi'; PERFORMANCE_RELIABILITY appropriate.
App Store,12964759767,App_Store-12964759767-01,PERFORMANCE_RELIABILITY,,GENERAL_CROSS_JOURNEY,MEDIUM,KEEP,PERFORMANCE_RELIABILITY,,GENERAL_CROSS_JOURNEY,MEDIUM,N/A,'App gì mà lag lộn lên'; PERFORMANCE_RELIABILITY appropriate.
Google Play,83ed0e5c-2150-41dc-b3fd-c90abf0cb2b5,Google_Play-83ed0e5c-2150-41dc-b3fd-c90abf0cb2b5-01,OTHER,,GENERAL_CROSS_JOURNEY,MEDIUM,KEEP,OTHER,,GENERAL_CROSS_JOURNEY,MEDIUM,N/A,Vague 'app quá tệ' with no specific issue; OTHER acceptable for general negative.
Google Play,50a1fcce-0d4d-4327-a298-5625037db0c6,Google_Play-50a1fcce-0d4d-4327-a298-5625037db0c6-01,UX_NAVIGATION_COMPLEXITY,,GENERAL_CROSS_JOURNEY,MEDIUM,KEEP,UX_NAVIGATION_COMPLEXITY,,GENERAL_CROSS_JOURNEY,MEDIUM,N/A,"UI and staff behavior both criticized; UX captures UI, staff behavior is secondary context."
App Store,13030216864,App_Store-13030216864-01,OTHER,,GENERAL_CROSS_JOURNEY,LOW,UNCLEAR,OTHER,,GENERAL_CROSS_JOURNEY,LOW,UNCLEAR,Feature request to disable 'Cá mập thông thái' is unclear; insufficient evidence about what this feature is or its impact.
Google Play,28fbcc6b-2251-4028-bdb3-09111f7c0258,Google_Play-28fbcc6b-2251-4028-bdb3-09111f7c0258-01,PERFORMANCE_RELIABILITY,,GENERAL_CROSS_JOURNEY,MEDIUM,KEEP,PERFORMANCE_RELIABILITY,,GENERAL_CROSS_JOURNEY,MEDIUM,N/A,App loads nothing; PERFORMANCE_RELIABILITY appropriate.
App Store,13112614932,App_Store-13112614932-01,UX_NAVIGATION_COMPLEXITY,,GENERAL_CROSS_JOURNEY,MEDIUM,KEEP,UX_NAVIGATION_COMPLEXITY,,GENERAL_CROSS_JOURNEY,MEDIUM,N/A,'Không thể hiểu dc cách sử dụng app'; UX_NAVIGATION_COMPLEXITY appropriate.
Google Play,abd0bdab-c53b-4138-adfa-4b4f95d9a19b,Google_Play-abd0bdab-c53b-4138-adfa-4b4f95d9a19b-01,AUTHENTICATION_IOTP,,LOGIN_AUTHENTICATION,HIGH,KEEP,AUTHENTICATION_IOTP,,LOGIN_AUTHENTICATION,HIGH,N/A,Face verification issue; AUTHENTICATION_IOTP appropriate.
Google Play,e17a1244-02e2-46a7-b4e8-ef5e21919c2c,Google_Play-e17a1244-02e2-46a7-b4e8-ef5e21919c2c-01,PERFORMANCE_RELIABILITY,,GENERAL_CROSS_JOURNEY,MEDIUM,KEEP,PERFORMANCE_RELIABILITY,,GENERAL_CROSS_JOURNEY,MEDIUM,N/A,'Ko vào dc' is performance/access issue; PERFORMANCE_RELIABILITY appropriate.
Google Play,f1abd52a-0825-4c19-98ca-a772b551d34a,Google_Play-f1abd52a-0825-4c19-98ca-a772b551d34a-01,UX_NAVIGATION_COMPLEXITY,,GENERAL_CROSS_JOURNEY,MEDIUM,KEEP,UX_NAVIGATION_COMPLEXITY,,GENERAL_CROSS_JOURNEY,MEDIUM,N/A,'Nhiều chức năng nhưng khó dùng' is UX complaint; UX_NAVIGATION_COMPLEXITY appropriate.
App Store,13172558353,App_Store-13172558353-01,AI_SUPPORT_CONTEXT_QUALITY,,CUSTOMER_SUPPORT,HIGH,KEEP,AI_SUPPORT_CONTEXT_QUALITY,,CUSTOMER_SUPPORT,HIGH,N/A,AI support unhelpful; AI_SUPPORT_CONTEXT_QUALITY appropriate.
App Store,13172558353,App_Store-13172558353-02,FEE_PRICING,,FUNDING_CASH_TRANSFER,HIGH,KEEP,FEE_PRICING,,FUNDING_CASH_TRANSFER,HIGH,N/A,Overnight fee charges perceived as fraud; FEE_PRICING appropriate; 'lừa đảo gian dối' is user perception.
Google Play,6d68116a-74e9-4e8e-be7c-43b6078415c3,Google_Play-6d68116a-74e9-4e8e-be7c-43b6078415c3-01,OTHER,,GENERAL_CROSS_JOURNEY,MEDIUM,KEEP,OTHER,,GENERAL_CROSS_JOURNEY,MEDIUM,N/A,Vague criticism of app/web quality; OTHER acceptable.
Google Play,7a5988b3-cc5f-4f88-b009-631bee990259,Google_Play-7a5988b3-cc5f-4f88-b009-631bee990259-01,PERFORMANCE_RELIABILITY,,GENERAL_CROSS_JOURNEY,MEDIUM,KEEP,PERFORMANCE_RELIABILITY,,GENERAL_CROSS_JOURNEY,MEDIUM,N/A,Vague error report; PERFORMANCE_RELIABILITY appropriate.
App Store,13416185136,App_Store-13416185136-01,OTHER,,UNKNOWN,MEDIUM,KEEP,OTHER,,UNKNOWN,MEDIUM,N/A,Vague fraud warning; UNCLEAR appropriate.
App Store,13476352525,App_Store-13476352525-01,TRADING_ORDER_EXECUTION,,TRADING_ORDER_MANAGEMENT,HIGH,KEEP,TRADING_ORDER_EXECUTION,,TRADING_ORDER_MANAGEMENT,HIGH,N/A,Can't sell when needed; TRADING_ORDER_EXECUTION appropriate.
App Store,13476352525,App_Store-13476352525-02,NOTIFICATION_COMMUNICATION,,FUNDING_CASH_TRANSFER,MEDIUM,RECODE_FAMILY,FEE_PRICING,,FUNDING_CASH_TRANSFER,MEDIUM,N/A,'Trừ tiền ko minh bạch' is fee transparency issue; recode from NOTIFICATION_COMMUNICATION to FEE_PRICING per codebook 'fee clarity'.
App Store,13476352525,App_Store-13476352525-03,AI_SUPPORT_CONTEXT_QUALITY,,CUSTOMER_SUPPORT,HIGH,KEEP,AI_SUPPORT_CONTEXT_QUALITY,,CUSTOMER_SUPPORT,HIGH,N/A,AI support on phone and chat; AI_SUPPORT_CONTEXT_QUALITY appropriate.
App Store,13572114993,App_Store-13572114993-01,DEPOSIT_WITHDRAWAL_TRANSFER,,FUNDING_CASH_TRANSFER,MEDIUM,KEEP,DEPOSIT_WITHDRAWAL_TRANSFER,,FUNDING_CASH_TRANSFER,MEDIUM,N/A,Deposit verification too strict; DEPOSIT_WITHDRAWAL_TRANSFER appropriate.
Google Play,547f969e-0676-4e7d-a158-d1c32569d075,Google_Play-547f969e-0676-4e7d-a158-d1c32569d075-01,TRADING_ORDER_EXECUTION,,TRADING_ORDER_MANAGEMENT,HIGH,KEEP,TRADING_ORDER_EXECUTION,,TRADING_ORDER_MANAGEMENT,HIGH,N/A,Customer lost money; TRADING_ORDER_EXECUTION reasonable; MEDIUM confidence reflects vagueness.
Google Play,29e01899-efa2-4546-8421-6b2abf4bf775,Google_Play-29e01899-efa2-4546-8421-6b2abf4bf775-01,TRADING_ORDER_EXECUTION,,TRADING_ORDER_MANAGEMENT,HIGH,KEEP,TRADING_ORDER_EXECUTION,,TRADING_ORDER_MANAGEMENT,HIGH,N/A,Can't place/cancel orders; TRADING_ORDER_EXECUTION appropriate.
Google Play,29e01899-efa2-4546-8421-6b2abf4bf775,Google_Play-29e01899-efa2-4546-8421-6b2abf4bf775-02,CUSTOMER_SUPPORT,,CUSTOMER_SUPPORT,HIGH,KEEP,CUSTOMER_SUPPORT,,CUSTOMER_SUPPORT,HIGH,N/A,No support for error handling; CUSTOMER_SUPPORT appropriate.
Google Play,29e01899-efa2-4546-8421-6b2abf4bf775,Google_Play-29e01899-efa2-4546-8421-6b2abf4bf775-03,FEE_PRICING,,FUNDING_CASH_TRANSFER,HIGH,KEEP,FEE_PRICING,,FUNDING_CASH_TRANSFER,HIGH,N/A,High margin rate; FEE_PRICING appropriate.
Google Play,6e30c2fa-02e6-43ad-818c-1dae839ff8d8,Google_Play-6e30c2fa-02e6-43ad-818c-1dae839ff8d8-01,OTHER,,UNKNOWN,LOW,KEEP,OTHER,,UNKNOWN,LOW,N/A,Single-word 'Tệ'; UNCLEAR appropriate.
Google Play,a8c833fb-d991-4ed4-8ec3-eac4602bb61f,Google_Play-a8c833fb-d991-4ed4-8ec3-eac4602bb61f-01,OTHER,,UNKNOWN,LOW,KEEP,OTHER,,UNKNOWN,LOW,N/A,Vague staff criticism; UNCLEAR appropriate.
App Store,13703439891,App_Store-13703439891-01,ONBOARDING_KYC,,ACCOUNT_OPENING_KYC,MEDIUM,KEEP,ONBOARDING_KYC,,ACCOUNT_OPENING_KYC,MEDIUM,N/A,Verification time too long; ONBOARDING_KYC appropriate.
App Store,13729660566,App_Store-13729660566-01,OTHER,,GENERAL_CROSS_JOURNEY,MEDIUM,KEEP,OTHER,,GENERAL_CROSS_JOURNEY,MEDIUM,N/A,Vague negative experience; OTHER acceptable.
App Store,13732547803,App_Store-13732547803-01,UX_NAVIGATION_COMPLEXITY,,TRADING_ORDER_MANAGEMENT,MEDIUM,KEEP,UX_NAVIGATION_COMPLEXITY,,TRADING_ORDER_MANAGEMENT,MEDIUM,N/A,Trading UI design bad; UX_NAVIGATION_COMPLEXITY with TRADING journey appropriate.
Google Play,62c0e271-0108-42d1-b984-d8d269e8da8c,Google_Play-62c0e271-0108-42d1-b984-d8d269e8da8c-01,OTHER,,GENERAL_CROSS_JOURNEY,MEDIUM,KEEP,OTHER,,GENERAL_CROSS_JOURNEY,MEDIUM,N/A,Vague 'app siêu tệ'; OTHER acceptable.
App Store,13785950483,App_Store-13785950483-01,OTHER,,ACCOUNT_OPENING_KYC,MEDIUM,RECODE_FAMILY,ONBOARDING_KYC,,ACCOUNT_OPENING_KYC,MEDIUM,RECLASSIFIED_TO_EXISTING,Forced account linking during onboarding fits ONBOARDING_KYC; recode from OTHER to canonical family.
Google Play,13e0c0e6-6e6c-4bdb-b12e-8fedf3068801,Google_Play-13e0c0e6-6e6c-4bdb-b12e-8fedf3068801-01,ONBOARDING_KYC,,ACCOUNT_OPENING_KYC,MEDIUM,KEEP,ONBOARDING_KYC,,ACCOUNT_OPENING_KYC,MEDIUM,N/A,Registration slow; ONBOARDING_KYC appropriate.
App Store,13790529670,App_Store-13790529670-01,OTHER,,CUSTOMER_SUPPORT,MEDIUM,RECODE_FAMILY,NOTIFICATION_COMMUNICATION,,CUSTOMER_SUPPORT,MEDIUM,RECLASSIFIED_TO_EXISTING,Gamification/promotion with 26 lucky bags of greetings is excessive promotional content; recode from OTHER to NOTIFICATION_COMMUNICATION.
Google Play,eddf39d9-bd84-4593-8b55-0d8756ca835e,Google_Play-eddf39d9-bd84-4593-8b55-0d8756ca835e-01,OTHER,,UNKNOWN,LOW,KEEP,OTHER,,UNKNOWN,LOW,N/A,Vague insult 'ap lỏ vl'; UNCLEAR appropriate.
Google Play,d8a64903-58c4-4159-884f-be5a0131e94f,Google_Play-d8a64903-58c4-4159-884f-be5a0131e94f-01,OTHER,,UNKNOWN,LOW,KEEP,OTHER,,UNKNOWN,LOW,N/A,Vague service criticism; UNCLEAR appropriate.
App Store,13867043839,App_Store-13867043839-01,OTHER,,GENERAL_CROSS_JOURNEY,MEDIUM,KEEP,OTHER,,GENERAL_CROSS_JOURNEY,MEDIUM,N/A,Vague slow processing; OTHER acceptable.
Google Play,419c55b8-4ad2-4635-86f5-ae0c0f00c000,Google_Play-419c55b8-4ad2-4635-86f5-ae0c0f00c000-01,PERFORMANCE_RELIABILITY,,GENERAL_CROSS_JOURNEY,MEDIUM,KEEP,PERFORMANCE_RELIABILITY,,GENERAL_CROSS_JOURNEY,MEDIUM,N/A,Too many errors; PERFORMANCE_RELIABILITY appropriate.
Google Play,03428347-9975-4510-a132-6bdefbeee40f,Google_Play-03428347-9975-4510-a132-6bdefbeee40f-01,PERFORMANCE_RELIABILITY,,GENERAL_CROSS_JOURNEY,MEDIUM,KEEP,PERFORMANCE_RELIABILITY,,GENERAL_CROSS_JOURNEY,MEDIUM,N/A,IT team management poor; PERFORMANCE_RELIABILITY appropriate.
App Store,13994219702,App_Store-13994219702-01,CUSTOMER_SUPPORT,,CUSTOMER_SUPPORT,MEDIUM,KEEP,CUSTOMER_SUPPORT,,CUSTOMER_SUPPORT,MEDIUM,N/A,Advisory/contract unclear; CUSTOMER_SUPPORT appropriate.
App Store,13994219702,App_Store-13994219702-02,CUSTOMER_SUPPORT,,CUSTOMER_SUPPORT,MEDIUM,KEEP,CUSTOMER_SUPPORT,,CUSTOMER_SUPPORT,MEDIUM,N/A,Staff only work business hours; CUSTOMER_SUPPORT appropriate.
App Store,14005255766,App_Store-14005255766-01,OTHER,APP_STORE_REGION_AVAILABILITY,OTHER,LOW,KEEP,OTHER,APP_STORE_REGION_AVAILABILITY,OTHER,LOW,NEW_THEME_CONFIRMED,App not available in user's App Store region; single isolated case but real distinct issue; confirm as new theme for tracking.
App Store,14007842869,App_Store-14007842869-01,TRADING_ORDER_EXECUTION,,TRADING_ORDER_MANAGEMENT,HIGH,KEEP,TRADING_ORDER_EXECUTION,,TRADING_ORDER_MANAGEMENT,HIGH,N/A,Can't sell at peak price; TRADING_ORDER_EXECUTION appropriate; MEDIUM confidence reflects unclear root cause.
Google Play,eb3e3875-2bc9-4ce9-9808-9f937dd15a69,Google_Play-eb3e3875-2bc9-4ce9-9808-9f937dd15a69-01,PERFORMANCE_RELIABILITY,,GENERAL_CROSS_JOURNEY,HIGH,KEEP,PERFORMANCE_RELIABILITY,,GENERAL_CROSS_JOURNEY,HIGH,N/A,'App hãy lỗi' (typo for 'hay lỗi'); PERFORMANCE_RELIABILITY appropriate.
Google Play,b5161b29-c1a7-41da-b77f-d8fd16a97d00,Google_Play-b5161b29-c1a7-41da-b77f-d8fd16a97d00-01,UNCLEAR,,UNKNOWN,NONE,KEEP,UNCLEAR,,UNKNOWN,NONE,N/A,Vague holiday reference; UNCLEAR appropriate.
Google Play,92b45d0c-73a1-46bf-9bb5-6218ab82e507,Google_Play-92b45d0c-73a1-46bf-9bb5-6218ab82e507-01,UX_NAVIGATION_COMPLEXITY,,GENERAL_CROSS_JOURNEY,MEDIUM,KEEP,UX_NAVIGATION_COMPLEXITY,,GENERAL_CROSS_JOURNEY,MEDIUM,N/A,App hard to use; UX_NAVIGATION_COMPLEXITY appropriate.
Google Play,92b45d0c-73a1-46bf-9bb5-6218ab82e507,Google_Play-92b45d0c-73a1-46bf-9bb5-6218ab82e507-02,CUSTOMER_SUPPORT,,CUSTOMER_SUPPORT,MEDIUM,KEEP,CUSTOMER_SUPPORT,,CUSTOMER_SUPPORT,MEDIUM,N/A,Service delay too long; CUSTOMER_SUPPORT appropriate.
App Store,14045600270,App_Store-14045600270-01,PERFORMANCE_RELIABILITY,,GENERAL_CROSS_JOURNEY,HIGH,KEEP,PERFORMANCE_RELIABILITY,,GENERAL_CROSS_JOURNEY,HIGH,N/A,'Lỗi 2 ngày rồi'; PERFORMANCE_RELIABILITY appropriate.
Google Play,1dbfd40c-06ac-4217-a552-6b7b70e93f14,Google_Play-1dbfd40c-06ac-4217-a552-6b7b70e93f14-01,OTHER,,GENERAL_CROSS_JOURNEY,NONE,KEEP,OTHER,,GENERAL_CROSS_JOURNEY,NONE,N/A,Vague praise; OTHER acceptable for general positive.
Google Play,8d63919e-1d1f-4fec-bd8b-be215087e6b5,Google_Play-8d63919e-1d1f-4fec-bd8b-be215087e6b5-01,UX_NAVIGATION_COMPLEXITY,,GENERAL_CROSS_JOURNEY,MEDIUM,KEEP,UX_NAVIGATION_COMPLEXITY,,GENERAL_CROSS_JOURNEY,MEDIUM,N/A,UX extremely bad; UX_NAVIGATION_COMPLEXITY appropriate.
App Store,14280577109,App_Store-14280577109-01,MARKET_RESEARCH_RECOMMENDATION_UTILITY,CRYPTO_DEPOSIT,FUNDING_CASH_TRANSFER,LOW,RECODE_FAMILY,DEPOSIT_WITHDRAWAL_TRANSFER,,FUNDING_CASH_TRANSFER,LOW,RECLASSIFIED_TO_EXISTING,Feature request for crypto deposit fits DEPOSIT_WITHDRAWAL_TRANSFER (deposit feature); recode from MARKET_RESEARCH_RECOMMENDATION_UTILITY to canonical family.
App Store,14352633073,App_Store-14352633073-01,CUSTOMER_SUPPORT,,CUSTOMER_SUPPORT,MEDIUM,KEEP,CUSTOMER_SUPPORT,,CUSTOMER_SUPPORT,MEDIUM,N/A,"No support staff, poor service; CUSTOMER_SUPPORT appropriate."
App Store,14468902446,App_Store-14468902446-01,SECURITY_ACCOUNT_PROTECTION,DATA_SELLING_SUSPICION,TRADING_ORDER_MANAGEMENT,HIGH,KEEP,SECURITY_ACCOUNT_PROTECTION,DATA_SELLING_SUSPICION,TRADING_ORDER_MANAGEMENT,HIGH,NEW_THEME_CONFIRMED,"Data selling suspicion is a new theme subtype within existing SECURITY_ACCOUNT_PROTECTION family; keep family, confirm new subtype."
App Store,14504211053,App_Store-14504211053-01,PERFORMANCE_RELIABILITY,,TRADING_ORDER_MANAGEMENT,MEDIUM,KEEP,PERFORMANCE_RELIABILITY,,TRADING_ORDER_MANAGEMENT,MEDIUM,N/A,Trading app very slow; PERFORMANCE_RELIABILITY appropriate.
Google Play,f93f9a8e-c094-4ceb-8268-f4ba73dbb18c,Google_Play-f93f9a8e-c094-4ceb-8268-f4ba73dbb18c-01,OTHER,,ACCOUNT_PROFILE_MAINTENANCE,NONE,RECODE_FAMILY,ONBOARDING_KYC,DIGITAL_SIGNATURE_CONTEXT,ACCOUNT_OPENING_KYC,HIGH,RECLASSIFIED_TO_EXISTING,Digital signature flow failure per codebook is ONBOARDING_KYC candidate subtype; recode from OTHER to canonical family.
Google Play,033b8a01-f565-4002-a7dc-d7432622c677,Google_Play-033b8a01-f565-4002-a7dc-d7432622c677-01,OTHER,,GENERAL_CROSS_JOURNEY,LOW,UNCLEAR,OTHER,,GENERAL_CROSS_JOURNEY,LOW,UNCLEAR,"Cosmetic icon color request for feng shui; single isolated case, insufficient evidence for recurring theme."
App Store,12472251645,App_Store-12472251645-01,OTHER,,TRADING_ORDER_MANAGEMENT,LOW,RECODE_FAMILY,TRADING_ORDER_EXECUTION,,TRADING_ORDER_MANAGEMENT,LOW,RECLASSIFIED_TO_EXISTING,Feature request for margin/leverage from unrealized gains fits TRADING_ORDER_EXECUTION (trading feature domain).
App Store,12741234952,App_Store-12741234952-01,OTHER,,GENERAL_CROSS_JOURNEY,LOW,RECODE_FAMILY,UX_NAVIGATION_COMPLEXITY,,GENERAL_CROSS_JOURNEY,LOW,RECLASSIFIED_TO_EXISTING,App naming/search confusion is UX/brand issue; recode from OTHER to UX_NAVIGATION_COMPLEXITY.
Google Play,a922e373-6084-42f3-913c-8ce9ee95dcc4,Google_Play-a922e373-6084-42f3-913c-8ce9ee95dcc4-01,OTHER,,PRODUCT_DISCOVERY_MARKET_DATA,LOW,RECODE_FAMILY,PRODUCT_DISCOVERY_MARKET_DATA,,PRODUCT_DISCOVERY_MARKET_DATA,LOW,RECLASSIFIED_TO_EXISTING,Feature request for more fund listings is product discovery; recode from OTHER to PRODUCT_DISCOVERY_MARKET_DATA.
App Store,12956820659,App_Store-12956820659-01,OTHER,,GENERAL_CROSS_JOURNEY,LOW,RECODE_FAMILY,UX_NAVIGATION_COMPLEXITY,MOBILE_TABLET_LAYOUT,GENERAL_CROSS_JOURNEY,LOW,RECLASSIFIED_TO_EXISTING,Font size accessibility is UI sizing issue; recode from OTHER to UX_NAVIGATION_COMPLEXITY with MOBILE_TABLET_LAYOUT candidate subtype.
App Store,12967217625,App_Store-12967217625-01,OTHER,,PRODUCT_DISCOVERY_MARKET_DATA,LOW,UNCLEAR,OTHER,,GENERAL_CROSS_JOURNEY,LOW,UNCLEAR,Feature request for a removed feature but no description of which feature; insufficient evidence.
App Store,13711043247,App_Store-13711043247-01,OTHER,,GENERAL_CROSS_JOURNEY,MEDIUM,UNCLEAR,OTHER,,GENERAL_CROSS_JOURNEY,LOW,UNCLEAR,Community feature complaint is vague; insufficient evidence about what community feature or specific issue.
Google Play,26405e29-6e00-44eb-8547-08c38fa7beca,Google_Play-26405e29-6e00-44eb-8547-08c38fa7beca-01,OTHER,,PRODUCT_DISCOVERY_MARKET_DATA,LOW,UNCLEAR,OTHER,,GENERAL_CROSS_JOURNEY,LOW,UNCLEAR,Feature request for child account with fund purchase is vague; insufficient evidence about specific capability gap.
App Store,13857042814,App_Store-13857042814-01,OTHER,,GENERAL_CROSS_JOURNEY,MEDIUM,RECODE_FAMILY,UX_NAVIGATION_COMPLEXITY,,GENERAL_CROSS_JOURNEY,LOW,RECLASSIFIED_TO_EXISTING,Localization/internationalization issue is UX concern; recode from OTHER to UX_NAVIGATION_COMPLEXITY.
Google Play,8c8bebe4-06ea-4546-9533-66d3e4d79109,Google_Play-8c8bebe4-06ea-4546-9533-66d3e4d79109-01,OTHER,,PRODUCT_DISCOVERY_MARKET_DATA,LOW,RECODE_FAMILY,UX_NAVIGATION_COMPLEXITY,MOBILE_TABLET_LAYOUT,GENERAL_CROSS_JOURNEY,LOW,RECLASSIFIED_TO_EXISTING,Tablet landscape optimization is mobile/tablet layout issue; recode from OTHER to UX_NAVIGATION_COMPLEXITY with MOBILE_TABLET_LAYOUT subtype.
App Store,14548034358,App_Store-14548034358-03,NOTIFICATION_COMMUNICATION,EXCESSIVE_ADS,GENERAL_CROSS_JOURNEY,MEDIUM,KEEP,NOTIFICATION_COMMUNICATION,EXCESSIVE_ADS,GENERAL_CROSS_JOURNEY,MEDIUM,NEW_THEME_CONFIRMED,"Excessive IPO ads is a new theme subtype within existing NOTIFICATION_COMMUNICATION family; keep family, confirm new subtype."
