source|review_id
App Store|11801692398
Google Play|a6034dee-e8e0-402f-ac3b-e4cebefc1248
App Store|11836640608
Google Play|cbbc87cf-77ee-4fec-931e-ea3e9a56ba2a
Google Play|e3f5cf46-2491-45ef-9268-c516fff48ea3
Google Play|4277ac82-b4c7-48b8-a1c3-18f4164e9ff0
Google Play|20eca2ba-c0a0-449e-ba64-0e62611515ff
Google Play|de1bacde-5a2d-4fa0-a39c-2f1c03f716cd
Google Play|6025ead0-ff94-4e25-a54e-954e4535bed5
App Store|12004038909
App Store|12166129599
App Store|12166276133
Google Play|bd974c97-210a-4d21-b82a-061dcf6f9d90
Google Play|361acf1b-88b1-48b5-bddc-8ad9f98e0eca
Google Play|bafa4c19-4760-4299-b62a-867de951e07e
Google Play|b688ac8c-082a-4976-8c70-99f9430abc75
Google Play|01e975f4-5aa8-4faf-b486-40c742040df8
Google Play|4b3c680c-14f7-44c1-8af3-2e40c1b2080b
App Store|12356932020
App Store|12381075336
Google Play|358c0507-777c-44ad-8896-175af5430bef
Google Play|91df02d7-4a22-4127-b7f6-dcafe29cf228
Google Play|1fbfc074-a707-4bea-bc45-78e494045b90
Google Play|ca0eb48c-8b0d-4c50-9638-b4ec1a4b3450
App Store|12434867625
Google Play|0cb89c47-1f24-4236-8945-8b3ec3fa48c5
Google Play|69e032e8-f43d-4833-8705-f22ecd0a5e13
App Store|12518940042
Google Play|73a77237-f86a-461e-8521-e5fa69cb0f09
App Store|12529231767
App Store|12530510462
App Store|12545090227
App Store|12617407260
App Store|12683550678
Google Play|39b03a78-64a0-478d-b52f-6a5272d179c3
Google Play|c61b6588-4baa-4af9-aab9-46fb38bcaa87
Google Play|46fa6425-0a0f-4955-adfb-882bf8b4a5b5
App Store|12850138790
App Store|12889467768
App Store|12917524601
Google Play|9711f697-5d2f-4fcd-9813-75b1260ae8ce
Google Play|b8566b33-1451-4fbc-8976-a687b982c667
Google Play|cd1b84a1-3d05-4f5c-953e-a15f48882c84
App Store|12957364236
App Store|12964759767
Google Play|83ed0e5c-2150-41dc-b3fd-c90abf0cb2b5
Google Play|50a1fcce-0d4d-4327-a298-5625037db0c6
App Store|13030216864
Google Play|28fbcc6b-2251-4028-bdb3-09111f7c0258
App Store|13112614932
Google Play|abd0bdab-c53b-4138-adfa-4b4f95d9a19b
Google Play|e17a1244-02e2-46a7-b4e8-ef5e21919c2c
Google Play|f1abd52a-0825-4c19-98ca-a772b551d34a
App Store|13172558353
Google Play|6d68116a-74e9-4e8e-be7c-43b6078415c3
Google Play|7a5988b3-cc5f-4f88-b009-631bee990259
App Store|13416185136
App Store|13476352525
App Store|13572114993
Google Play|547f969e-0676-4e7d-a158-d1c32569d075
Google Play|29e01899-efa2-4546-8421-6b2abf4bf775
Google Play|6e30c2fa-02e6-43ad-818c-1dae839ff8d8
Google Play|a8c833fb-d991-4ed4-8ec3-eac4602bb61f
App Store|13703439891
App Store|13729660566
App Store|13732547803
Google Play|62c0e271-0108-42d1-b984-d8d269e8da8c
App Store|13785950483
Google Play|13e0c0e6-6e6c-4bdb-b12e-8fedf3068801
App Store|13790529670
Google Play|eddf39d9-bd84-4593-8b55-0d8756ca835e
Google Play|d8a64903-58c4-4159-884f-be5a0131e94f
App Store|13867043839
Google Play|419c55b8-4ad2-4635-86f5-ae0c0f00c000
Google Play|03428347-9975-4510-a132-6bdefbeee40f
App Store|13994219702
App Store|14005255766
App Store|14007820033
App Store|14007834537
App Store|14007842869
Google Play|eb3e3875-2bc9-4ce9-9808-9f937dd15a69
Google Play|b5161b29-c1a7-41da-b77f-d8fd16a97d00
Google Play|92b45d0c-73a1-46bf-9bb5-6218ab82e507
App Store|14045600270
Google Play|1dbfd40c-06ac-4217-a552-6b7b70e93f14
Google Play|8d63919e-1d1f-4fec-bd8b-be215087e6b5
App Store|14142865973
App Store|14280577109
App Store|14352633073
App Store|14465018475
App Store|14467591535
App Store|14468902446
App Store|14504211053
