theme,phase_b_decision,evidence_strength,incident_count,sampling_priority_tier,reviewer_assessment
PERFORMANCE_RELIABILITY,SUPPORTED_RECURRING,Strong repeated evidence,21,N/A (not a NEEDS_MORE_SAMPLE candidate),"Repeated lag, freezes, app exit/black screen and launch failures. Keep, but consider separating responsiveness vs crash/availability vs screen-state defects."
UX_NAVIGATION_COMPLEXITY,SUPPORTED_RECURRING,Strong repeated evidence,21,N/A (not a NEEDS_MORE_SAMPLE candidate),"Repeated clutter, difficult navigation, order-flow context gaps, mobile/tablet usability. Keep, but likely needs subtypes."
DEPOSIT_WITHDRAWAL_TRANSFER,SUPPORTED_RECURRING,Strong repeated evidence,15,N/A (not a NEEDS_MORE_SAMPLE candidate),"Repeated blocked/delayed deposit and withdrawal experiences, including money not credited or unable to transfer out."
ONBOARDING_KYC,SUPPORTED_RECURRING,Strong repeated evidence,10,N/A (not a NEEDS_MORE_SAMPLE candidate),Repeated account-opening/identity-verification failures and long KYC processing.
AUTHENTICATION_IOTP,SUPPORTED_RECURRING,Strong repeated evidence,8,N/A (not a NEEDS_MORE_SAMPLE candidate),"Repeated iOTP delay/missing code, fingerprint/biometric setup and login failures."
CUSTOMER_SUPPORT,SUPPORTED_RECURRING,Strong repeated evidence,7,N/A (not a NEEDS_MORE_SAMPLE candidate),"Repeated inability to reach support, robotic/irrelevant support and guidance mismatch."
TRADING_ORDER_EXECUTION,SUPPORTED_RECURRING,Strong repeated evidence,12,N/A (not a NEEDS_MORE_SAMPLE candidate),Repeated inability to place/cancel/sell and order-entry failures. Keep distinct from general trading UX.
PRODUCT_PORTFOLIO_INFORMATION,NEEDS_SPLIT,Evidence is real but current label is too broad,13,N/A (not a NEEDS_MORE_SAMPLE candidate),"Currently mixes portfolio P/L, price-board data, market-data freshness, stock filtering and research/analysis quality. Split before taxonomy freeze."
FEATURE_REQUEST,REFRAME,Not a pain-point theme,3,N/A (not a NEEDS_MORE_SAMPLE candidate),Use as incident_type / demand signal. The underlying experience problem should carry the candidate theme.
OTHER,REFRAME,Catch-all only,0,N/A (not a NEEDS_MORE_SAMPLE candidate),"Do not freeze as a taxonomy category. Promote recurring items such as account recovery, data efficiency or digital-signature flow into named candidates when evidence accumulates."
UNCLEAR,REFRAME,"Uncertainty state, not a theme",3,N/A (not a NEEDS_MORE_SAMPLE candidate),Retain as coding outcome for insufficient evidence; never count it as a pain-point family.
SECURITY_ACCOUNT_PROTECTION,NEEDS_MORE_SAMPLE,Insufficient direct evidence,1,TIER_3_BACKLOG (1 incident; low priority for next sampling round),In this sample it is mainly a perception about paying for security. More direct first-hand experience is needed before treating it as a stable pain-point family.
FEE_PRICING,NEEDS_MORE_SAMPLE,Limited/mixed evidence,5,TIER_1_NEAR_THRESHOLD (5 incidents; closest to promotion — prioritize next sample),"Pricing appears in both praise and requests for lower borrowing cost. Keep as a candidate, but current evidence is too limited to infer a recurring pain point."
ACCOUNT_RECOVERY_PROFILE_CHANGE,NEEDS_MORE_SAMPLE,Promising candidate new theme,5,TIER_1_NEAR_THRESHOLD (5 incidents; closest to promotion — prioritize next sample),Seen in phone/contact-detail change and identity-document update flows. Add more targeted samples.
MOBILE_TABLET_RESPONSIVENESS,NEEDS_MORE_SAMPLE,Promising candidate subtype,2,TIER_2_EMERGING (2 incidents; add 2-3 more targeted samples),iPad landscape/scaling and small mobile controls appear; may become a UX subtype rather than a top-level family.
EXCESSIVE_DATA_CONSUMPTION,NEEDS_MORE_SAMPLE,Singleton/new theme,1,TIER_3_BACKLOG (1 incident; low priority for next sampling round),"Concrete user harm is stated, but one sample is not enough for a recurring theme."
MARKET_DATA_STALENESS_ACCURACY,NEEDS_MORE_SAMPLE,Promising candidate subtype,2,TIER_2_EMERGING (2 incidents; add 2-3 more targeted samples),Stale/frozen/slow-updating price data appears more than once and should be separated from generic portfolio information.
AI_SUPPORT_CONTEXT_QUALITY,NEEDS_MORE_SAMPLE,Promising candidate subtype,2,TIER_2_EMERGING (2 incidents; add 2-3 more targeted samples),AI support/chat is described as irrelevant or lacking selected-symbol context; needs more examples.
NOTIFICATION_COMMUNICATION,NEEDS_MORE_SAMPLE,Early recurring (2 incidents),2,TIER_2_EMERGING (2 incidents; add 2-3 more targeted samples),"Delayed transaction-notification email appears in 2 independent reviews (one explicit complaint about >10h delay, one neutral factual mention of timing). No longer a true singleton, but still short of the empirical promotion bar (7, per CUSTOMER_SUPPORT)."
DIGITAL_SIGNATURE_FLOW,NEEDS_MORE_SAMPLE,Singleton/new theme,1,TIER_3_BACKLOG (1 incident; low priority for next sampling round),Photo/signature flow freezes in one reviewed case; collect more before promoting.
MARKET_RESEARCH_RECOMMENDATION_UTILITY,NEEDS_MORE_SAMPLE,Promising candidate new theme,1,TIER_3_BACKLOG (1 incident; low priority for next sampling round),User questions usefulness of market analysis; do not equate subsequent market movement with objective analytical error.
