source,review_id
App Store,13383696543
Google Play,60a8d5dd-9c2f-46a0-aa57-129f1ffc940f
Google Play,b431f770-1878-4782-99ba-23a4eadeb8a8
App Store,13680993301
Google Play,028fcd26-9ed7-4edb-a256-5d54363dfa43
Google Play,2e57ca2a-a55a-4673-aaf5-c000e60ed58f
Google Play,e7a9cf27-0878-42f7-8972-3a2542c2af3f
Google Play,4ae66065-e785-4516-a20d-51040c7a80d2
Google Play,b60631dc-52f7-4a6e-ab62-777981d617ec
App Store,12768095866
App Store,12764204218
Google Play,02cf4533-f984-4fee-9f9a-dfcca55f1a06
Google Play,80e560a0-ba66-4116-9e4a-6140ea9cbe79
Google Play,ab2dfff3-3256-4426-bcff-90608588dd94
App Store,13856798811
App Store,12722683974
App Store,13691875675
Google Play,2d0a8c38-c9a5-4339-ae6c-a5bdad354b60
Google Play,6638c299-2864-4386-837e-41064b75be48
Google Play,c6eae58a-de68-4a0d-add8-231850981783
Google Play,84a4e782-1615-4764-ad24-3974c5da8eb0
App Store,14467591535
Google Play,9e1764d8-c3f8-42aa-ae90-cd5c55046620
Google Play,ade96f2c-c95d-4486-8c9b-17394d3bd7e7
Google Play,f93f9a8e-c094-4ceb-8268-f4ba73dbb18c
Google Play,07616126-4fd6-4860-a991-a0a6ea51f192
Google Play,2148bf5a-1fa3-4f4d-875b-ce838bed08ee
Google Play,ffc75f9c-aa45-4b1c-93d3-23ed5eb22db1
App Store,11801692398
Google Play,b80c2d64-7ce6-4036-9237-860697ee5178
Google Play,4c428c82-6ec9-4e1e-b37f-4e6ef8b5f482
App Store,12795601247
App Store,13013318242
Google Play,af8a59ca-c7f4-42e5-8334-271f9748bc89
Google Play,c94d9d46-d3f6-4d2b-a423-99fd466da2bf
Google Play,f2029ffc-cc34-493c-b9fc-7032b5104830
Google Play,9450f8ac-d9ba-4f47-b7f2-3271066a7707
App Store,11751734326
Google Play,44d2d1dd-47b3-4af1-89c4-476dd62e4079
Google Play,1eb01879-8d2e-41ce-a4b4-1dfd9c6ffd53
Google Play,646b0a5b-3f6c-4f89-9ce4-9f174e440c38
Google Play,1b8d554a-8ac2-466c-9a62-48d2ceb8f9dc
App Store,12268805709
Google Play,5b6c2184-1efb-4c90-942d-9113dc9e3909
Google Play,5d89ab13-4007-48a8-8e02-6279e531d636
App Store,12387003343
Google Play,036f8109-831e-469c-bbe2-1b284129e69b
Google Play,8d1d5943-3d4b-4a95-a77d-f76b6a3c15de
Google Play,237cc17c-8b8a-4adf-9882-de55eb411a19
App Store,13630920900
Google Play,01c61fdf-61e9-4a21-9167-382c2205e006
Google Play,e09cba4a-7859-4091-be6a-0dd51d5c54d3
Google Play,e5ec7f53-687e-43a7-aa2c-55e6ead04049
App Store,11782829718
Google Play,e1b338d0-d84b-45ab-9f51-ec35cd76d2af
Google Play,acf31f80-cf4c-44e3-b70e-0245cf368521
App Store,12092046546
App Store,13216345199
Google Play,9e0c556c-b2cf-4748-b15d-39495f996bf3
App Store,11764988478
Google Play,1cd27e9e-b4ac-454f-af92-bedcc0050342
Google Play,70b1c57f-f62a-4b30-b5cb-08fef6063ccd
Google Play,ab61f02f-ef5c-4420-988e-1df2def70c5f
App Store,12492849736
Google Play,e3383658-6e3a-42cd-9016-5563a4a31347
App Store,12901670031
App Store,13065672412
App Store,13732893373
App Store,13446154783
App Store,13048038499
Google Play,bf7e5cd3-039f-4a62-9317-b74e11987ad3
Google Play,89c58827-2128-479a-bdfa-12cb8375f846
Google Play,c06ce68c-7cf1-42e5-b2f7-5deb78d724b4
Google Play,914d31b8-1b32-42b1-9356-2cb08c26aba3
App Store,13835758727
Google Play,03c56544-f2d8-4975-9303-476198a71e3f
App Store,12031084904
App Store,13009066553
Google Play,ef9573f5-cac7-4b27-857a-f29bebf2c4d2
Google Play,e24f9216-51cf-4eb1-86b7-ed37ea9d208d
Google Play,56f40fd1-9968-4020-a53d-7faa5f81b4ba
Google Play,83d82a5a-a7ff-4496-8ce4-6e2b34d70397
App Store,12004106819
Google Play,eb419b10-baf3-404a-b6ec-828b0eee758c
App Store,13177936096
App Store,13628052342
Google Play,8a6e6c41-9bfb-4a15-bbae-c2f83ead1bda
Google Play,45b7bb0f-cd74-43a9-9b85-bd050b6a1f9f
Google Play,1f670647-e23a-481e-8c92-2ef749caec4d
App Store,12388866897
Google Play,8771ba42-a4ea-4598-b9a8-36490bfeb79d
App Store,12727113643
Google Play,0965c4ed-df13-48d6-b0f0-8f5c739800da
Google Play,74c2b3de-07a9-4e83-afe4-76ce8134f8f0
App Store,12725515761
Google Play,b5161b29-c1a7-41da-b77f-d8fd16a97d00
App Store,11750539058
Google Play,5bac4bc7-ad1e-45fe-858c-84c7185e971a
Google Play,01ad6ded-2aab-45a5-b0c7-e94d5828b921
Google Play,7d25eb7f-ac40-4de4-8943-5ab02a03cdbf
App Store|11752256565
Google Play|e75d95f1-2837-488e-85ec-c20bba821bb3
Google Play|0dcd9a0e-9301-48c4-81f3-090673b9eec6
Google Play|6bf6cb60-e329-43d4-bb87-121838ade2d8
App Store|11761949465
Google Play|4b71fea7-84a2-4154-8d2d-5c42a17b0c85
Google Play|802d4076-b5c5-4e2d-948f-29e654c7b257
Google Play|2b3ebee6-b34e-4e99-9fd6-46bbf8ea3e47
App Store|11767116568
App Store|11769185523
Google Play|95d102f4-de7e-4a0d-aaea-c51a4fcb0255
App Store|11777958926
App Store|11779920813
Google Play|7cdcafac-2e0c-4302-8d73-c246fc2323a9
App Store|11787725265
Google Play|a4f73b4f-11b7-42b5-93f1-87783249b116
App Store|11800367652
Google Play|7de5b0e6-2b87-438f-9d13-2d193d871ce2
App Store|11805859173
Google Play|45435afe-152e-4913-bdee-e39eb1804c0a
App Store|11809107324
Google Play|d6b5be90-d178-452d-8396-ef0be44bab81
Google Play|797721a8-d105-4218-ac7a-51cd1a22f9cf
App Store|11813796447
Google Play|a6034dee-e8e0-402f-ac3b-e4cebefc1248
App Store|11820582267
Google Play|bad1a7a5-44f2-46eb-aa33-77442bd0448d
App Store|11836640608
Google Play|5da9ec21-517e-459b-b34d-8661408fc812
App Store|11839386523
Google Play|c9e1400e-730c-4c4e-9202-a599402aa609
Google Play|4e83db00-f249-4eed-aa42-7c066be696aa
Google Play|cbbc87cf-77ee-4fec-931e-ea3e9a56ba2a
App Store|11864397009
Google Play|e3f5cf46-2491-45ef-9268-c516fff48ea3
App Store|11871877953
App Store|11871881939
Google Play|9e4da7e2-5d72-4512-8797-ab7151a2c624
Google Play|4277ac82-b4c7-48b8-a1c3-18f4164e9ff0
App Store|11894826169
App Store|11902304773
Google Play|4bf366e1-0727-40b7-bff3-aa519707fdf1
Google Play|20eca2ba-c0a0-449e-ba64-0e62611515ff
App Store|11940079131
Google Play|fc45dc94-05b8-4eb1-ba80-35472fdb61bd
App Store|11947847736
Google Play|6b3b31df-5713-450f-80fb-32ef3ce8c5c5
Google Play|54721d43-fdc9-44d4-8e09-ae6f201e72a7
Google Play|de1bacde-5a2d-4fa0-a39c-2f1c03f716cd
Google Play|c3bb50f4-57ac-4536-8287-4101d6754c58
Google Play|a7799e9c-cd03-481b-a4d6-edcdabdb4f2f
Google Play|6025ead0-ff94-4e25-a54e-954e4535bed5
Google Play|7f810ad3-3cf2-482f-a672-724c4708c9ff
App Store|11989241555
Google Play|29d490fd-c15d-4be9-99d5-10022d6c23de
App Store|11996760927
App Store|12004038909
App Store|12004133798
Google Play|052e8a5a-ce1f-4184-b7b6-0daa2af90d13
Google Play|c3f153ed-ae52-44b1-a794-96f8f5f7ff2b
Google Play|446d8547-093a-4cc5-ae1d-66fb292eb06b
Google Play|56c6cec9-3a65-4190-82eb-bca71203b087
Google Play|4ffa38c7-3d75-4382-bda6-a59c38a086c5
Google Play|afc773f6-3f0d-4521-b3d9-b4cb65b7a359
Google Play|e122e8d9-d3dd-4724-9d97-68a12f9d7cfb
Google Play|4d26c12f-b791-4ea2-8aef-733060a10ec0
Google Play|12b10ee3-52df-494b-b46c-547c6b279a3c
App Store|12084617137
Google Play|52d4ce83-3408-4752-9713-0b6523a58a86
App Store|12098535718
Google Play|402640bc-cfa8-409e-95c8-fecd62daaa30
App Store|12126154861
Google Play|4e53832e-1fa8-4c1d-b05f-19a3ea2c0afb
Google Play|abff860a-3329-408e-a188-cf64dac8a665
Google Play|033b8a01-f565-4002-a7dc-d7432622c677
Google Play|0e006d81-5f56-4aa0-a8c0-74344ace1672
Google Play|c795a0ec-2772-46c0-9315-375ef7f4d185
App Store|12161401216
App Store|12166129599
App Store|12166276133
Google Play|7e64ea2c-b419-4846-adbc-7fb6e7f32d37
Google Play|87571d07-a777-45e4-9a77-f0456fb86077
App Store|12189754220
Google Play|0fcb0828-d856-4321-8bc3-2de4dc7e9c97
Google Play|bd974c97-210a-4d21-b82a-061dcf6f9d90
Google Play|f3452f5c-9b63-415a-919b-3b9c959a9a36
Google Play|361acf1b-88b1-48b5-bddc-8ad9f98e0eca
Google Play|dd9d816b-8331-4ba5-94e8-093407351930
Google Play|96d7b06e-56b8-42af-8a8e-9f3770f1d970
App Store|12219869008
Google Play|bdc43597-7227-4f14-a0f8-c8eba93ef177
Google Play|5f211f78-6e87-45cf-85b0-37a09898ad22
App Store|12223647522
Google Play|bafa4c19-4760-4299-b62a-867de951e07e
Google Play|32e58255-2e2f-4050-b054-13857c73aa95
Google Play|29fe0daf-fc2a-41bc-b751-a5e3b93289ce
Google Play|b688ac8c-082a-4976-8c70-99f9430abc75
App Store|12272742831
Google Play|eb14734e-ab13-43dd-bb29-ef1dc0fe53b5
Google Play|4d999c16-c914-4907-9e7a-d026d3bf7959
Google Play|ad76edd9-a952-4969-8e45-ef221d81f18b
App Store|12276846294
Google Play|85397d16-df0b-4874-8800-0c0ae762fc78
Google Play|01e975f4-5aa8-4faf-b486-40c742040df8
Google Play|1134856f-d768-4db4-bca4-a8c71a18bdc3
Google Play|1f9a3b08-c3ca-4b1c-aac2-52a4c15b915f
Google Play|e775c6ff-c6da-4115-bf43-72d5e4246237
Google Play|33532f4d-bf89-4a0b-9a75-8915051ba05b
Google Play|e782edc9-35e9-4c3d-a0a1-bd567bac84e4
App Store|12301648806
App Store|12308962875
App Store|12316968970
App Store|12338671343
Google Play|4b3c680c-14f7-44c1-8af3-2e40c1b2080b
Google Play|d4a6fbeb-f903-4aea-bd78-0ba65cdf6475
Google Play|5dd0f3f0-4aa9-473c-9c6f-ac1a156c50b6
App Store|12356932020
Google Play|76863788-9174-44ee-8fe8-58c3a8de568a
Google Play|74be1267-4cc5-42d7-ad3d-6a7fc5212b86
App Store|12379946562
App Store|12381075336
Google Play|358c0507-777c-44ad-8896-175af5430bef
App Store|12383638403
Google Play|16835a35-1489-424d-bcde-3cb4a920437f
Google Play|026a0327-c0c2-4b22-acfe-57fd88cda69c
Google Play|50aa6a09-82ff-4319-8fe0-30cb076ef201
Google Play|91df02d7-4a22-4127-b7f6-dcafe29cf228
Google Play|c2b39805-cd67-4dff-880a-993b55348bc5
App Store|12400663065
App Store|12403217122
Google Play|536055f4-505e-4ac4-8f4a-72d68e4e34d7
App Store|12406839316
Google Play|1fbfc074-a707-4bea-bc45-78e494045b90
Google Play|dbc9e7e8-0a13-4b9b-bc58-8d2f8578b336
Google Play|ca0eb48c-8b0d-4c50-9638-b4ec1a4b3450
App Store|12434867625
Google Play|0cb89c47-1f24-4236-8945-8b3ec3fa48c5
Google Play|b5e796ac-6ba4-4b9f-9274-54fc174ecc1d
App Store|12442692786
App Store|12453957660
App Store|12469670827
App Store|12472251645
Google Play|25873253-f0a8-4833-b69b-46ae0437edce
Google Play|69e032e8-f43d-4833-8705-f22ecd0a5e13
Google Play|c78ae7d3-8dd7-4bed-9baa-dd43ba572437
App Store|12500908724
App Store|12501658993
Google Play|141e2e86-446d-46b8-a5e1-5f7093297698
App Store|12518940042
App Store|12524144104
App Store|12524834794
App Store|12524926430
Google Play|68af5174-d1ec-401b-b2bd-d8ce6dd37e63
Google Play|b61f8012-1467-4c37-91ec-91cd2a3f1334
Google Play|73a77237-f86a-461e-8521-e5fa69cb0f09
Google Play|e401a5a6-315b-4364-9d9d-ec321b9cf6e2
App Store|12526738886
Google Play|05fd7c56-b935-45dc-a6ba-b048212f19b4
App Store|12526882408
App Store|12527068142
App Store|12529188894
Google Play|ca4a18a4-849d-4840-8018-6042d8905ab9
App Store|12529231767
Google Play|dd18752c-2098-420b-a862-4323875e3130
App Store|12530510462
App Store|12545090227
Google Play|d4c48d9b-245d-41b3-8334-62424d61a32a
App Store|12567815927
App Store|12568189367
App Store|12571498975
App Store|12575139134
Google Play|c287176f-3a10-4a21-b887-daec4e465824
Google Play|d441ab41-991f-4853-8c7e-2de9a3530732
Google Play|486c6f26-fbba-4061-a1e5-c7ba8613af55
App Store|12604943636
App Store|12605203687
App Store|12609904288
Google Play|23332da1-dcf7-46c8-a6ce-edf1100d957b
Google Play|8e189ba9-1d09-4df7-b748-431c21343292
App Store|12617407260
Google Play|f517626f-d6e8-46c0-a25e-782675bb420d
Google Play|12e51ca1-c42b-4d9c-996a-d929e5655774
Google Play|354da8e6-fa1b-401b-a3cd-816a1535a8b3
Google Play|1ad3126b-116f-4914-9011-c3d3a85ca068
App Store|12660963384
Google Play|cfbaae79-9d05-4bf1-8b1b-4054d77a0be2
Google Play|59ec01d9-8aa6-4f12-98bf-d67b107b59b8
Google Play|5ae93932-306e-4320-8572-ce1fce5a459b
Google Play|fc207890-5fd8-4e8a-acf8-ab24fb9cfa68
Google Play|8ac2e8eb-60d8-469f-bfe4-4bea82810119
App Store|12676449035
App Store|12676479614
Google Play|35e74f9a-e50e-4cc7-a66f-0602b3f1b820
Google Play|a5321f14-71be-450e-8941-122df8ebcecd
App Store|12683550678
App Store|12683632959
App Store|12684039731
App Store|12684578987
App Store|12686907068
App Store|12687008860
Google Play|900f6165-9d7c-4485-9c72-0a5bfe7a9803
Google Play|39b03a78-64a0-478d-b52f-6a5272d179c3
App Store|12690484349
App Store|12698829424
Google Play|593f8f6e-4782-462f-84a7-f70d724d3d95
Google Play|c05cf416-cec2-4ced-902f-d3c7be484604
App Store|12702501548
Google Play|4b0e20e1-dc1a-4f38-b645-4381ee0bd12e
Google Play|3ac1311b-39da-4cf7-bf89-e456dc24f213
Google Play|c149b6c8-2e6e-4df8-9940-948e31fb85ad
Google Play|a3bcab51-d400-4509-aa9e-e82dc0a3dc57
Google Play|e18ee48a-8d3b-454e-9018-6bd39e8bec05
Google Play|9e7cb675-8ca4-4d4b-b7b0-528e5a677bbd
Google Play|ab3ffab2-dca8-4fb7-8afa-bf2dcb4353ea
Google Play|cebce133-8708-41d3-9a75-e7da72962539
Google Play|6b593909-3421-4d14-b6c2-2822d5fa7b3b
App Store|12713877917
App Store|12726291522
App Store|12729702813
App Store|12729747631
App Store|12729764477
App Store|12730088196
App Store|12730094811
Google Play|fa40557b-0a05-43e7-ad58-5229c8fc1f15
App Store|12733793429
App Store|12734008843
Google Play|ce911556-30c8-42b7-94fe-43bf8d3b2d5c
Google Play|18832592-a319-40fb-a3f5-e1c05e5ac75e
Google Play|40f6a682-f2b4-4e9d-8f99-aeeb0ac4da60
App Store|12741089145
App Store|12741234952
App Store|12741762884
Google Play|d34dbb6a-d4ee-4abf-ba55-13c7f78b1c38
Google Play|8d2dfecd-8ade-4d5c-8329-e58098512d9a
App Store|12754135334
App Store|12754326165
App Store|12760305087
App Store|12765707886
Google Play|f55b417f-6811-4336-8eb4-15f53f36fc52
App Store|12777334669
App Store|12780082897
App Store|12780083215
App Store|12780083348
Google Play|65a7938b-91e7-49c4-9586-4b7dd16fb679
App Store|12783588457
Google Play|c61b6588-4baa-4af9-aab9-46fb38bcaa87
Google Play|b48ac628-36a7-45dc-965d-11cb4bb71440
App Store|12794841521
App Store|12794864716
App Store|12794936243
Google Play|5977fcfd-e3c1-42ce-8d7b-886da40ed0b2
Google Play|ee25f9c0-a463-4ec0-aaf4-e7e420f53c2d
Google Play|e581e069-2b70-4946-b0d8-c5f81860acb0
Google Play|54676c15-70f9-4712-b75c-d2c578ffd7c4
App Store|12822763302
Google Play|147b3c4a-91a4-4f19-ae45-bafa16749e5a
Google Play|46fa6425-0a0f-4955-adfb-882bf8b4a5b5
App Store|12841961278
App Store|12845724145
Google Play|9539f50f-8674-4e59-b83c-8fc781d9ae7f
App Store|12850138790
Google Play|e26e9a86-cd65-4d0a-89c0-1b8c74dea203
Google Play|a922e373-6084-42f3-913c-8ce9ee95dcc4
Google Play|5d505db1-86d6-4d32-87bd-9f61744218c3
App Store|12889467768
Google Play|8b892343-a679-4ea1-86a3-2ea5826f1d1c
Google Play|ac9e3c09-5c15-41a7-ad16-0d6870ccc65c
App Store|12906141645
App Store|12906434654
Google Play|999bfe17-1cc0-4af3-9298-0879d22f88aa
Google Play|356212c3-56ae-4e60-8b98-63ef5bbf0d20
Google Play|1c4966fa-33b1-48e4-8021-19229b4d1b5b
Google Play|ae58a16b-e85d-4e01-a99b-c45db6001b59
Google Play|6bcf36b7-dd16-468c-b299-bdfbda20d341
App Store|12917524601
Google Play|7bd8c236-a3ae-41d2-9378-90699fde22fc
Google Play|9711f697-5d2f-4fcd-9813-75b1260ae8ce
Google Play|b8566b33-1451-4fbc-8976-a687b982c667
Google Play|d3aae568-9367-4dbf-b496-448046c228bc
App Store|12949107259
App Store|12949577008
Google Play|001ca837-4e45-43e9-8d71-2f75daf8c37d
Google Play|cd1b84a1-3d05-4f5c-953e-a15f48882c84
App Store|12956820659
App Store|12957364236
Google Play|0c6855fe-2291-4f74-a323-1a16437e0ae8
Google Play|d57d25da-c591-41ba-8bb7-404395dba2c6
Google Play|8bbebc69-36a2-4b22-8b5c-ad1b33fca58a
App Store|12964759767
App Store|12967217625
App Store|12970234816
App Store|12973916991
Google Play|b77c30ef-cdf4-446c-8866-f4576b3aa4fb
App Store|12976923711
Google Play|83ed0e5c-2150-41dc-b3fd-c90abf0cb2b5
Google Play|9d3c4757-e0dc-4a44-b2db-77d87963438c
Google Play|502a946d-047d-4a91-b6fb-bec5f1702d74
App Store|13001326203
App Store|13014069107
Google Play|50a1fcce-0d4d-4327-a298-5625037db0c6
App Store|13019034835
Google Play|cae11e9b-ac4d-45ab-b66c-d68ac491a2d9
Google Play|155d3b62-41be-4179-a76e-8f742cbdb485
App Store|13026595700
App Store|13030216864
App Store|13031609527
Google Play|2b1536a4-de79-44b5-b2b4-a217dc6f2f58
Google Play|f995581a-ff5f-4e8b-9c1b-d4bdb6e4f358
Google Play|7d080e2e-d5a0-417d-b55b-4f9983564e1a
App Store|13042326473
Google Play|b609fa25-6d85-46b4-8720-56643d279d58
Google Play|6596fcf6-7202-40da-88bf-269137261297
Google Play|07183d25-1b92-47d6-ab32-671c340e631d
App Store|13068775356
App Store|13070665657
App Store|13090389353
Google Play|0c72abc6-c487-4e1d-9bc8-9d341dfdd982
App Store|13096390346
Google Play|28fbcc6b-2251-4028-bdb3-09111f7c0258
App Store|13100499865
Google Play|644c82c5-37af-489d-81a2-3ef8bb4c2281
App Store|13101805426
Google Play|a604cb52-b613-43b7-98e2-58a855dd280c
Google Play|f3f3993b-daf2-40fe-9dd2-1267f9eec14e
Google Play|d7ede0cd-d945-4a41-93ab-543f21a3177e
App Store|13112614932
Google Play|9a01a340-159c-426d-b9bd-b9ccd87b423d
Google Play|6876f8dc-735e-4f4e-a57d-c79023bddbc0
Google Play|92efdfc6-cc34-4c87-b6da-92cfcb0c08cf
Google Play|abd0bdab-c53b-4138-adfa-4b4f95d9a19b
Google Play|cfaa3b16-cfa8-409b-a7bb-00088b9bb1e0
Google Play|e17a1244-02e2-46a7-b4e8-ef5e21919c2c
Google Play|acc7e061-b997-4518-87e5-8b1f6c77638a
Google Play|c83bd478-c994-4862-897c-24c7830933e1
App Store|13146645363
App Store|13151606169
Google Play|566474d5-d547-4245-a66f-048a69f2a45c
Google Play|f1abd52a-0825-4c19-98ca-a772b551d34a
Google Play|ae4b7932-0aa0-4495-9757-103a20a1c6a7
Google Play|296ce42b-807e-4283-b87e-38ee37ed117f
Google Play|6913b500-e1af-4fa6-99be-e1f2fdaf457f
App Store|13172558353
Google Play|d0280c39-1b13-4185-a404-945577140335
Google Play|7094986b-7428-4c44-b0bf-eb13f87c8776
Google Play|e770901a-c03f-45ee-a57d-c6a03958960b
Google Play|4a46f453-d5ba-48e9-981d-f934c875aab4
Google Play|767df8de-ec05-43b8-b669-dad98e8cf886
Google Play|8f924c68-ce05-49e6-866a-1dee63fcc932
App Store|13230058357
Google Play|1b27da5e-f655-44d8-b692-dab5a410c5d5
Google Play|7b5cc2e8-4b1c-400a-92d8-4d8b1af22dc1
Google Play|c9f422d0-2417-41ae-bb5e-c108733cf939
App Store|13243002599
Google Play|3e926cdf-ee8f-49c3-b9e1-994ed59b9965
App Store|13247396302
App Store|13272131452
Google Play|9f588cc7-247f-45c6-ab01-a1d11bb9616a
App Store|13276981462
Google Play|5e10e799-e923-496b-818d-fb89540ed690
App Store|13280235898
Google Play|91e69385-a626-4090-8830-153d29d88107
App Store|13289538564
App Store|13290030950
App Store|13290082792
Google Play|353e3c17-d9a3-4543-be66-696313163b77
App Store|13290348242
Google Play|87d4ca9a-c274-4324-9b5c-890fe0d01b82
Google Play|71b9c261-395d-4f67-b3b2-dcdc357d8ea2
Google Play|6891cb2b-a3b4-4a98-97ee-37f8db6689d2
Google Play|604a520a-018e-40f2-aa15-078d7fec8eda
Google Play|787e16ff-0622-4417-af39-14326011d974
Google Play|6611ff7b-7235-46ef-8c16-98055bfdf73c
Google Play|9559d520-4c18-439a-a87c-c604836aa0e5
App Store|13295667287
Google Play|c0f59e03-37c1-419f-98bf-f58d4d03b89f
App Store|13301878527
Google Play|6d68116a-74e9-4e8e-be7c-43b6078415c3
App Store|13306623450
Google Play|16952e31-0146-4d80-bae8-0d1304a0d6ea
Google Play|2d332b92-4e4e-4c12-9526-daf360cd5d1e
Google Play|0ffd0f52-46ad-4c3b-a711-c3eea379055e
Google Play|8c23f05e-9945-4cd9-b130-b91b7b0eaef2
Google Play|1f919269-cdd5-413a-a84b-73f1b44a2b11
App Store|13332105950
Google Play|7a5988b3-cc5f-4f88-b009-631bee990259
Google Play|73f6154c-9e9f-4c5e-8df2-5f3c1cccf794
Google Play|8b23d558-1a64-4037-9d25-b39ed5540df3
Google Play|6ab18151-d19b-4dc0-a392-e336feb03958
App Store|13358137009
App Store|13358337331
App Store|13362364103
Google Play|a85de5db-c6e5-46c7-aa43-4e5a2044648c
Google Play|f08b2a0d-fcab-499b-bc86-431d3fa06e91
App Store|13379249960
App Store|13379715404
App Store|13387339116
App Store|13388783260
Google Play|4281fc08-f004-4bae-a092-6956ed9eb624
Google Play|400da6fc-3a5f-4c8d-83a4-1acd8a8c4888
Google Play|3805ef77-5c86-4bf9-b253-8970db98ba67
App Store|13411715829
Google Play|7a4db707-140f-4bb4-b0fe-78ae4d28947d
Google Play|ba264218-c50e-4782-8d78-0f45dfcdb703
App Store|13416185136
Google Play|c4dd35a4-3571-4934-ac95-83360c34caad
App Store|13445903889
Google Play|2515d2e9-0d05-4861-9ad3-f5421f64e9af
Google Play|a335448b-6d67-4c3f-a486-5443d514c972
Google Play|52ce58b5-e1df-4171-8943-832ed805219a
App Store|13476352525
Google Play|e1c2a515-9df2-4f7e-acc6-3ae5e2f83ffa
App Store|13500073382
App Store|13503906778
Google Play|19c34675-e704-4e7f-8680-1de52c8c668a
Google Play|dc63badd-1778-4fcf-b23d-17caddbd2e1b
App Store|13534569635
App Store|13541334311
App Store|13549003693
App Store|13572114993
App Store|13572173414
App Store|13593563203
Google Play|76d860a2-c516-4fa6-94b3-ef2c7a2daed5
App Store|13612239839
App Store|13628373156
Google Play|ae9cebc0-a50c-4564-9ac3-44f281f31e39
App Store|13630861870
App Store|13630882706
App Store|13630917569
App Store|13630935825
App Store|13630942957
App Store|13630943735
App Store|13630945627
App Store|13630947432
App Store|13630948771
App Store|13630951162
App Store|13630959017
App Store|13630959308
App Store|13630970402
App Store|13631009444
App Store|13631386662
Google Play|9860f804-3c41-4833-8e96-6b2549b7a919
Google Play|3d2ccb13-239e-46a6-9f78-90021bbeeeed
Google Play|6ea0461e-6beb-4da6-b23b-5e93231b3c15
Google Play|cd546886-d870-42ac-b667-23f16adc7038
Google Play|547f969e-0676-4e7d-a158-d1c32569d075
Google Play|29e01899-efa2-4546-8421-6b2abf4bf775
Google Play|50c59532-84b0-4a83-ae32-6b8b631fa0a0
Google Play|91221ee6-f61c-4e82-8ec2-7ed2075267f6
Google Play|7994ad3a-fbe8-4921-a0e9-8fd062219660
Google Play|10715b55-e2ae-4183-9526-13ee6745d20a
Google Play|e278b975-7183-4b48-b291-1aae830dc27c
Google Play|5da43298-166d-490c-b83b-8c5c144606e5
Google Play|fd2c190b-db45-422b-8174-630c33973175
Google Play|6e30c2fa-02e6-43ad-818c-1dae839ff8d8
Google Play|afb2af61-25eb-4b6c-b38c-cf8fa5771bee
Google Play|bc8d4d54-f2c0-49a0-b6e7-55fac5b11c5f
App Store|13634622324
Google Play|2e5b19b6-95a6-4096-a902-97b2962bf652
App Store|13681511706
Google Play|0eeeb54d-31ef-476a-8384-c82d9b67a24d
App Store|13683768965
App Store|13684259604
Google Play|4969ce69-82b9-43de-833a-e3fb4173cb95
Google Play|a8c833fb-d991-4ed4-8ec3-eac4602bb61f
App Store|13692057749
Google Play|bd4b1420-3cb0-4f0f-90c0-9c91f9b63898
App Store|13703439891
Google Play|905e75f6-8a68-4b8a-8766-a64ee3e0b043
App Store|13709946802
Google Play|9e7a5f33-408c-4d29-8a47-600164f61346
App Store|13710503150
App Store|13711043247
Google Play|21087ebd-11dc-4cb5-932b-a6f23c675263
App Store|13714566655
Google Play|5e88b23d-0167-4f32-ae50-15e89a350a98
App Store|13729429377
App Store|13729660566
Google Play|9515fe76-2a00-494d-aa0a-79d882d1665b
App Store|13732547803
App Store|13733141742
Google Play|62c0e271-0108-42d1-b984-d8d269e8da8c
Google Play|e848fbee-1472-45b5-a050-7ebe95952516
Google Play|119065d9-99bc-49a2-a9c7-60b5364fa4ea
App Store|13757354364
Google Play|729f405c-971f-47b7-803d-ed285f1e2299
App Store|13779252669
App Store|13781072372
App Store|13782975799
Google Play|bd9c1fa8-0b6c-4eca-a793-693a8fe25c9a
App Store|13785895204
App Store|13785950483
Google Play|13e0c0e6-6e6c-4bdb-b12e-8fedf3068801
App Store|13790529670
Google Play|ee6e4be6-1988-40be-881d-d7ea9b5bab8d
App Store|13800783800
Google Play|eddf39d9-bd84-4593-8b55-0d8756ca835e
App Store|13804511641
App Store|13805123311
App Store|13807938938
App Store|13807943183
App Store|13807955502
App Store|13807964744
Google Play|d04467b7-c165-407c-842a-05c55fccf017
Google Play|14df952c-2772-4273-b198-3e86db37e3ad
Google Play|b18d976a-6d3f-4198-b4cd-5820f3c8abee
Google Play|6641bc0e-8cf4-4608-ad69-285df0b314be
App Store|13818840202
Google Play|d8a64903-58c4-4159-884f-be5a0131e94f
Google Play|59a17ffa-0cab-481a-8e5c-46a6c7f81924
Google Play|e4d92484-359e-4a4c-a6d6-a3dacbde2a76
App Store|13836082606
Google Play|0a5262e3-0527-40a6-9611-44eb3b1d1c7f
Google Play|19822191-5066-4695-b3cb-6420cd103f97
App Store|13838846691
Google Play|26405e29-6e00-44eb-8547-08c38fa7beca
App Store|13846427918
App Store|13852640366
App Store|13853301981
Google Play|15b38521-f61d-4553-8c4f-b5b50af77862
App Store|13857042814
Google Play|93b32545-25cd-443c-8eca-c05809363539
Google Play|93bd1c81-35e4-4c3a-8a28-17d936daca9c
App Store|13867043839
App Store|13867670560
Google Play|ba7b917f-dc3a-47e8-9671-2590c822472b
Google Play|bc3089a0-7e6a-4841-b345-f751fd12f23d
App Store|13884487026
App Store|13898550807
App Store|13902315721
Google Play|04d4c814-7047-419f-9f32-0b9a404a62ae
App Store|13910455012
App Store|13912796083
Google Play|35551fc6-f964-4261-93a1-b06b1d12f38a
Google Play|7e63a66f-18e9-445a-8348-dbcf097c4fc9
App Store|13934417294
Google Play|419c55b8-4ad2-4635-86f5-ae0c0f00c000
App Store|13952806460
App Store|13953085318
App Store|13953572832
Google Play|6e6df48f-c089-4136-aba5-3b9c5dce6ae6
Google Play|424f7be0-92d0-4639-b484-7a74e7874cce
Google Play|12a15533-34a5-4b70-8535-3bee8c3a3f30
Google Play|4f426382-5cd0-4c4f-8ec6-7b3912930e9a
Google Play|c5d09130-930e-454b-9af7-fda1b6a1da19
Google Play|8601f3eb-e66c-468b-a6cc-f536335533e3
Google Play|8c8bebe4-06ea-4546-9533-66d3e4d79109
Google Play|a709540e-8ccf-43a1-9967-bd19a5bf834b
Google Play|aed07819-1561-4bc9-8bc2-d91999923cd1
Google Play|0396520b-fad4-4f75-b547-c52217fa760a
Google Play|03428347-9975-4510-a132-6bdefbeee40f
Google Play|ffb1654a-5c14-4fd1-adc2-fd6153767ac3
Google Play|9affbb8e-9af2-4acd-945b-ddcac4ea8907
Google Play|5b3cf01d-5edb-4091-b0b1-76781aed1b30
Google Play|8832565b-75c1-45d2-8fc2-a846e4f983be
Google Play|52a1c486-e460-4653-804b-f0536d6c44b9
Google Play|769d1499-6547-4aec-a09c-b7618009c23b
Google Play|1e1b223f-d11d-444b-a45b-43d096278d3a
Google Play|81dc8f57-6659-4387-85ae-e2e77d05cb26
App Store|13987803897
App Store|13991870835
App Store|13994219702
Google Play|ee06b54b-4a02-491e-aa9d-e8d0e432e0b6
App Store|14005255766
App Store|14007792218
App Store|14007797037
App Store|14007807831
App Store|14007814276
App Store|14007817541
App Store|14007818169
App Store|14007819853
App Store|14007820003
App Store|14007820033
App Store|14007823992
App Store|14007825034
App Store|14007825045
App Store|14007830108
App Store|14007834537
App Store|14007840671
App Store|14007842869
App Store|14007846536
App Store|14007848369
App Store|14007849446
App Store|14007852344
App Store|14008131020
Google Play|c1af46c5-504f-442f-8e2c-4f62e309903d
Google Play|8a0f1c49-39c8-4c33-ab1f-4df63b71e08d
Google Play|2317f654-d45b-4ffc-ae69-596d9a42b82a
Google Play|1bf3d4bf-56fc-4ad5-970f-221bb689be89
Google Play|1c1c432b-7a3e-453e-ace3-ac2044b26b70
Google Play|eb3e3875-2bc9-4ce9-9808-9f937dd15a69
Google Play|81783439-6012-4996-b8a6-98c18b6ab261
Google Play|560dd4ae-f20b-4e06-9737-d980c73e5885
App Store|14009628721
Google Play|92b45d0c-73a1-46bf-9bb5-6218ab82e507
App Store|14033216115
App Store|14034900836
App Store|14040031598
App Store|14045600270
Google Play|1dbfd40c-06ac-4217-a552-6b7b70e93f14
App Store|14051715882
Google Play|f012fc92-838e-4a15-88a0-ad3ea45fe72c
Google Play|8d63919e-1d1f-4fec-bd8b-be215087e6b5
App Store|14141897416
Google Play|54304acd-204a-4e82-a3f2-99700570633a
App Store|14142865973
App Store|14147186413
App Store|14149839961
App Store|14162695649
App Store|14223394760
Google Play|57315b59-768e-4a86-bb54-4dca2ff232e6
App Store|14280577109
App Store|14296658625
Google Play|ecc8fa90-86b6-40a9-9c90-a7385d972c5b
App Store|14313162800
App Store|14341132155
App Store|14352633073
App Store|14352635121
App Store|14354074084
Google Play|d372596f-4533-497c-9bb3-f0c9a37ae542
App Store|14381104681
App Store|14409630266
App Store|14414751396
App Store|14418152911
App Store|14420925724
App Store|14425846977
App Store|14439296592
Google Play|ef99efd2-9f92-42ab-8b4c-3c4e41370ef3
App Store|14445501649
App Store|14465018475
App Store|14465859621
App Store|14468902446
App Store|14504211053
Google Play|7fd64ff8-fbd4-4520-a656-c439f9e4443d
App Store|14520054584
App Store|14520064997
App Store|14548034358
