review_id,found_in_raw,raw_occurrence_count,raw_source_files,content_exact_match,title_exact_match,rating_match,date_match,app_version_match
14007818169,True,2,raw_responses/page_02_default.json;raw_responses/vn_page_02_default.json,True,True,True,True,True
14007817541,True,2,raw_responses/page_02_default.json;raw_responses/vn_page_02_default.json,True,True,True,True,True
14007814276,True,2,raw_responses/page_02_default.json;raw_responses/vn_page_02_default.json,True,True,True,True,True
14007807831,True,2,raw_responses/page_02_default.json;raw_responses/vn_page_02_default.json,True,True,True,True,True
14007797037,True,2,raw_responses/page_02_default.json;raw_responses/vn_page_02_default.json,True,True,True,True,True
14007792218,True,2,raw_responses/page_02_default.json;raw_responses/vn_page_02_default.json,True,True,True,True,True
14005255766,True,2,raw_responses/page_02_default.json;raw_responses/vn_page_02_default.json,True,True,True,True,True
13994219702,True,2,raw_responses/page_02_default.json;raw_responses/vn_page_02_default.json,True,True,True,True,True
13991870835,True,2,raw_responses/page_02_default.json;raw_responses/vn_page_02_default.json,True,True,True,True,True
13987803897,True,2,raw_responses/page_02_default.json;raw_responses/vn_page_02_default.json,True,True,True,True,True
13953572832,True,2,raw_responses/page_02_default.json;raw_responses/vn_page_02_default.json,True,True,True,True,True
13953085318,True,2,raw_responses/page_02_default.json;raw_responses/vn_page_02_default.json,True,True,True,True,True
13952806460,True,2,raw_responses/page_02_default.json;raw_responses/vn_page_02_default.json,True,True,True,True,True
13934417294,True,2,raw_responses/page_02_default.json;raw_responses/vn_page_02_default.json,True,True,True,True,True
13912796083,True,2,raw_responses/page_02_default.json;raw_responses/vn_page_02_default.json,True,True,True,True,True
13910455012,True,2,raw_responses/page_02_default.json;raw_responses/vn_page_02_default.json,True,True,True,True,True
13902315721,True,2,raw_responses/page_02_default.json;raw_responses/vn_page_02_default.json,True,True,True,True,True
13898550807,True,2,raw_responses/page_02_default.json;raw_responses/vn_page_02_default.json,True,True,True,True,True
13884487026,True,2,raw_responses/page_02_default.json;raw_responses/vn_page_02_default.json,True,True,True,True,True
13867670560,True,2,raw_responses/page_02_default.json;raw_responses/vn_page_02_default.json,True,True,True,True,True
13867043839,True,2,raw_responses/page_02_default.json;raw_responses/vn_page_02_default.json,True,True,True,True,True
13857042814,True,2,raw_responses/page_02_default.json;raw_responses/vn_page_02_default.json,True,True,True,True,True
13856798811,True,2,raw_responses/page_02_default.json;raw_responses/vn_page_02_default.json,True,True,True,True,True
13853301981,True,2,raw_responses/page_02_default.json;raw_responses/vn_page_02_default.json,True,True,True,True,True
13852640366,True,2,raw_responses/page_02_default.json;raw_responses/vn_page_02_default.json,True,True,True,True,True
13846427918,True,2,raw_responses/page_02_default.json;raw_responses/vn_page_02_default.json,True,True,True,True,True
13838846691,True,2,raw_responses/page_02_default.json;raw_responses/vn_page_02_default.json,True,True,True,True,True
13836082606,True,2,raw_responses/page_02_default.json;raw_responses/vn_page_02_default.json,True,True,True,True,True
13835758727,True,2,raw_responses/page_02_default.json;raw_responses/vn_page_02_default.json,True,True,True,True,True
13818840202,True,2,raw_responses/page_02_default.json;raw_responses/vn_page_02_default.json,True,True,True,True,True
13807964744,True,2,raw_responses/page_02_default.json;raw_responses/vn_page_02_default.json,True,True,True,True,True
13807955502,True,2,raw_responses/page_02_default.json;raw_responses/vn_page_02_default.json,True,True,True,True,True
13807943183,True,2,raw_responses/page_02_default.json;raw_responses/vn_page_02_default.json,True,True,True,True,True
13807938938,True,2,raw_responses/page_02_default.json;raw_responses/vn_page_02_default.json,True,True,True,True,True
13805123311,True,2,raw_responses/page_02_default.json;raw_responses/vn_page_02_default.json,True,True,True,True,True
13804511641,True,2,raw_responses/page_02_default.json;raw_responses/vn_page_02_default.json,True,True,True,True,True
13800783800,True,2,raw_responses/page_02_default.json;raw_responses/vn_page_02_default.json,True,True,True,True,True
13790529670,True,2,raw_responses/page_02_default.json;raw_responses/vn_page_02_default.json,True,True,True,True,True
13785950483,True,2,raw_responses/page_02_default.json;raw_responses/vn_page_02_default.json,True,True,True,True,True
13785895204,True,2,raw_responses/page_02_default.json;raw_responses/vn_page_02_default.json,True,True,True,True,True
13782975799,True,2,raw_responses/page_02_default.json;raw_responses/vn_page_02_default.json,True,True,True,True,True
13781072372,True,2,raw_responses/page_02_default.json;raw_responses/vn_page_02_default.json,True,True,True,True,True
13779252669,True,2,raw_responses/page_02_default.json;raw_responses/vn_page_02_default.json,True,True,True,True,True
13757354364,True,2,raw_responses/page_02_default.json;raw_responses/vn_page_02_default.json,True,True,True,True,True
13733141742,True,2,raw_responses/page_02_default.json;raw_responses/vn_page_02_default.json,True,True,True,True,True
13732893373,True,2,raw_responses/page_02_default.json;raw_responses/vn_page_02_default.json,True,True,True,True,True
13732547803,True,2,raw_responses/page_02_default.json;raw_responses/vn_page_02_default.json,True,True,True,True,True
13729660566,True,2,raw_responses/page_02_default.json;raw_responses/vn_page_02_default.json,True,True,True,True,True
13729429377,True,2,raw_responses/page_02_default.json;raw_responses/vn_page_02_default.json,True,True,True,True,True
13714566655,True,2,raw_responses/page_02_default.json;raw_responses/vn_page_02_default.json,True,True,True,True,True
13711043247,True,3,raw_responses/page_03_default.xml;raw_responses/vn_page_03_default.xml;raw_responses/vn_page_03_mostrecent.xml,True,True,True,True,True
13710503150,True,3,raw_responses/page_03_default.xml;raw_responses/vn_page_03_default.xml;raw_responses/vn_page_03_mostrecent.xml,True,True,True,True,True
13709946802,True,3,raw_responses/page_03_default.xml;raw_responses/vn_page_03_default.xml;raw_responses/vn_page_03_mostrecent.xml,True,True,True,True,True
13703439891,True,3,raw_responses/page_03_default.xml;raw_responses/vn_page_03_default.xml;raw_responses/vn_page_03_mostrecent.xml,True,True,True,True,True
13692057749,True,3,raw_responses/page_03_default.xml;raw_responses/vn_page_03_default.xml;raw_responses/vn_page_03_mostrecent.xml,True,True,True,True,True
13691875675,True,3,raw_responses/page_03_default.xml;raw_responses/vn_page_03_default.xml;raw_responses/vn_page_03_mostrecent.xml,True,True,True,True,True
13684259604,True,3,raw_responses/page_03_default.xml;raw_responses/vn_page_03_default.xml;raw_responses/vn_page_03_mostrecent.xml,True,True,True,True,True
13683768965,True,3,raw_responses/page_03_default.xml;raw_responses/vn_page_03_default.xml;raw_responses/vn_page_03_mostrecent.xml,True,True,True,True,True
13681511706,True,3,raw_responses/page_03_default.xml;raw_responses/vn_page_03_default.xml;raw_responses/vn_page_03_mostrecent.xml,True,True,True,True,True
13680993301,True,3,raw_responses/page_03_default.xml;raw_responses/vn_page_03_default.xml;raw_responses/vn_page_03_mostrecent.xml,True,True,True,True,True
13634622324,True,3,raw_responses/page_03_default.xml;raw_responses/vn_page_03_default.xml;raw_responses/vn_page_03_mostrecent.xml,True,True,True,True,True
13631386662,True,3,raw_responses/page_03_default.xml;raw_responses/vn_page_03_default.xml;raw_responses/vn_page_03_mostrecent.xml,True,True,True,True,True
13631009444,True,3,raw_responses/page_03_default.xml;raw_responses/vn_page_03_default.xml;raw_responses/vn_page_03_mostrecent.xml,True,True,True,True,True
13630970402,True,3,raw_responses/page_03_default.xml;raw_responses/vn_page_03_default.xml;raw_responses/vn_page_03_mostrecent.xml,True,True,True,True,True
13630959308,True,3,raw_responses/page_03_default.xml;raw_responses/vn_page_03_default.xml;raw_responses/vn_page_03_mostrecent.xml,True,True,True,True,True
13630959017,True,3,raw_responses/page_03_default.xml;raw_responses/vn_page_03_default.xml;raw_responses/vn_page_03_mostrecent.xml,True,True,True,True,True
13630951162,True,3,raw_responses/page_03_default.xml;raw_responses/vn_page_03_default.xml;raw_responses/vn_page_03_mostrecent.xml,True,True,True,True,True
13630948771,True,3,raw_responses/page_03_default.xml;raw_responses/vn_page_03_default.xml;raw_responses/vn_page_03_mostrecent.xml,True,True,True,True,True
13630947432,True,3,raw_responses/page_03_default.xml;raw_responses/vn_page_03_default.xml;raw_responses/vn_page_03_mostrecent.xml,True,True,True,True,True
13630945627,True,3,raw_responses/page_03_default.xml;raw_responses/vn_page_03_default.xml;raw_responses/vn_page_03_mostrecent.xml,True,True,True,True,True
13630943735,True,3,raw_responses/page_03_default.xml;raw_responses/vn_page_03_default.xml;raw_responses/vn_page_03_mostrecent.xml,True,True,True,True,True
13630942957,True,3,raw_responses/page_03_default.xml;raw_responses/vn_page_03_default.xml;raw_responses/vn_page_03_mostrecent.xml,True,True,True,True,True
13630935825,True,3,raw_responses/page_03_default.xml;raw_responses/vn_page_03_default.xml;raw_responses/vn_page_03_mostrecent.xml,True,True,True,True,True
13630920900,True,3,raw_responses/page_03_default.xml;raw_responses/vn_page_03_default.xml;raw_responses/vn_page_03_mostrecent.xml,True,True,True,True,True
13630917569,True,3,raw_responses/page_03_default.xml;raw_responses/vn_page_03_default.xml;raw_responses/vn_page_03_mostrecent.xml,True,True,True,True,True
13630882706,True,3,raw_responses/page_03_default.xml;raw_responses/vn_page_03_default.xml;raw_responses/vn_page_03_mostrecent.xml,True,True,True,True,True
13630861870,True,3,raw_responses/page_03_default.xml;raw_responses/vn_page_03_default.xml;raw_responses/vn_page_03_mostrecent.xml,True,True,True,True,True
13628373156,True,3,raw_responses/page_03_default.xml;raw_responses/vn_page_03_default.xml;raw_responses/vn_page_03_mostrecent.xml,True,True,True,True,True
13628052342,True,3,raw_responses/page_03_default.xml;raw_responses/vn_page_03_default.xml;raw_responses/vn_page_03_mostrecent.xml,True,True,True,True,True
13612239839,True,3,raw_responses/page_03_default.xml;raw_responses/vn_page_03_default.xml;raw_responses/vn_page_03_mostrecent.xml,True,True,True,True,True
13593563203,True,3,raw_responses/page_03_default.xml;raw_responses/vn_page_03_default.xml;raw_responses/vn_page_03_mostrecent.xml,True,True,True,True,True
13572173414,True,3,raw_responses/page_03_default.xml;raw_responses/vn_page_03_default.xml;raw_responses/vn_page_03_mostrecent.xml,True,True,True,True,True
13572114993,True,3,raw_responses/page_03_default.xml;raw_responses/vn_page_03_default.xml;raw_responses/vn_page_03_mostrecent.xml,True,True,True,True,True
13549003693,True,3,raw_responses/page_03_default.xml;raw_responses/vn_page_03_default.xml;raw_responses/vn_page_03_mostrecent.xml,True,True,True,True,True
13541334311,True,3,raw_responses/page_03_default.xml;raw_responses/vn_page_03_default.xml;raw_responses/vn_page_03_mostrecent.xml,True,True,True,True,True
13534569635,True,3,raw_responses/page_03_default.xml;raw_responses/vn_page_03_default.xml;raw_responses/vn_page_03_mostrecent.xml,True,True,True,True,True
13503906778,True,3,raw_responses/page_03_default.xml;raw_responses/vn_page_03_default.xml;raw_responses/vn_page_03_mostrecent.xml,True,True,True,True,True
13500073382,True,3,raw_responses/page_03_default.xml;raw_responses/vn_page_03_default.xml;raw_responses/vn_page_03_mostrecent.xml,True,True,True,True,True
13476352525,True,3,raw_responses/page_03_default.xml;raw_responses/vn_page_03_default.xml;raw_responses/vn_page_03_mostrecent.xml,True,True,True,True,True
13446154783,True,3,raw_responses/page_03_default.xml;raw_responses/vn_page_03_default.xml;raw_responses/vn_page_03_mostrecent.xml,True,True,True,True,True
13445903889,True,3,raw_responses/page_03_default.xml;raw_responses/vn_page_03_default.xml;raw_responses/vn_page_03_mostrecent.xml,True,True,True,True,True
13416185136,True,3,raw_responses/page_03_default.xml;raw_responses/vn_page_03_default.xml;raw_responses/vn_page_03_mostrecent.xml,True,True,True,True,True
13411715829,True,3,raw_responses/page_03_default.xml;raw_responses/vn_page_03_default.xml;raw_responses/vn_page_03_mostrecent.xml,True,True,True,True,True
13388783260,True,3,raw_responses/page_03_default.xml;raw_responses/vn_page_03_default.xml;raw_responses/vn_page_03_mostrecent.xml,True,True,True,True,True
13387339116,True,3,raw_responses/page_03_default.xml;raw_responses/vn_page_03_default.xml;raw_responses/vn_page_03_mostrecent.xml,True,True,True,True,True
13383696543,True,3,raw_responses/page_03_default.xml;raw_responses/vn_page_03_default.xml;raw_responses/vn_page_03_mostrecent.xml,True,True,True,True,True
13379715404,True,3,raw_responses/page_03_default.xml;raw_responses/vn_page_03_default.xml;raw_responses/vn_page_03_mostrecent.xml,True,True,True,True,True
13379249960,True,3,raw_responses/page_03_default.xml;raw_responses/vn_page_03_default.xml;raw_responses/vn_page_03_mostrecent.xml,True,True,True,True,True
13362364103,True,3,raw_responses/page_03_default.xml;raw_responses/vn_page_03_default.xml;raw_responses/vn_page_03_mostrecent.xml,True,True,True,True,True
13358337331,True,3,raw_responses/page_03_default.xml;raw_responses/vn_page_03_default.xml;raw_responses/vn_page_03_mostrecent.xml,True,True,True,True,True
12605203687,True,1,raw_responses/vn_page_06_default.json,True,True,True,True,True
12604943636,True,1,raw_responses/vn_page_06_default.json,True,True,True,True,True
12575139134,True,1,raw_responses/vn_page_06_default.json,True,True,True,True,True
12571498975,True,1,raw_responses/vn_page_06_default.json,True,True,True,True,True
12568189367,True,1,raw_responses/vn_page_06_default.json,True,True,True,True,True
12567815927,True,1,raw_responses/vn_page_06_default.json,True,True,True,True,True
12545090227,True,1,raw_responses/vn_page_06_default.json,True,True,True,True,True
12530510462,True,1,raw_responses/vn_page_06_default.json,True,True,True,True,True
12529231767,True,1,raw_responses/vn_page_06_default.json,True,True,True,True,True
12529188894,True,1,raw_responses/vn_page_06_default.json,True,True,True,True,True
12527068142,True,1,raw_responses/vn_page_06_default.json,True,True,True,True,True
12526882408,True,1,raw_responses/vn_page_06_default.json,True,True,True,True,True
12526738886,True,1,raw_responses/vn_page_06_default.json,True,True,True,True,True
12524926430,True,1,raw_responses/vn_page_06_default.json,True,True,True,True,True
12524834794,True,1,raw_responses/vn_page_06_default.json,True,True,True,True,True
12524144104,True,1,raw_responses/vn_page_06_default.json,True,True,True,True,True
12518940042,True,1,raw_responses/vn_page_06_default.json,True,True,True,True,True
12501658993,True,1,raw_responses/vn_page_06_default.json,True,True,True,True,True
12500908724,True,1,raw_responses/vn_page_06_default.json,True,True,True,True,True
12492849736,True,1,raw_responses/vn_page_06_default.json,True,True,True,True,True
12472251645,True,1,raw_responses/vn_page_06_default.json,True,True,True,True,True
12469670827,True,1,raw_responses/vn_page_06_default.json,True,True,True,True,True
12453957660,True,1,raw_responses/vn_page_06_default.json,True,True,True,True,True
12442692786,True,1,raw_responses/vn_page_06_default.json,True,True,True,True,True
12434867625,True,1,raw_responses/vn_page_06_default.json,True,True,True,True,True
12406839316,True,1,raw_responses/vn_page_06_default.json,True,True,True,True,True
12403217122,True,1,raw_responses/vn_page_06_default.json,True,True,True,True,True
12400663065,True,1,raw_responses/vn_page_06_default.json,True,True,True,True,True
12388866897,True,1,raw_responses/vn_page_06_default.json,True,True,True,True,True
12387003343,True,1,raw_responses/vn_page_06_default.json,True,True,True,True,True
12383638403,True,1,raw_responses/vn_page_06_default.json,True,True,True,True,True
12381075336,True,1,raw_responses/vn_page_06_default.json,True,True,True,True,True
12379946562,True,1,raw_responses/vn_page_06_default.json,True,True,True,True,True
12356932020,True,1,raw_responses/vn_page_06_default.json,True,True,True,True,True
12338671343,True,1,raw_responses/vn_page_06_default.json,True,True,True,True,True
12316968970,True,1,raw_responses/vn_page_06_default.json,True,True,True,True,True
12308962875,True,1,raw_responses/vn_page_06_default.json,True,True,True,True,True
12301648806,True,1,raw_responses/vn_page_06_default.json,True,True,True,True,True
12276846294,True,1,raw_responses/vn_page_06_default.json,True,True,True,True,True
12272742831,True,1,raw_responses/vn_page_06_default.json,True,True,True,True,True
12268805709,True,1,raw_responses/vn_page_06_default.json,True,True,True,True,True
12223647522,True,1,raw_responses/vn_page_06_default.json,True,True,True,True,True
12219869008,True,1,raw_responses/vn_page_06_default.json,True,True,True,True,True
12189754220,True,1,raw_responses/vn_page_06_default.json,True,True,True,True,True
12166276133,True,2,raw_responses/page_07_mostHelpful.json;raw_responses/vn_page_06_default.json,True,True,True,True,True
12166129599,True,2,raw_responses/page_07_mostHelpful.json;raw_responses/vn_page_06_default.json,True,True,True,True,True
12161401216,True,2,raw_responses/page_07_mostHelpful.json;raw_responses/vn_page_06_default.json,True,True,True,True,True
12126154861,True,2,raw_responses/page_07_mostHelpful.json;raw_responses/vn_page_06_default.json,True,True,True,True,True
12098535718,True,2,raw_responses/page_07_mostHelpful.json;raw_responses/vn_page_06_default.json,True,True,True,True,True
12092046546,True,2,raw_responses/page_07_mostHelpful.json;raw_responses/vn_page_06_default.json,True,True,True,True,True
11739249327,True,3,raw_responses/page_09_mostrecent.json;raw_responses/vn_page_09_default.json;raw_responses/vn_page_09_default.xml,True,True,True,True,True
11739179609,True,3,raw_responses/page_09_mostrecent.json;raw_responses/vn_page_09_default.json;raw_responses/vn_page_09_default.xml,True,True,True,True,True
11739124799,True,4,raw_responses/page_09_mostrecent.json;raw_responses/vn_page_09_default.json;raw_responses/vn_page_09_default.xml;raw_responses/vn_page_09_mostHelpful.xml,True,True,True,True,True
11739109096,True,4,raw_responses/page_09_mostrecent.json;raw_responses/vn_page_09_default.json;raw_responses/vn_page_09_default.xml;raw_responses/vn_page_09_mostHelpful.xml,True,True,True,True,True
11739086712,True,4,raw_responses/page_09_mostrecent.json;raw_responses/vn_page_09_default.json;raw_responses/vn_page_09_default.xml;raw_responses/vn_page_09_mostHelpful.xml,True,True,True,True,True
11739051631,True,4,raw_responses/page_09_mostrecent.json;raw_responses/vn_page_09_default.json;raw_responses/vn_page_09_default.xml;raw_responses/vn_page_09_mostHelpful.xml,True,True,True,True,True
11738768934,True,4,raw_responses/page_09_mostrecent.json;raw_responses/vn_page_09_default.json;raw_responses/vn_page_09_default.xml;raw_responses/vn_page_09_mostHelpful.xml,True,True,True,True,True
11738692321,True,4,raw_responses/page_09_mostrecent.json;raw_responses/vn_page_09_default.json;raw_responses/vn_page_09_default.xml;raw_responses/vn_page_09_mostHelpful.xml,True,True,True,True,True
11738398055,True,4,raw_responses/page_09_mostrecent.json;raw_responses/vn_page_09_default.json;raw_responses/vn_page_09_default.xml;raw_responses/vn_page_09_mostHelpful.xml,True,True,True,True,True
11738318558,True,4,raw_responses/page_09_mostrecent.json;raw_responses/vn_page_09_default.json;raw_responses/vn_page_09_default.xml;raw_responses/vn_page_09_mostHelpful.xml,True,True,True,True,True
11738090891,True,4,raw_responses/page_09_mostrecent.json;raw_responses/vn_page_09_default.json;raw_responses/vn_page_09_default.xml;raw_responses/vn_page_09_mostHelpful.xml,True,True,True,True,True
11737894863,True,4,raw_responses/page_09_mostrecent.json;raw_responses/vn_page_09_default.json;raw_responses/vn_page_09_default.xml;raw_responses/vn_page_09_mostHelpful.xml,True,True,True,True,True
11737875975,True,3,raw_responses/page_09_mostrecent.json;raw_responses/vn_page_09_default.json;raw_responses/vn_page_09_default.xml,True,True,True,True,True
11737774724,True,4,raw_responses/page_09_mostrecent.json;raw_responses/vn_page_09_default.json;raw_responses/vn_page_09_default.xml;raw_responses/vn_page_09_mostHelpful.xml,True,True,True,True,True
11737756821,True,4,raw_responses/page_09_mostrecent.json;raw_responses/vn_page_09_default.json;raw_responses/vn_page_09_default.xml;raw_responses/vn_page_09_mostHelpful.xml,True,True,True,True,True
11737738681,True,4,raw_responses/page_09_mostrecent.json;raw_responses/vn_page_09_default.json;raw_responses/vn_page_09_default.xml;raw_responses/vn_page_09_mostHelpful.xml,True,True,True,True,True
11737734584,True,4,raw_responses/page_09_mostrecent.json;raw_responses/vn_page_09_default.json;raw_responses/vn_page_09_default.xml;raw_responses/vn_page_09_mostHelpful.xml,True,True,True,True,True
11737709558,True,4,raw_responses/page_09_mostrecent.json;raw_responses/vn_page_09_default.json;raw_responses/vn_page_09_default.xml;raw_responses/vn_page_09_mostHelpful.xml,True,True,True,True,True
11737687886,True,3,raw_responses/page_09_mostrecent.json;raw_responses/vn_page_09_default.json;raw_responses/vn_page_09_default.xml,True,True,True,True,True
11737667835,True,4,raw_responses/page_09_mostrecent.json;raw_responses/vn_page_09_default.json;raw_responses/vn_page_09_default.xml;raw_responses/vn_page_09_mostHelpful.xml,True,True,True,True,True
11737645572,True,4,raw_responses/page_09_mostrecent.json;raw_responses/vn_page_09_default.json;raw_responses/vn_page_09_default.xml;raw_responses/vn_page_09_mostHelpful.xml,True,True,True,True,True
11737637438,True,4,raw_responses/page_09_mostrecent.json;raw_responses/vn_page_09_default.json;raw_responses/vn_page_09_default.xml;raw_responses/vn_page_09_mostHelpful.xml,True,True,True,True,True
11737593258,True,4,raw_responses/page_09_mostrecent.json;raw_responses/vn_page_09_default.json;raw_responses/vn_page_09_default.xml;raw_responses/vn_page_09_mostHelpful.xml,True,True,True,True,True
11737591937,True,4,raw_responses/page_09_mostrecent.json;raw_responses/vn_page_09_default.json;raw_responses/vn_page_09_default.xml;raw_responses/vn_page_09_mostHelpful.xml,True,True,True,True,True
11737585928,True,4,raw_responses/page_09_mostrecent.json;raw_responses/vn_page_09_default.json;raw_responses/vn_page_09_default.xml;raw_responses/vn_page_09_mostHelpful.xml,True,True,True,True,True
11737584955,True,4,raw_responses/page_09_mostrecent.json;raw_responses/vn_page_09_default.json;raw_responses/vn_page_09_default.xml;raw_responses/vn_page_09_mostHelpful.xml,True,True,True,True,True
11737569918,True,4,raw_responses/page_09_mostrecent.json;raw_responses/vn_page_09_default.json;raw_responses/vn_page_09_default.xml;raw_responses/vn_page_09_mostHelpful.xml,True,True,True,True,True
11737559191,True,4,raw_responses/page_09_mostrecent.json;raw_responses/vn_page_09_default.json;raw_responses/vn_page_09_default.xml;raw_responses/vn_page_09_mostHelpful.xml,True,True,True,True,True
11737544439,True,4,raw_responses/page_09_mostrecent.json;raw_responses/vn_page_09_default.json;raw_responses/vn_page_09_default.xml;raw_responses/vn_page_09_mostHelpful.xml,True,True,True,True,True
11737542381,True,4,raw_responses/page_09_mostrecent.json;raw_responses/vn_page_09_default.json;raw_responses/vn_page_09_default.xml;raw_responses/vn_page_09_mostHelpful.xml,True,True,True,True,True
11737533387,True,3,raw_responses/page_09_mostrecent.json;raw_responses/vn_page_09_default.json;raw_responses/vn_page_09_default.xml,True,True,True,True,True
11737517274,True,4,raw_responses/page_09_mostrecent.json;raw_responses/vn_page_09_default.json;raw_responses/vn_page_09_default.xml;raw_responses/vn_page_09_mostHelpful.xml,True,True,True,True,True
11737437185,True,4,raw_responses/page_09_mostrecent.json;raw_responses/vn_page_09_default.json;raw_responses/vn_page_09_default.xml;raw_responses/vn_page_09_mostHelpful.xml,True,True,True,True,True
11737363599,True,4,raw_responses/page_09_mostrecent.json;raw_responses/vn_page_09_default.json;raw_responses/vn_page_09_default.xml;raw_responses/vn_page_09_mostHelpful.xml,True,True,True,True,True
11737328061,True,3,raw_responses/page_09_mostrecent.json;raw_responses/vn_page_09_default.json;raw_responses/vn_page_09_default.xml,True,True,True,True,True
11737323606,True,4,raw_responses/page_09_mostrecent.json;raw_responses/vn_page_09_default.json;raw_responses/vn_page_09_default.xml;raw_responses/vn_page_09_mostHelpful.xml,True,True,True,True,True
11737303426,True,4,raw_responses/page_09_mostrecent.json;raw_responses/vn_page_09_default.json;raw_responses/vn_page_09_default.xml;raw_responses/vn_page_09_mostHelpful.xml,True,True,True,True,True
11737301876,True,4,raw_responses/page_09_mostrecent.json;raw_responses/vn_page_09_default.json;raw_responses/vn_page_09_default.xml;raw_responses/vn_page_09_mostHelpful.xml,True,True,True,True,True
11737288144,True,4,raw_responses/page_09_mostrecent.json;raw_responses/vn_page_09_default.json;raw_responses/vn_page_09_default.xml;raw_responses/vn_page_09_mostHelpful.xml,True,True,True,True,True
11737266767,True,4,raw_responses/page_09_mostrecent.json;raw_responses/vn_page_09_default.json;raw_responses/vn_page_09_default.xml;raw_responses/vn_page_09_mostHelpful.xml,True,True,True,True,True
11737258935,True,4,raw_responses/page_09_mostrecent.json;raw_responses/vn_page_09_default.json;raw_responses/vn_page_09_default.xml;raw_responses/vn_page_09_mostHelpful.xml,True,True,True,True,True
11737247282,True,4,raw_responses/page_09_mostrecent.json;raw_responses/vn_page_09_default.json;raw_responses/vn_page_09_default.xml;raw_responses/vn_page_09_mostHelpful.xml,True,True,True,True,True
11737242792,True,4,raw_responses/page_09_mostrecent.json;raw_responses/vn_page_09_default.json;raw_responses/vn_page_09_default.xml;raw_responses/vn_page_09_mostHelpful.xml,True,True,True,True,True
11737235462,True,3,raw_responses/page_09_mostrecent.json;raw_responses/vn_page_09_default.json;raw_responses/vn_page_09_default.xml,True,True,True,True,True
11737234360,True,4,raw_responses/page_09_mostrecent.json;raw_responses/vn_page_09_default.json;raw_responses/vn_page_09_default.xml;raw_responses/vn_page_09_mostHelpful.xml,True,True,True,True,True
11737227049,True,3,raw_responses/page_09_mostrecent.json;raw_responses/vn_page_09_default.json;raw_responses/vn_page_09_default.xml,True,True,True,True,True
11737209733,True,3,raw_responses/page_09_mostrecent.json;raw_responses/vn_page_09_default.json;raw_responses/vn_page_09_default.xml,True,True,True,True,True
11737205326,True,4,raw_responses/page_09_mostrecent.json;raw_responses/vn_page_09_default.json;raw_responses/vn_page_09_default.xml;raw_responses/vn_page_09_mostHelpful.xml,True,True,True,True,True
11737197834,True,4,raw_responses/page_09_mostrecent.json;raw_responses/vn_page_09_default.json;raw_responses/vn_page_09_default.xml;raw_responses/vn_page_09_mostHelpful.xml,True,True,True,True,True
11737196985,True,4,raw_responses/page_09_mostrecent.json;raw_responses/vn_page_09_default.json;raw_responses/vn_page_09_default.xml;raw_responses/vn_page_09_mostHelpful.xml,True,True,True,True,True
11737193136,True,1,raw_responses/vn_page_09_mostHelpful.xml,True,True,True,True,True
11737172573,True,1,raw_responses/vn_page_09_mostHelpful.xml,True,True,True,True,True
11737168948,True,1,raw_responses/vn_page_09_mostHelpful.xml,True,True,True,True,True
11737157176,True,1,raw_responses/vn_page_09_mostHelpful.xml,True,True,True,True,True
11737153075,True,1,raw_responses/vn_page_09_mostHelpful.xml,True,True,True,True,True
11737118633,True,1,raw_responses/vn_page_09_mostHelpful.xml,True,True,True,True,True
11737104569,True,1,raw_responses/vn_page_09_mostHelpful.xml,True,True,True,True,True
11737079010,True,1,raw_responses/vn_page_09_mostHelpful.xml,True,True,True,True,True
11737075811,True,1,raw_responses/vn_page_09_mostHelpful.xml,True,True,True,True,True
