review_id,author,rating,title,content,review_date,app_version,storefront,endpoint_groups,source_files,raw_occurrence_count,is_structurally_valid_review,belongs_to_tcinvest_response,has_required_core_fields,same_author_multiple_ids,exact_content_duplicate_elsewhere,same_author_highly_similar_content,same_review_id_multiple_states,inclusion_assessment
11736875655,jsjdhdksyssh,5,Hữu ích,Giao dịch tiện lợi và nhanh chóng,2024-09-18T03:02:07-07:00,5.7,vn,unprefixed_legacy_raw_responses|xml|mostHelpful|page=10,raw_responses/page_10_mostHelpful.xml,1,True,True,True,False,False,False,False,strong_candidate_for_inclusion
11736877477,105CG78688,5,Rất là ok,Nhanh gọn thuận tiện,2024-09-18T03:02:55-07:00,5.7,vn,unprefixed_legacy_raw_responses|xml|mostHelpful|page=10,raw_responses/page_10_mostHelpful.xml,1,True,True,True,False,False,False,False,strong_candidate_for_inclusion
11736879163,BTHV.SSV,5,App rất dễ sử dụng,Nhiều tiện ích Stk 105CH91198,2024-09-18T03:03:40-07:00,5.7,vn,unprefixed_legacy_raw_responses|xml|mostHelpful|page=10,raw_responses/page_10_mostHelpful.xml,1,True,True,True,False,False,False,False,strong_candidate_for_inclusion
11736881714,105CP01787,5,105CP01787,105CP01787 tôi thích bảng giá,2024-09-18T03:04:46-07:00,5.7,vn,unprefixed_legacy_raw_responses|xml|mostHelpful|page=10,raw_responses/page_10_mostHelpful.xml,1,True,True,True,False,False,False,False,strong_candidate_for_inclusion
11736881923,Kimmy Thuỷ,5,Tài khoản: 105CB49266,"Tài khoản: 105CB49266
Áp rất tiện lợi. Giao dịch mua bán cổ phiếu thuận tiện và dễ sử dụng",2024-09-18T03:04:51-07:00,5.7,vn,unprefixed_legacy_raw_responses|xml|mostHelpful|page=10,raw_responses/page_10_mostHelpful.xml,1,True,True,True,False,False,False,False,strong_candidate_for_inclusion
11736882017,JimmyProDuy,5,Tuyệt vời,105CBLBD05 tôi yêu thích bảng giá,2024-09-18T03:04:53-07:00,5.7,vn,unprefixed_legacy_raw_responses|xml|mostHelpful|page=10,raw_responses/page_10_mostHelpful.xml,1,True,True,True,False,False,False,False,strong_candidate_for_inclusion
11736882418,Haáionqqqqqq,5,Ứng dụng dễ sử dụng,Ứng dụng với giao diện và thao tác dễ thực hiện,2024-09-18T03:05:03-07:00,5.7,vn,unprefixed_legacy_raw_responses|xml|mostHelpful|page=10,raw_responses/page_10_mostHelpful.xml,1,True,True,True,False,False,False,False,strong_candidate_for_inclusion
11736883334,Yên1305,5,Oke,Ứng dụng tiện ích giúp chúng tôi kiểm soát đc tk bảo mật,2024-09-18T03:05:27-07:00,5.7,vn,unprefixed_legacy_raw_responses|xml|mostHelpful|page=10,raw_responses/page_10_mostHelpful.xml,1,True,True,True,False,False,False,False,strong_candidate_for_inclusion
11736883500,Naibambi710,5,Techcombank,"Ứng dụng dễ xài, nhiều tiện ích",2024-09-18T03:05:31-07:00,5.7,vn,unprefixed_legacy_raw_responses|xml|mostHelpful|page=10,raw_responses/page_10_mostHelpful.xml,1,True,True,True,False,False,False,False,strong_candidate_for_inclusion
11736886805,cocghe14,5,105CF89579,105CF89579 tôi thích bảng giá,2024-09-18T03:06:56-07:00,5.7,vn,unprefixed_legacy_raw_responses|xml|mostHelpful|page=10,raw_responses/page_10_mostHelpful.xml,1,True,True,True,False,False,False,False,strong_candidate_for_inclusion
11736887227,Find318,5,Đánh giá ứng dụng.,105CHUUTAI tôi thích bảng giá,2024-09-18T03:07:07-07:00,5.7,vn,unprefixed_legacy_raw_responses|xml|mostHelpful|page=10,raw_responses/page_10_mostHelpful.xml,1,True,True,True,False,False,False,False,strong_candidate_for_inclusion
11736887458,567 NL,5,105CNL6686,105CNL6686 good,2024-09-18T03:07:14-07:00,5.7,vn,unprefixed_legacy_raw_responses|xml|mostHelpful|page=10,raw_responses/page_10_mostHelpful.xml,1,True,True,True,False,False,False,False,strong_candidate_for_inclusion
11736888952,Speculator688,5,105CHNQ688,"105CHNQ688
Bảng giá mượt mà, nhiều công cụ hữu ích để phục vụ nhu cầu của nhà đầu tư.",2024-09-18T03:07:55-07:00,5.7,vn,unprefixed_legacy_raw_responses|xml|mostHelpful|page=10,raw_responses/page_10_mostHelpful.xml,1,True,True,True,False,False,False,False,strong_candidate_for_inclusion
11736889608,Tangkhungkhiep,5,105CTOIYEUVN,Chất lượng dịch vụ quá tốt,2024-09-18T03:08:12-07:00,5.7,vn,unprefixed_legacy_raw_responses|xml|mostHelpful|page=10,raw_responses/page_10_mostHelpful.xml,1,True,True,True,False,False,False,False,strong_candidate_for_inclusion
11736890063,Ledinhquy,5,good,xài tốt nhưng lãi margin hơi cao,2024-09-18T03:08:24-07:00,5.7,vn,unprefixed_legacy_raw_responses|xml|mostHelpful|page=10,raw_responses/page_10_mostHelpful.xml,1,True,True,True,False,False,False,False,strong_candidate_for_inclusion
11736890736,Kun2714,5,App Techcombank,"Qua 5 năm sử dụng , App Techcombank ổn định, dễ dàng sử dụng và có tính bảo mật cao",2024-09-18T03:08:40-07:00,5.7,vn,unprefixed_legacy_raw_responses|xml|mostHelpful|page=10,raw_responses/page_10_mostHelpful.xml,1,True,True,True,False,False,False,False,strong_candidate_for_inclusion
11736891062,フォローカイ,5,105CTOIYEUVN tôi thích bảng giá,Good,2024-09-18T03:08:49-07:00,5.7,vn,unprefixed_legacy_raw_responses|xml|mostHelpful|page=10,raw_responses/page_10_mostHelpful.xml,1,True,True,True,False,True,False,False,ambiguous_needs_human_decision
11736891535,thanhle vnnn,5,Tuyệt,105CT10298 quá ok,2024-09-18T03:09:02-07:00,5.7,vn,unprefixed_legacy_raw_responses|xml|mostHelpful|page=10,raw_responses/page_10_mostHelpful.xml,1,True,True,True,False,False,False,False,strong_candidate_for_inclusion
11736894984,Ken666888@,5,Đánh giá,"Ứng dụng ok, dùng mượt",2024-09-18T03:10:31-07:00,5.7,vn,unprefixed_legacy_raw_responses|xml|mostHelpful|page=10,raw_responses/page_10_mostHelpful.xml,1,True,True,True,False,False,False,False,strong_candidate_for_inclusion
11736896147,Duoma999,5,105CANHVU5 tôi yêu TCBS,Tuyệt zời,2024-09-18T03:11:01-07:00,5.7,vn,unprefixed_legacy_raw_responses|xml|mostHelpful|page=10,raw_responses/page_10_mostHelpful.xml,1,True,True,True,False,False,False,False,strong_candidate_for_inclusion
11736898699,Miol1106,5,Good,105CG56299 tôi thích tcbs,2024-09-18T03:12:05-07:00,5.7,vn,unprefixed_legacy_raw_responses|xml|mostHelpful|page=10,raw_responses/page_10_mostHelpful.xml,1,True,True,True,False,False,False,False,strong_candidate_for_inclusion
11736900062,Được đấyy,5,Ngon,Ngon,2024-09-18T03:12:42-07:00,5.7,vn,unprefixed_legacy_raw_responses|xml|mostHelpful|page=10,raw_responses/page_10_mostHelpful.xml,1,True,True,True,False,False,False,False,strong_candidate_for_inclusion
11736902250,LuÂn-Ka,5,105CLK3999,105clk3999 tôi thích bảng giá,2024-09-18T03:13:40-07:00,5.7,vn,unprefixed_legacy_raw_responses|xml|mostHelpful|page=10,raw_responses/page_10_mostHelpful.xml,1,True,True,True,False,False,False,False,strong_candidate_for_inclusion
11736905097,DonotlikeVNPay,5,Tốt,"Ap rõ ràng, dễ giao dịch

105CYV2909",2024-09-18T03:14:55-07:00,5.7,vn,unprefixed_legacy_raw_responses|xml|mostHelpful|page=10,raw_responses/page_10_mostHelpful.xml,1,True,True,True,False,False,False,False,strong_candidate_for_inclusion
11736909612,kienxiny,5,App dùng tốt,"Dùng ổn, mượt",2024-09-18T03:16:52-07:00,5.7,vn,unprefixed_legacy_raw_responses|xml|mostHelpful|page=10,raw_responses/page_10_mostHelpful.xml,1,True,True,True,False,False,False,False,strong_candidate_for_inclusion
11736910823,Phamthanhliem Vinhomes,5,105CM33388 tôi thích bảng giá,105CM33388 tôi thích bảng giá,2024-09-18T03:17:24-07:00,5.7,vn,unprefixed_legacy_raw_responses|xml|mostHelpful|page=10,raw_responses/page_10_mostHelpful.xml,1,True,True,True,False,False,False,False,strong_candidate_for_inclusion
11736916314,Biểnmây,5,105CF79001,105CF79001 tôi thích bảng giá,2024-09-18T03:19:43-07:00,5.7,vn,unprefixed_legacy_raw_responses|xml|mostHelpful|page=10,raw_responses/page_10_mostHelpful.xml,1,True,True,True,False,False,False,False,strong_candidate_for_inclusion
11736917008,roy_vo,5,Good,105CHAVS97 app dễ sử dụng.,2024-09-18T03:20:01-07:00,5.7,vn,unprefixed_legacy_raw_responses|xml|mostHelpful|page=10,raw_responses/page_10_mostHelpful.xml,1,True,True,True,False,False,False,False,strong_candidate_for_inclusion
11736919174,thuanvip9c,5,Quá tuyệt,Tôi stk ck tcbs 105CP9559,2024-09-18T03:20:57-07:00,5.7,vn,unprefixed_legacy_raw_responses|xml|mostHelpful|page=10,raw_responses/page_10_mostHelpful.xml,1,True,True,True,False,False,False,False,strong_candidate_for_inclusion
11736936932,Do quoc Thanh,5,Techcombank,"Rất an toàn, chuyển tiền nhanh chóng. Xin cảm ơn techcombank đã đem đến những tính năng tạo ra dòng tiền rất hợp lý",2024-09-18T03:28:29-07:00,5.7,vn,unprefixed_legacy_raw_responses|xml|mostHelpful|page=10,raw_responses/page_10_mostHelpful.xml,1,True,True,True,False,False,False,False,strong_candidate_for_inclusion
11736938009,Scaramouche2595,5,Nhận xét ok,Xx,2024-09-18T03:28:57-07:00,5.7,vn,unprefixed_legacy_raw_responses|xml|mostHelpful|page=10,raw_responses/page_10_mostHelpful.xml,1,True,True,True,False,False,False,False,strong_candidate_for_inclusion
11736944054,105CD11121,5,105CD11121 đánh giá app,105CD11121 tôi thích bảng giá,2024-09-18T03:31:29-07:00,5.7,vn,unprefixed_legacy_raw_responses|xml|mostHelpful|page=10,raw_responses/page_10_mostHelpful.xml,1,True,True,True,False,False,False,False,strong_candidate_for_inclusion
11736948483,Baohwwy,5,105CTOIYEUVN,105CA14243 tôi thích bảng giá,2024-09-18T03:33:17-07:00,5.7,vn,unprefixed_legacy_raw_responses|xml|mostHelpful|page=10,raw_responses/page_10_mostHelpful.xml,1,True,True,True,False,False,False,False,strong_candidate_for_inclusion
11736948542,k.huyen.tc,5,Đánh giá,105CB26878 tôi thích app này vì chi phí giao dịch rẻ,2024-09-18T03:33:18-07:00,5.7,vn,unprefixed_legacy_raw_responses|xml|mostHelpful|page=10,raw_responses/page_10_mostHelpful.xml,1,True,True,True,False,False,False,False,strong_candidate_for_inclusion
11736952865,105CE76089,5,Đánh giá,105CE76089  tôi thích bảng giá,2024-09-18T03:35:06-07:00,5.7,vn,unprefixed_legacy_raw_responses|xml|mostHelpful|page=10,raw_responses/page_10_mostHelpful.xml,1,True,True,True,False,False,False,False,strong_candidate_for_inclusion
11736959335,yoonjinloki,5,Giao diện dễ sử dụng,"App dễ sử dụng và thông minh, tích hợp nhiều công cụ phân tích, tin tức cập nhật liên tục cho các nhà đầu tư
ID: 105CHG9496",2024-09-18T03:37:47-07:00,5.7,vn,unprefixed_legacy_raw_responses|xml|mostHelpful|page=10,raw_responses/page_10_mostHelpful.xml,1,True,True,True,False,False,False,False,strong_candidate_for_inclusion
11736975483,Bố Quỳnh Hương,5,105CDH9292,Tôi đang sử dụng ứng dụng chứng khoán TCBS  ứng dụng dễ dùng thao tác lệnh nhanh.  105CDH9292,2024-09-18T03:44:23-07:00,5.7,vn,unprefixed_legacy_raw_responses|xml|mostHelpful|page=10,raw_responses/page_10_mostHelpful.xml,1,True,True,True,False,False,False,False,strong_candidate_for_inclusion
11736980246,Cuabacang,4,Phản hồi,Tôi đã tham gia nhưng thấy sự phản hồi hơi chậm,2024-09-18T03:46:20-07:00,5.7,vn,unprefixed_legacy_raw_responses|xml|mostHelpful|page=10,raw_responses/page_10_mostHelpful.xml,1,True,True,True,False,False,False,False,strong_candidate_for_inclusion
11736990671,Hung.cvkevin,5,TCBS,105CVA2014 tôi thích giao diện bên TCBS,2024-09-18T03:50:36-07:00,5.7,vn,unprefixed_legacy_raw_responses|xml|mostHelpful|page=10,raw_responses/page_10_mostHelpful.xml,1,True,True,True,False,False,False,False,strong_candidate_for_inclusion
11736995322,phamvancuongviu,5,Tốt,Ứng dụng tốt,2024-09-18T03:52:31-07:00,5.7,vn,unprefixed_legacy_raw_responses|xml|mostHelpful|page=10,raw_responses/page_10_mostHelpful.xml,1,True,True,True,False,False,False,False,strong_candidate_for_inclusion
11737004968,muafi7991,5,105C8J8899 tôi thích bảng giá,105C8J8899 tôi thích bảng giá,2024-09-18T03:56:19-07:00,5.7,vn,unprefixed_legacy_raw_responses|xml|mostHelpful|page=10,raw_responses/page_10_mostHelpful.xml,1,True,True,True,False,False,False,False,strong_candidate_for_inclusion
11737005757,huỷ diệt áp sờ to,5,105CD99529,Ok,2024-09-18T03:56:38-07:00,5.7,vn,unprefixed_legacy_raw_responses|xml|mostHelpful|page=10,raw_responses/page_10_mostHelpful.xml,1,True,True,True,False,True,False,False,ambiguous_needs_human_decision
11737005901,TCBS9196,5,TCBS 105CJ69196,"App rất tiện lợi, dễ sử dụng, tính minh bạch cao.
Tài khoản TCBS: 105CJ69196",2024-09-18T03:56:41-07:00,5.7,vn,unprefixed_legacy_raw_responses|xml|mostHelpful|page=10,raw_responses/page_10_mostHelpful.xml,1,True,True,True,False,False,False,False,strong_candidate_for_inclusion
11737009269,itnguyen,5,105CA60279,Tuyệt vời. rất mượt,2024-09-18T03:58:00-07:00,5.7,vn,unprefixed_legacy_raw_responses|xml|mostHelpful|page=10,raw_responses/page_10_mostHelpful.xml,1,True,True,True,False,False,False,False,strong_candidate_for_inclusion
11737023017,cuongbm3,5,105C34363I tôi thích bảng giá,105C34363I tôi thích bảng giá,2024-09-18T04:03:14-07:00,5.7,vn,unprefixed_legacy_raw_responses|xml|mostHelpful|page=10,raw_responses/page_10_mostHelpful.xml,1,True,True,True,False,False,False,False,strong_candidate_for_inclusion
11737051356,Hung@Anh,5,Nhận 30 ixu,105CE98199 tôi thích bảng giá,2024-09-18T04:14:08-07:00,5.7,vn,unprefixed_legacy_raw_responses|xml|mostHelpful|page=10,raw_responses/page_10_mostHelpful.xml,1,True,True,True,False,False,False,False,strong_candidate_for_inclusion
11737057325,ahhdjjwjNMr,5,App rất tuyệt,105CTHK888 app rất tuyệt,2024-09-18T04:16:23-07:00,5.7,vn,unprefixed_legacy_raw_responses|xml|mostHelpful|page=10,raw_responses/page_10_mostHelpful.xml,1,True,True,True,False,False,False,False,strong_candidate_for_inclusion
11737069705,MinhNgoc968,5,105CN68989,"App dễ sử dụng, phí rẻ 105CN68989",2024-09-18T04:20:59-07:00,5.7,vn,unprefixed_legacy_raw_responses|xml|mostHelpful|page=10,raw_responses/page_10_mostHelpful.xml,1,True,True,True,False,False,False,False,strong_candidate_for_inclusion
11737072937,Sam@thoi,5,Đánh giá dịch vụ,105CA73989 tôi thích bảng giá,2024-09-18T04:22:09-07:00,5.7,vn,unprefixed_legacy_raw_responses|xml|mostHelpful|page=10,raw_responses/page_10_mostHelpful.xml,1,True,True,True,False,False,False,False,strong_candidate_for_inclusion
11737075647,Anh tu anh tu,5,App ổn định nhiều tính năng hay,"Xài khá ok, tính năng nhiều, phí rẻ",2024-09-18T04:23:08-07:00,5.7,vn,unprefixed_legacy_raw_responses|xml|mostHelpful|page=10,raw_responses/page_10_mostHelpful.xml,1,True,True,True,False,False,False,False,strong_candidate_for_inclusion
11739259675,105CA44533,5,105CA44533,Rất tốt 105CA44533,2024-09-18T17:36:02-07:00,5.7,vn,legacy_raw_json|json|mostrecent|page=8,raw_json/page_08.json,1,True,True,True,False,False,False,False,strong_candidate_for_inclusion
11739302662,Robloxvnglangu,5,105CF02030,"Xài cũng ổn, lúc khẩn cấp nhất cũng ko bị đơ hẳn, dù có chậm xíu..",2024-09-18T17:54:58-07:00,5.7,vn,legacy_raw_json|json|mostrecent|page=8,raw_json/page_08.json,1,True,True,True,False,False,False,False,strong_candidate_for_inclusion
11739343587,MeTiNi86,5,Rất hài lòng,105CTINI86 tôi thích TCBS,2024-09-18T18:12:44-07:00,5.7,vn,legacy_raw_json|json|mostrecent|page=8,raw_json/page_08.json,1,True,True,True,False,False,False,False,strong_candidate_for_inclusion
11739379607,Quyết ĐTN,5,Đánh giá,105cg64686 tôi thích bảng giá,2024-09-18T18:28:28-07:00,5.7,vn,legacy_raw_json|json|mostrecent|page=8,raw_json/page_08.json,1,True,True,True,False,False,False,False,strong_candidate_for_inclusion
11739412275,Khoa6666678,5,105CO66678 tôi thích bảng giá,105CO66678 tôi thích bảng giá,2024-09-18T18:42:43-07:00,5.7,vn,legacy_raw_json|json|mostrecent|page=8,raw_json/page_08.json,1,True,True,True,False,False,False,False,strong_candidate_for_inclusion
11739437810,DanHanhNg,5,App chạy mượt,105CDAN966 tôi thích bảng giá,2024-09-18T18:53:52-07:00,5.7,vn,legacy_raw_json|json|mostrecent|page=8,raw_json/page_08.json,1,True,True,True,False,False,False,False,strong_candidate_for_inclusion
11739448167,zynnnn🫦,5,rate app,cx okla nha:))) đầu tư an toàn lành mạnh he,2024-09-18T18:58:26-07:00,5.7,vn,legacy_raw_json|json|mostrecent|page=8,raw_json/page_08.json,1,True,True,True,False,False,False,False,strong_candidate_for_inclusion
11739456182,splendor7,5,105CH29769,105CH29769 tôi thích bảng giá,2024-09-18T19:01:57-07:00,5.7,vn,legacy_raw_json|json|mostrecent|page=8,raw_json/page_08.json,1,True,True,True,False,False,False,False,strong_candidate_for_inclusion
11739473183,Duckyssss,1,...,Bảo cộng ixu mà chưa thấy cộng,2024-09-18T19:09:14-07:00,5.7,vn,legacy_raw_json|json|mostrecent|page=8,raw_json/page_08.json,1,True,True,True,False,False,False,False,strong_candidate_for_inclusion
11739482732,XoaBo123,4,Đánh giá,Ổn áp,2024-09-18T19:13:10-07:00,5.7,vn,legacy_raw_json|json|mostrecent|page=8,raw_json/page_08.json,1,True,True,True,False,False,False,False,strong_candidate_for_inclusion
11739494710,Tường54,5,Tuyệt,Tuyệt,2024-09-18T19:18:12-07:00,5.7,vn,legacy_raw_json|json|mostrecent|page=8,raw_json/page_08.json,1,True,True,True,False,False,False,False,strong_candidate_for_inclusion
11739513670,Linh Nguyễn 22,5,Xuất sắc,105CI86966 tôi thích bảng giá,2024-09-18T19:26:20-07:00,5.7,vn,legacy_raw_json|json|mostrecent|page=8,raw_json/page_08.json,1,True,True,True,False,False,False,False,strong_candidate_for_inclusion
11739518547,Hajennifer,5,Nhận xu,105CB36601 tôi thích bảng giá,2024-09-18T19:28:31-07:00,5.7,vn,legacy_raw_json|json|mostrecent|page=8,raw_json/page_08.json,1,True,True,True,False,False,False,False,strong_candidate_for_inclusion
11739533502,Hoàng hồng nhung 1991,5,105CTOIYEUVN tôi thích bảng giá,105CP31991,2024-09-18T19:35:14-07:00,5.7,vn,legacy_raw_json|json|mostrecent|page=8,raw_json/page_08.json,1,True,True,True,False,False,False,False,strong_candidate_for_inclusion
11739540108,huyphuc0002,5,105CF25895,105CF25895,2024-09-18T19:38:12-07:00,5.7,vn,legacy_raw_json|json|mostrecent|page=8,raw_json/page_08.json,1,True,True,True,False,False,False,False,strong_candidate_for_inclusion
11739561202,Trade and Stock,5,105CTOIYEUVN,105CTOIYEUVN,2024-09-18T19:47:55-07:00,5.7,vn,legacy_raw_json|json|mostrecent|page=8,raw_json/page_08.json,1,True,True,True,False,True,False,False,ambiguous_needs_human_decision
11739583459,Hoang Hoang Nguyen,5,105CTOIYEUVN,tôi thích bảng giá,2024-09-18T19:58:09-07:00,5.7,vn,legacy_raw_json|json|mostrecent|page=8,raw_json/page_08.json,1,True,True,True,False,False,False,False,strong_candidate_for_inclusion
11739650810,Sinbad_dao,5,TCBS,Good,2024-09-18T20:30:05-07:00,5.7,vn,legacy_raw_json|json|mostrecent|page=8,raw_json/page_08.json,1,True,True,True,False,True,False,False,ambiguous_needs_human_decision
11739659360,Chinmsp Blue,5,Đánh giá,"Tốc độ cao, thông tin mạnh, an toàn.",2024-09-18T20:34:12-07:00,5.7,vn,legacy_raw_json|json|mostrecent|page=8,raw_json/page_08.json,1,True,True,True,False,False,False,False,strong_candidate_for_inclusion
11739674478,Song Lam 2012,5,Good,Good,2024-09-18T20:41:33-07:00,5.7,vn,legacy_raw_json|json|mostrecent|page=8,raw_json/page_08.json,1,True,True,True,False,True,False,False,ambiguous_needs_human_decision
11739691658,E1024@,5,Tcbs 105C,105CB20819 tôi thích bảng giá,2024-09-18T20:50:08-07:00,5.7,vn,legacy_raw_json|json|mostrecent|page=8,raw_json/page_08.json,1,True,True,True,False,False,False,False,strong_candidate_for_inclusion
11739853644,dkdjcjkfnvevd,5,105CG88661 tôi thích bảng giá,105CG88661 tôi thích bảng giá,2024-09-18T22:12:05-07:00,5.7,vn,legacy_raw_json|json|mostrecent|page=8,raw_json/page_08.json,1,True,True,True,False,False,False,False,strong_candidate_for_inclusion
11739930905,Bluesky1407,5,105CDOANHD,Giao dịch ck bằng TCBS,2024-09-18T22:52:10-07:00,5.7,vn,legacy_raw_json|json|mostrecent|page=8,raw_json/page_08.json,1,True,True,True,False,False,False,False,strong_candidate_for_inclusion
11739939447,Cô gái yêu màu tím,5,App dùng thích quá,"Mình rất thích dùng app TBCS. Tra cứu tiện, đã giới thiệu bạn bè dùng. Các trader mình cũng thấy họ dùng app TCBS để canh hàng. Chúc TCBS ngày càng phát triển và có nhiều tính năng tiện dụng hơn nữa.",2024-09-18T22:56:40-07:00,5.7,vn,legacy_raw_json|json|mostrecent|page=8,raw_json/page_08.json,1,True,True,True,False,False,False,False,strong_candidate_for_inclusion
11739957545,đatatatatatajabsis,5,Đánh giá,105CMIUDAT App TCBS dùng thật tuyệt vời,2024-09-18T23:06:07-07:00,5.7,vn,legacy_raw_json|json|mostrecent|page=8,raw_json/page_08.json,1,True,True,True,False,False,False,False,strong_candidate_for_inclusion
11739962704,Huyền284,5,Đánh giá 5sao,"Ứng dụng quá tốt, mọi thứ đều nhanh và chính xác
Mình đã dùng nhiều các thẻ và chứng khoán đều của techcombank",2024-09-18T23:08:48-07:00,5.7,vn,legacy_raw_json|json|mostrecent|page=8,raw_json/page_08.json,1,True,True,True,False,False,False,False,strong_candidate_for_inclusion
11739970007,105CA67716,5,Đánh giá 5 sao,"105CA67716 tôi thích bảng giá, giao dịch nhanh chóng, thuận lợi, cộng đồng đoàn kết. Very good!!!",2024-09-18T23:12:33-07:00,5.7,vn,legacy_raw_json|json|mostrecent|page=8,raw_json/page_08.json,1,True,True,True,False,False,False,False,strong_candidate_for_inclusion
11739998113,Nghe ngo nghit,5,105C6C8666,"App tuyệt vời 🤩 
Nhiều tính năng hấp dẫn",2024-09-18T23:27:05-07:00,5.7,vn,legacy_raw_json|json|mostrecent|page=8,raw_json/page_08.json,1,True,True,True,False,False,False,False,strong_candidate_for_inclusion
11740037443,Sâu hihi,5,Đánh giá,Rất hài lòng,2024-09-18T23:47:25-07:00,5.7,vn,legacy_raw_json|json|mostrecent|page=8,raw_json/page_08.json,1,True,True,True,False,False,False,False,strong_candidate_for_inclusion
11740044853,Lê van quân,4,Đánh giá TC invesst,Ứng dụng khá dễ dùng tuy nhiên cần tối ưu lại UI,2024-09-18T23:51:09-07:00,5.7,vn,legacy_raw_json|json|mostrecent|page=8,raw_json/page_08.json,1,True,True,True,False,False,False,False,strong_candidate_for_inclusion
11740054637,51f18933,4,App ổn,"áp xài ổn định, menu hơi rắc rối và nó hok realtime phải đợi đồng bộ cuối ngày",2024-09-18T23:56:10-07:00,5.7,vn,legacy_raw_json|json|mostrecent|page=8,raw_json/page_08.json,1,True,True,True,False,False,False,False,strong_candidate_for_inclusion
11740063354,hahhajaa,5,Nhận xét tốt,"Rất tuyệt vời app rất mượt
“105CA60833 tôi thích bảng giá “",2024-09-19T00:00:33-07:00,5.7,vn,legacy_raw_json|json|mostrecent|page=8,raw_json/page_08.json,1,True,True,True,False,False,False,False,strong_candidate_for_inclusion
11740064520,105CH89994,5,105CH89994,105CH89994 tôi thích bảng giá,2024-09-19T00:01:09-07:00,5.7,vn,legacy_raw_json|json|mostrecent|page=8,raw_json/page_08.json,1,True,True,True,False,False,False,False,strong_candidate_for_inclusion
11740074909,Thịnh1198,5,5stars,105CB41198 tôi thích phí thấp,2024-09-19T00:06:25-07:00,5.7,vn,legacy_raw_json|json|mostrecent|page=8,raw_json/page_08.json,1,True,True,True,False,False,False,False,strong_candidate_for_inclusion
11740087484,deohieu93,5,Re rung va rat tien loi khi giao dich.ro rang va minh bach re hieu cho ng moi dung,Re rung va rat tien loi khi giao dich.,2024-09-19T00:12:45-07:00,5.7,vn,legacy_raw_json|json|mostrecent|page=8,raw_json/page_08.json,1,True,True,True,False,False,False,False,strong_candidate_for_inclusion
11740117898,Abcvtai,5,Dịch vụ tốt,Hài lòng,2024-09-19T00:28:12-07:00,5.7,vn,legacy_raw_json|json|mostrecent|page=8,raw_json/page_08.json,1,True,True,True,False,True,False,False,ambiguous_needs_human_decision
11740136470,truongkasoricho,5,105CT82883 tôi thích bảng giá này,105CT82883 tôi thích bảng giá này,2024-09-19T00:37:43-07:00,5.7,vn,legacy_raw_json|json|mostrecent|page=8,raw_json/page_08.json,1,True,True,True,False,False,False,False,strong_candidate_for_inclusion
11740144420,trade is very good,5,105CH03979 tôi thích bảng giá,105CH03979 tôi thích bảng giá,2024-09-19T00:41:44-07:00,5.7,vn,legacy_raw_json|json|mostrecent|page=8,raw_json/page_08.json,1,True,True,True,False,False,False,False,strong_candidate_for_inclusion
11740165358,Diệu LL,5,TCBS,"Mình rất thích bên TCBS. App chi tiết và đầy đủ, phí giao dịch rẻ. 

105CL63326",2024-09-19T00:52:24-07:00,5.7,vn,legacy_raw_json|json|mostrecent|page=8,raw_json/page_08.json,1,True,True,True,False,False,False,False,strong_candidate_for_inclusion
11740178537,Ku Pốp,5,105CPOP444 tôi thích bảng giá,105CPOP444 tôi thích bảng giá,2024-09-19T00:59:09-07:00,5.7,vn,legacy_raw_json|json|mostrecent|page=8,raw_json/page_08.json,1,True,True,True,False,False,False,False,strong_candidate_for_inclusion
11740203337,Hoanriip,5,Ứng dụng rất hay là bổ ích,105CE77498,2024-09-19T01:11:43-07:00,5.7,vn,legacy_raw_json|json|mostrecent|page=8,raw_json/page_08.json,1,True,True,True,False,False,False,False,strong_candidate_for_inclusion
11740234857,zâssfggg,5,Stk 105CAA0395,Rất tuyệt,2024-09-19T01:27:28-07:00,5.7,vn,legacy_raw_json|json|mostrecent|page=8,raw_json/page_08.json,1,True,True,True,False,False,False,False,strong_candidate_for_inclusion
11740356035,Đệ ruột chị Hường,5,Ứng dụng tuyệt vời,Rất thích Techcombank và cách làm việc của họ,2024-09-19T02:26:00-07:00,5.7,vn,legacy_raw_json|json|mostrecent|page=8,raw_json/page_08.json,1,True,True,True,False,False,False,False,strong_candidate_for_inclusion
11740359584,105CHT6668,5,105CHT6668 tôi thích bảng giá,105CHT6668 tôi thích bảng giá,2024-09-19T02:27:39-07:00,5.7,vn,legacy_raw_json|json|mostrecent|page=8,raw_json/page_08.json,1,True,True,True,False,False,False,False,strong_candidate_for_inclusion
11740459197,Nb994,5,105CE32088,105CE32088 toi thich bang gia,2024-09-19T03:12:48-07:00,5.7,vn,legacy_raw_json|json|mostrecent|page=8,raw_json/page_08.json,1,True,True,True,False,False,False,False,strong_candidate_for_inclusion
11740478006,Minh chứng khoán,1,Cách xử lý call margin vô cũng dở,"Cách xử lý margin call của tcbs vô cùng dở, dở nhất trong các cty ck mình biết, xử lý quá kém, mình đã chuyển đi cty ck khác",2024-09-19T03:20:52-07:00,5.7,vn,legacy_raw_json|json|mostrecent|page=8,raw_json/page_08.json,1,True,True,True,False,False,False,False,strong_candidate_for_inclusion
11740576811,Blackcat987,5,105CNGHI87 tôi thích bảng giá,Đảm bảo,2024-09-19T04:01:10-07:00,5.7,vn,legacy_raw_json|json|mostrecent|page=8,raw_json/page_08.json,1,True,True,True,False,False,False,False,strong_candidate_for_inclusion
11740601703,Minh Anh Ngô 11,5,đánh giá chất lượng,"tiện ích dễ dùng, thông số chi tiết dễ hiểu",2024-09-19T04:10:43-07:00,5.7,vn,legacy_raw_json|json|mostrecent|page=8,raw_json/page_08.json,1,True,True,True,False,False,False,False,strong_candidate_for_inclusion
11740729442,Nhichou,5,Review TCInvest,105CC42169 tôi thích giao diện,2024-09-19T04:57:02-07:00,5.7,vn,legacy_raw_json|json|mostrecent|page=8,raw_json/page_08.json,1,True,True,True,False,False,False,False,strong_candidate_for_inclusion
11740959210,khanhzd12,5,Đánh giá app,105CKHENH9 tôi thích bảng giá,2024-09-19T06:11:20-07:00,5.7,vn,legacy_raw_json|json|mostrecent|page=8,raw_json/page_08.json,1,True,True,True,False,False,False,False,strong_candidate_for_inclusion
11741582807,tuan line fim,5,"105CB TOIYEUVN tôi thích bảng giá,",Ngân hàng uy tính thân thiện với khách hàng vn.,2024-09-19T09:20:47-07:00,5.7,vn,unprefixed_legacy_raw_responses|json|mostHelpful|page=7,raw_responses/page_07_mostHelpful.json,1,True,True,True,False,False,False,False,strong_candidate_for_inclusion
11741753784,fgvffy,5,Tuyệt vời,105CXN666 tôi thích ứng dụng,2024-09-19T10:16:49-07:00,5.7,vn,unprefixed_legacy_raw_responses|json|mostHelpful|page=7,raw_responses/page_07_mostHelpful.json,1,True,True,True,False,False,False,False,strong_candidate_for_inclusion
11742394039,Hoa bo,5,105CI12168,105CI12168 tôi thích bảng giá,2024-09-19T14:22:41-07:00,5.7,vn,unprefixed_legacy_raw_responses|json|mostHelpful|page=7,raw_responses/page_07_mostHelpful.json,1,True,True,True,False,False,False,False,strong_candidate_for_inclusion
11742883403,Bs.Hồng Lan,5,tôi rất hài lòng với tính năng của tcbs,"Tôi đã sử dụng tcbs và hài lòng với nó, ưu việt hơn những phần mềm trước đây tôi đã sử dụng.",2024-09-19T18:00:05-07:00,5.7,vn,unprefixed_legacy_raw_responses|json|mostHelpful|page=7,raw_responses/page_07_mostHelpful.json,1,True,True,True,False,False,False,False,strong_candidate_for_inclusion
11742975767,longkk559,5,Chứng khoán zero fre,105CF00956 ứng dụng tốt,2024-09-19T18:39:54-07:00,5.7,vn,unprefixed_legacy_raw_responses|json|mostHelpful|page=7,raw_responses/page_07_mostHelpful.json,1,True,True,True,False,False,False,False,strong_candidate_for_inclusion
11743580097,105CT69286,5,105CT69286,Ứng dụng ok,2024-09-19T23:30:44-07:00,5.7,vn,unprefixed_legacy_raw_responses|json|mostHelpful|page=7,raw_responses/page_07_mostHelpful.json,1,True,True,True,False,False,False,False,strong_candidate_for_inclusion
11743600482,Bình Xanh,5,105CD59338 tôi thích bảng giá,hi,2024-09-19T23:40:49-07:00,5.7,vn,unprefixed_legacy_raw_responses|json|mostHelpful|page=7,raw_responses/page_07_mostHelpful.json,1,True,True,True,False,False,False,False,strong_candidate_for_inclusion
11743715915,Zeêmta,4,Tạm được,"Giao diện hơi rối, tối giản hơn nữa cho dễ sử dụng
105CV19186",2024-09-20T00:37:27-07:00,5.7,vn,unprefixed_legacy_raw_responses|json|mostHelpful|page=7,raw_responses/page_07_mostHelpful.json,1,True,True,True,False,False,False,False,strong_candidate_for_inclusion
11744074226,QueênieB48,5,Stability and responsive,Stability and responsive,2024-09-20T03:21:23-07:00,5.7,vn,unprefixed_legacy_raw_responses|json|mostHelpful|page=7,raw_responses/page_07_mostHelpful.json,1,True,True,True,False,False,False,False,strong_candidate_for_inclusion
11744096499,ruoungo,5,105CI19988 tôi thích bảng giá,105CI19988 tôi thích bảng giá,2024-09-20T03:30:25-07:00,5.7,vn,unprefixed_legacy_raw_responses|json|mostHelpful|page=7,raw_responses/page_07_mostHelpful.json,1,True,True,True,False,False,False,False,strong_candidate_for_inclusion
11744442358,Daonguyen789,3,tạm ổn,tạm ổn còn lag,2024-09-20T05:32:46-07:00,5.7,vn,unprefixed_legacy_raw_responses|json|mostHelpful|page=7,raw_responses/page_07_mostHelpful.json,1,True,True,True,False,False,False,False,strong_candidate_for_inclusion
11745139511,Quyet37,5,Rất tuyệt vời,Ngân hàng tốt Nhất tôi từng giao dịch.nhân viên tận tâm!,2024-09-20T09:05:00-07:00,5.7,vn,unprefixed_legacy_raw_responses|json|mostHelpful|page=7,raw_responses/page_07_mostHelpful.json,1,True,True,True,False,False,False,False,strong_candidate_for_inclusion
11746998149,No name 862,5,App lỗi,App lỗi ko loád dc tài sản,2024-09-20T21:28:53-07:00,5.7,vn,unprefixed_legacy_raw_responses|json|mostHelpful|page=7,raw_responses/page_07_mostHelpful.json,1,True,True,True,False,False,False,False,strong_candidate_for_inclusion
11747174660,Andree911,5,Ứng dụng tốt,105CK43456 Tôi đã dùng ứng dụng hơn 1 năm. App chạy nhanh không bị lỗi gì.,2024-09-20T22:49:56-07:00,5.7,vn,unprefixed_legacy_raw_responses|json|mostHelpful|page=7,raw_responses/page_07_mostHelpful.json,1,True,True,True,False,False,False,False,strong_candidate_for_inclusion
11750539058,ChungND1310,4,Cần cải thiện,"Phần đăng nhập & các bước thực hiện nhanh , thuận lợi
Tuy nhiên có các phần cần khắc phục
+ Đợt vừa rồi ở phần tất cả không hiện thị thông số tiền trong 2 TK ngân hàng và tk ký quỹ ( bảng all )
+ Margin không hiển thị + -",2024-09-21T19:23:34-07:00,5.7,vn,unprefixed_legacy_raw_responses|json|mostHelpful|page=7,raw_responses/page_07_mostHelpful.json,1,True,True,True,False,False,False,False,strong_candidate_for_inclusion
11751734326,Trung thanh 1,5,105CT91899 tôi thích bảng giá,105CT91899 tôi thích bảng giá,2024-09-22T03:54:35-07:00,5.7,vn,unprefixed_legacy_raw_responses|json|mostHelpful|page=7,raw_responses/page_07_mostHelpful.json,1,True,True,True,False,False,False,False,strong_candidate_for_inclusion
11752256565,nguyenlinh185,5,App tốt,105CO89678  sử dụng ổn,2024-09-22T06:48:44-07:00,5.7,vn,unprefixed_legacy_raw_responses|json|mostHelpful|page=7,raw_responses/page_07_mostHelpful.json,1,True,True,True,False,False,False,False,strong_candidate_for_inclusion
11761949465,Min Nghia,5,Tuyệt vời,"Ứng dụng trực quan, dễ dàng thao tác. Uy tín, chất lượng
Mã mời: 105CB46679",2024-09-24T23:47:40-07:00,5.7,vn,unprefixed_legacy_raw_responses|json|mostHelpful|page=7,raw_responses/page_07_mostHelpful.json,1,True,True,True,False,False,False,False,strong_candidate_for_inclusion
11764988478,MrDuy1979,1,Đừng bao giờ bị mất số điện thoại kèm điện thoại,"Trải nghiệm 05 ngày bị giam tài khoản chỉ vì chờ 02 tờ giấy từ ngân hàng gửi về TCBS.
      Thiết nghĩ thời đại công nghệ chưa áp dụng được vào truong hợp cua tôi ! 
      Quá ưu ái cho cái tổng đài zalo, fb ... trả lời như 1 con robot.",2024-09-25T18:54:35-07:00,5.7,vn,unprefixed_legacy_raw_responses|json|mostHelpful|page=7,raw_responses/page_07_mostHelpful.json,1,True,True,True,False,False,False,False,strong_candidate_for_inclusion
11769185523,Nvd08038,5,105CL63336,Tôi yêu việt nam,2024-09-26T22:50:21-07:00,5.7,vn,unprefixed_legacy_raw_responses|json|mostHelpful|page=7,raw_responses/page_07_mostHelpful.json,1,True,True,True,False,False,False,False,strong_candidate_for_inclusion
11779920813,Fatus coffee,2,Lỗi,"Sáng nay đăng nhập đơ, không vào được.",2024-09-29T19:34:20-07:00,5.8,vn,unprefixed_legacy_raw_responses|json|mostHelpful|page=7,raw_responses/page_07_mostHelpful.json,1,True,True,True,False,False,False,False,strong_candidate_for_inclusion
11782829718,Dorinanh,1,Lừa đảo,Khi ngta đặt lệnh mua phải mặc định là lệnh thường chứ không phải là lệnh ký quỹ. Ký quỹ cái gì mà trừ hết 50% tiền đặt mua trong khi không có lời. Làm như vậy thành ra lỗ luôn . Tụi bây làm vậy mà coi được. Trả lại tiền ký quỹ cho ngta đi.,2024-09-30T14:28:20-07:00,5.8,vn,unprefixed_legacy_raw_responses|json|mostHelpful|page=7,raw_responses/page_07_mostHelpful.json,1,True,True,True,False,False,False,False,strong_candidate_for_inclusion
11787725265,MoL6688,1,App update xong không vào được,"Update xong không vào được app, mấy lần trước cũng vậy, update xong là lỗi .",2024-10-01T22:23:11-07:00,5.8,vn,unprefixed_legacy_raw_responses|json|mostHelpful|page=7,raw_responses/page_07_mostHelpful.json,1,True,True,True,False,False,False,False,strong_candidate_for_inclusion
11800367652,khúc sơn tùng,1,Tự động thoát,Giờ cứ vào là văng ra,2024-10-05T08:00:43-07:00,5.8,vn,unprefixed_legacy_raw_responses|json|mostHelpful|page=7,raw_responses/page_07_mostHelpful.json,1,True,True,True,False,False,False,False,strong_candidate_for_inclusion
11801692398,Hụbbbu,5,Oke,Oke,2024-10-05T15:50:08-07:00,5.8,vn,unprefixed_legacy_raw_responses|json|mostHelpful|page=7,raw_responses/page_07_mostHelpful.json,1,True,True,True,False,False,False,False,strong_candidate_for_inclusion
11805859173,hua minh hang,1,App như lon hihi,Nói chung là chê nha giao dịch lâu mà đợi như chờ chồng chiến tranh về z ak,2024-10-06T18:24:37-07:00,5.8,vn,unprefixed_legacy_raw_responses|json|mostHelpful|page=7,raw_responses/page_07_mostHelpful.json,1,True,True,True,False,False,False,False,strong_candidate_for_inclusion
11809107324,lon2002,5,OK,Được,2024-10-07T16:07:22-07:00,5.8,vn,unprefixed_legacy_raw_responses|json|mostHelpful|page=7,raw_responses/page_07_mostHelpful.json,1,True,True,True,False,False,False,False,strong_candidate_for_inclusion
11813796447,Reviewer Uy Tín TOP1,1,Bảo mật không có,"Version hiện tại có thể đăng nhập tự do, không cần nhập mật khẩu hoặc face ID - trong cả 2 trường hợp cài đặt dùng face ID để đăng nhập và không dùng. 
Bảo mật quá lỏng lẻo.",2024-10-09T01:01:19-07:00,5.8,vn,unprefixed_legacy_raw_responses|json|mostHelpful|page=7,raw_responses/page_07_mostHelpful.json,1,True,True,True,False,False,False,False,strong_candidate_for_inclusion
11820582267,Bdquoc,1,Không hài lòng,Tự động trừ tiền đã nạp vào ký quỹ mà không thông báo,2024-10-10T22:28:26-07:00,5.8,vn,unprefixed_legacy_raw_responses|json|mostHelpful|page=7,raw_responses/page_07_mostHelpful.json,1,True,True,True,False,False,False,False,strong_candidate_for_inclusion
11836640608,Louis Van,1,1sao chữ Tín.,"Tcbs đảo các chương trình Review/Giới thiệu, xong không thanh toán.",2024-10-15T06:10:07-07:00,5.8,vn,unprefixed_legacy_raw_responses|json|mostHelpful|page=7,raw_responses/page_07_mostHelpful.json,1,True,True,True,False,False,False,False,strong_candidate_for_inclusion
11864397009,AÂ&,1,cskh gọi cũng như không . Quá thất vọng!,App khônh gửi otp về. Không vào được tài khoảng. Tìm bên hỗ trợ không ra. Số điện thoại cskh gọi cũng như không . Quá thất vọng!,2024-10-22T20:37:04-07:00,5.8.2,vn,unprefixed_legacy_raw_responses|json|mostHelpful|page=7,raw_responses/page_07_mostHelpful.json,1,True,True,True,False,False,False,False,strong_candidate_for_inclusion
11871877953,Trungdungth,1,Ngu si,Liên quan tới tài chính mà đem Ai ra chăm sóc và nói chuyện với khách hàng. Rất bực mình,2024-10-24T21:59:20-07:00,5.8.2,vn,unprefixed_legacy_raw_responses|json|mostHelpful|page=7,raw_responses/page_07_mostHelpful.json,1,True,True,True,False,False,False,False,strong_candidate_for_inclusion
11871881939,Q-Mai,1,Ứng dụng ngu si,Tổng đài hết sức coi thường khách hàng khi lôi Ai ra hỗ trợ khách hàng,2024-10-24T22:01:22-07:00,5.8.2,vn,unprefixed_legacy_raw_responses|json|mostHelpful|page=7,raw_responses/page_07_mostHelpful.json,1,True,True,True,False,False,False,False,strong_candidate_for_inclusion
11894826169,hyleechie,1,Khó dùng và hay treo,App dở hơi,2024-10-31T00:32:47-07:00,5.8.2,vn,unprefixed_legacy_raw_responses|json|mostHelpful|page=7,raw_responses/page_07_mostHelpful.json,1,True,True,True,False,False,False,False,strong_candidate_for_inclusion
11902304773,Hồ T,5,App ck ok nhất mình từng dùng,App có cả Power BI để xem tăng trưởng tí dụng của ngân hàng và nhóm nợ quá tuyệt vời. Đi đầu trong đổi mới mn nên trải nghiệm.,2024-11-01T23:32:47-07:00,5.8.2,vn,unprefixed_legacy_raw_responses|json|mostHelpful|page=7,raw_responses/page_07_mostHelpful.json,1,True,True,True,False,False,False,False,strong_candidate_for_inclusion
11940079131,Zônie,1,App quá nhiều lỗi vặt,"Bấm vào chi tiết realtime toàn hiện bảng chữ cái lên, dữ liệu mỗi lần vào app đều không tự cập nhật. Toàn phải tắt hẳn mở lại mới có data",2024-11-11T18:27:47-07:00,5.8.2,vn,unprefixed_legacy_raw_responses|json|mostHelpful|page=7,raw_responses/page_07_mostHelpful.json,1,True,True,True,False,False,False,False,strong_candidate_for_inclusion
11947847736,ASATAKI,1,App lỗi xoay ngay,App không xoay ngay được khi xem bảng giá và đồ thị. Xoá app cài lại vẫn bị,2024-11-13T22:18:59-07:00,5.8.2,vn,unprefixed_legacy_raw_responses|json|mostHelpful|page=7,raw_responses/page_07_mostHelpful.json,1,True,True,True,False,False,False,False,strong_candidate_for_inclusion
11989241555,beofia,1,Không đặt được lệnh bán,"Mua được nhưng lệnh bán không được
Trong khi mục tài sản vẫn hiện số dư, mà lúc đặt lệnh bán lại hiện lỗi không đủ số dư",2024-11-24T22:20:13-07:00,5.8.2,vn,unprefixed_legacy_raw_responses|json|mostHelpful|page=7,raw_responses/page_07_mostHelpful.json,1,True,True,True,False,False,False,False,strong_candidate_for_inclusion
11996760927,viethoavnm,1,Trải nghiệm kém,App có giao diện khó sử dụng,2024-11-26T23:36:25-07:00,5.8.2,vn,unprefixed_legacy_raw_responses|json|mostHelpful|page=7,raw_responses/page_07_mostHelpful.json,1,True,True,True,False,False,False,False,strong_candidate_for_inclusion
12004038909,User 123444444,1,Lỗi liên tục,1 sao,2024-11-28T22:26:10-07:00,5.8.2,vn,unprefixed_legacy_raw_responses|json|mostHelpful|page=7,raw_responses/page_07_mostHelpful.json,1,True,True,True,False,False,False,False,strong_candidate_for_inclusion
12004106819,skylongines,3,Lỗi app,Cần cải thiện để khách hàng có trải nghiệm tốt,2024-11-28T22:58:51-07:00,5.8.2,vn,unprefixed_legacy_raw_responses|json|mostHelpful|page=7,raw_responses/page_07_mostHelpful.json,1,True,True,True,False,False,False,False,strong_candidate_for_inclusion
12004133798,Tcbs rác,1,App rác rưỡi lAm hai nhà đâu Tu,App rác rưỡi.29/11 nguyên phiên chiều không vào được app. Cty nay khốn nạn lắm,2024-11-28T23:11:38-07:00,5.8.2,vn,unprefixed_legacy_raw_responses|json|mostHelpful|page=7,raw_responses/page_07_mostHelpful.json,1,True,True,True,False,False,False,False,strong_candidate_for_inclusion
12031084904,luxk82,3,Hay bị lỗi,Vào danh mục treo đơ luôn,2024-12-05T22:45:56-07:00,5.8.2,vn,unprefixed_legacy_raw_responses|json|mostHelpful|page=7,raw_responses/page_07_mostHelpful.json,1,True,True,True,False,False,False,False,strong_candidate_for_inclusion
12084617137,Hải vh,5,Không chê điểm gì,6 sao,2024-12-20T04:30:44-07:00,5.8.2,vn,unprefixed_legacy_raw_responses|json|mostHelpful|page=7,raw_responses/page_07_mostHelpful.json,1,True,True,True,False,False,False,False,strong_candidate_for_inclusion
12683632959,Kynguyenvuottroi,5,App tot,"App co nhieu tinh nang thong minh da dang, nhieu san pham hay moi la",2025-05-21T23:42:31-07:00,5.9,vn,unprefixed_legacy_raw_responses|xml|mostHelpful|page=5,raw_responses/page_05_mostHelpful.xml,1,True,True,True,False,False,False,False,strong_candidate_for_inclusion
12684039731,ciel pham,5,"Giao diện thân thiện, nhiều tính năng xịn xò",App có cả 1 kho tàng tính năng xịn xò cho cả người mới bắt đầu sử dụng.,2025-05-22T02:50:31-07:00,5.9,vn,unprefixed_legacy_raw_responses|xml|mostHelpful|page=5,raw_responses/page_05_mostHelpful.xml,1,True,True,True,False,False,False,False,strong_candidate_for_inclusion
12684578987,LVHanin,2,màn hình đặt lệnh ngu ngốc,"app có quá nhiều thứ nên có hiện tượng lag, màn hình đặt lệnh quá đơn giản đến mức ngu ngốc",2025-05-22T05:59:55-07:00,5.9,vn,unprefixed_legacy_raw_responses|xml|mostHelpful|page=5,raw_responses/page_05_mostHelpful.xml,1,True,True,True,False,False,False,False,strong_candidate_for_inclusion
12686907068,Da3kN1ght,1,Lỗi gd liên tục,App lỗi giao dịch không mua bán cổ phiểu được,2025-05-22T19:38:36-07:00,5.9,vn,unprefixed_legacy_raw_responses|xml|mostHelpful|page=5,raw_responses/page_05_mostHelpful.xml,1,True,True,True,False,False,False,False,strong_candidate_for_inclusion
12687008860,GPVietNam,1,Tệ,"Lỗi liên tục , đứng giao dịch , huỷ lệnh đặt lệnh không được. Quá tệ hại , cân nhắc khi tải app",2025-05-22T20:23:18-07:00,5.9,vn,unprefixed_legacy_raw_responses|xml|mostHelpful|page=5,raw_responses/page_05_mostHelpful.xml,1,True,True,True,False,False,False,False,strong_candidate_for_inclusion
12690484349,Giang Ngô T,5,App tốt,Sự lựa chọn hoàn hảo cho con đường đầu tư chuyên nghiệp,2025-05-23T17:23:40-07:00,5.9,vn,unprefixed_legacy_raw_responses|xml|mostHelpful|page=5,raw_responses/page_05_mostHelpful.xml,1,True,True,True,False,False,False,False,strong_candidate_for_inclusion
12698829424,skyvalex,1,"App lỗi, lỗi cả hệ thống","Không bao giờ dám dùng iPower bên này nữa, lỗi chưa nhận được tiền về",2025-05-25T20:28:29-07:00,5.9,vn,unprefixed_legacy_raw_responses|xml|mostHelpful|page=5,raw_responses/page_05_mostHelpful.xml,1,True,True,True,False,False,False,False,strong_candidate_for_inclusion
12702501548,Nhokkkkkkkkkk,1,Quá tệ hại,Quá tệ hại. Bảng đen xì xì chả giao dịch gì được. Mẹ. Làm ăn như có,2025-05-26T19:38:00-07:00,5.9,vn,unprefixed_legacy_raw_responses|xml|mostHelpful|page=5,raw_responses/page_05_mostHelpful.xml,1,True,True,True,False,False,False,False,strong_candidate_for_inclusion
12713877917,chang244,5,Good,App nhiều tính năng hỗ trợ,2025-05-29T19:36:25-07:00,5.9,vn,unprefixed_legacy_raw_responses|xml|mostHelpful|page=5,raw_responses/page_05_mostHelpful.xml,1,True,True,True,False,False,False,False,strong_candidate_for_inclusion
12722683974,Fat fit shark,5,Xứng đáng app đầu tu số 1 VN,"TCInvest mang đến một môi trường làm việc năng động, không ngừng phát triển, nơi những ý tưởng đột phá luôn được khuyến khích và triển khai nhanh chóng. Đội ngũ tại đây luôn nỗ lực sáng tạo, mang đến trải nghiệm tuyệt vời cho khách hàng, xứng đáng là một nền tảng đầu tư tài chính hàng đầu!",2025-06-01T02:05:15-07:00,5.9,vn,unprefixed_legacy_raw_responses|xml|mostHelpful|page=5,raw_responses/page_05_mostHelpful.xml,1,True,True,True,False,False,False,False,strong_candidate_for_inclusion
12725515761,nhungkccccc,5,Tuyệt vời quá,App rất tuyệt. Cảm ơn TCBS nhiều,2025-06-01T18:12:20-07:00,5.9,vn,unprefixed_legacy_raw_responses|xml|mostHelpful|page=5,raw_responses/page_05_mostHelpful.xml,1,True,True,True,False,False,False,False,strong_candidate_for_inclusion
12726291522,Trungdq-13,5,Tính năng bảo mật tôat,"Tôi thấy tính năng bảo mật đa lớp của tcbs rất hay, hộ  trợ người dùng quản lý đc account của mình tránh bị xâm nhập trái phép, tuyệt vời",2025-06-01T23:46:20-07:00,5.9,vn,unprefixed_legacy_raw_responses|xml|mostHelpful|page=5,raw_responses/page_05_mostHelpful.xml,1,True,True,True,False,False,False,False,strong_candidate_for_inclusion
12727113643,zumi ng,5,105CTOIYEUVN tôi thích bảng giá,Rất hay,2025-06-02T05:18:56-07:00,5.9,vn,unprefixed_legacy_raw_responses|xml|mostHelpful|page=5,raw_responses/page_05_mostHelpful.xml,1,True,True,True,False,True,False,False,ambiguous_needs_human_decision
12729702813,Thinhha92,5,Good app,Good app,2025-06-02T20:41:08-07:00,5.9,vn,unprefixed_legacy_raw_responses|xml|mostHelpful|page=5,raw_responses/page_05_mostHelpful.xml,1,True,True,True,False,False,False,False,strong_candidate_for_inclusion
12729747631,mindkdhsksjduf,5,App hay,"App dùng rất mượt mà, có nhiều tính năng hay hỗ trợ nhà đầu tư",2025-06-02T21:01:29-07:00,5.9,vn,unprefixed_legacy_raw_responses|xml|mostHelpful|page=5,raw_responses/page_05_mostHelpful.xml,1,True,True,True,False,False,False,False,strong_candidate_for_inclusion
12729764477,Dungtv92,3,Chức năng tính cả tiền trong IPower vào sức mua cổ phiếu không hoạt động,"Chức năng tính cả tiền trong IPower vào sức mua cổ phiếu không hoạt động dù đã kích hoạt, phải rút tiền từ IPOWER ra mới đặt lệnh mua dc",2025-06-02T21:09:08-07:00,5.9,vn,unprefixed_legacy_raw_responses|xml|mostHelpful|page=5,raw_responses/page_05_mostHelpful.xml,1,True,True,True,False,False,False,False,strong_candidate_for_inclusion
12730088196,blueLemon89111,5,App rất ổn áp,"Dễ sử dụng, giao dịch mượt mà và hỗ trợ đầu tư hiệu quả",2025-06-02T23:43:22-07:00,5.9,vn,unprefixed_legacy_raw_responses|xml|mostHelpful|page=5,raw_responses/page_05_mostHelpful.xml,1,True,True,True,False,False,False,False,strong_candidate_for_inclusion
12730094811,hyub109,5,"App hay, dễ sử dụng","App dễ dùng, giao diện trực quan, xử lý tiền nhanh. Mình sử dụng khá tiện, có cập nhật tin tức và báo cáo cũng ổn. Hy vọng app tiếp tục cải thiện để trải nghiệm ngày càng tốt hơn.",2025-06-02T23:46:26-07:00,5.9,vn,unprefixed_legacy_raw_responses|xml|mostHelpful|page=5,raw_responses/page_05_mostHelpful.xml,1,True,True,True,False,False,False,False,strong_candidate_for_inclusion
12733793429,Hiihahaahoho,5,Hiihaha,"App tuyệt vời ông mặt trời, xịn xò con bò cười!!!",2025-06-03T22:58:44-07:00,5.9,vn,unprefixed_legacy_raw_responses|xml|mostHelpful|page=5,raw_responses/page_05_mostHelpful.xml,1,True,True,True,False,False,False,False,strong_candidate_for_inclusion
12734008843,00new start@,1,Không hiển thị khung chat trên ip 12prm,"phần chat không xem được, hãy fix nó hoặc xoá nó đi",2025-06-04T00:40:22-07:00,5.9,vn,unprefixed_legacy_raw_responses|xml|mostHelpful|page=5,raw_responses/page_05_mostHelpful.xml,1,True,True,True,False,False,False,False,strong_candidate_for_inclusion
12741089145,Người trải nghiệm app neo,2,Lỗi app treo lag,"Trong giờ giao dịch mà app treo, xem mục tài sản đen xì màn hình ko load được thông tin",2025-06-05T20:13:13-07:00,5.9,vn,unprefixed_legacy_raw_responses|xml|mostHelpful|page=5,raw_responses/page_05_mostHelpful.xml,1,True,True,True,False,False,False,False,strong_candidate_for_inclusion
12741234952,nnhan0719,1,Tên app rất confuse,"TCBS hay TC invest 1 sao xứng đáng, nên hỗ trợ search cả 2 tên",2025-06-05T21:18:37-07:00,5.9,vn,unprefixed_legacy_raw_responses|xml|mostHelpful|page=5,raw_responses/page_05_mostHelpful.xml,1,True,True,True,False,False,False,False,strong_candidate_for_inclusion
12741762884,không biết nũa,1,Chất lượng app,App rất lag,2025-06-06T01:25:58-07:00,5.9,vn,unprefixed_legacy_raw_responses|xml|mostHelpful|page=5,raw_responses/page_05_mostHelpful.xml,1,True,True,True,False,False,False,False,strong_candidate_for_inclusion
12754135334,devso95,5,Tạm ổn,Vẫn cần cải thiện nhiều,2025-06-09T06:05:00-07:00,5.9,vn,unprefixed_legacy_raw_responses|xml|mostHelpful|page=5,raw_responses/page_05_mostHelpful.xml,1,True,True,True,False,False,False,False,strong_candidate_for_inclusion
12754326165,longkz__,5,Tốt,"app mượt, nhiều loại hình đầu tư. hốt bạc hốt bạc",2025-06-09T07:01:55-07:00,5.9,vn,unprefixed_legacy_raw_responses|xml|mostHelpful|page=5,raw_responses/page_05_mostHelpful.xml,1,True,True,True,False,False,False,False,strong_candidate_for_inclusion
12760305087,Nbevbe,5,Good trading app,"App trading rất mượt, phí margin ok",2025-06-10T19:15:06-07:00,5.9,vn,unprefixed_legacy_raw_responses|xml|mostHelpful|page=5,raw_responses/page_05_mostHelpful.xml,1,True,True,True,False,False,False,False,strong_candidate_for_inclusion
12764204218,Nanaloveu,5,TCBS ổn đấy chứ,"Đã có dịp được ghé vp TCBS, thấy môi trường làm việc của các bạn rất gọn gàng sạch đẹp, thái độ, tác phong phục vụ hỗ trợ Kh cũng rất tốt, chuyên nghiệp, nhanh gọn. Nói chung là hài lòng khi mở tk và gd tại TCBS.",2025-06-11T19:59:07-07:00,5.9,vn,unprefixed_legacy_raw_responses|xml|mostHelpful|page=5,raw_responses/page_05_mostHelpful.xml,1,True,True,True,False,False,False,False,strong_candidate_for_inclusion
12765707886,Lia.2508,1,Lỗi chuyển tiền,App lỗi chuyển tiền liên tục rất bất tiện cho người dùng,2025-06-12T06:20:29-07:00,5.9,vn,unprefixed_legacy_raw_responses|xml|mostHelpful|page=5,raw_responses/page_05_mostHelpful.xml,1,True,True,True,False,False,False,False,strong_candidate_for_inclusion
12768095866,Linhltm8,5,App đỉnh nóc,"App có nhiều tiện ích rất hay, không đầu tư vẫn có lãi hàng ngày 🥰",2025-06-12T20:52:04-07:00,5.9,vn,unprefixed_legacy_raw_responses|xml|mostHelpful|page=5,raw_responses/page_05_mostHelpful.xml,1,True,True,True,False,False,False,False,strong_candidate_for_inclusion
12777334669,j33_1003,5,Tuyệt vời,"App có nhiều tính năng cho nhà đầu tư, ko ít giống các app khác",2025-06-15T06:44:35-07:00,5.9,vn,unprefixed_legacy_raw_responses|xml|mostHelpful|page=5,raw_responses/page_05_mostHelpful.xml,1,True,True,True,False,False,False,False,strong_candidate_for_inclusion
12780082897,biBong01,5,Rất ưng,Rất thân thiện,2025-06-15T23:49:53-07:00,5.9,vn,unprefixed_legacy_raw_responses|xml|mostHelpful|page=5,raw_responses/page_05_mostHelpful.xml,1,True,True,True,False,False,False,False,strong_candidate_for_inclusion
12780083215,phuonglt54,5,Rất tốt,"App thân thiện, dễ dùng. Đầu tư mang lại hiệu quả như kỳ vọng. Cám ơn đội ngũ TCBS.",2025-06-15T23:50:03-07:00,5.9,vn,unprefixed_legacy_raw_responses|xml|mostHelpful|page=5,raw_responses/page_05_mostHelpful.xml,1,True,True,True,False,False,False,False,strong_candidate_for_inclusion
12780083348,annyahuong,5,App,App có nhiều tính năng hữu ích,2025-06-15T23:50:06-07:00,5.9,vn,unprefixed_legacy_raw_responses|xml|mostHelpful|page=5,raw_responses/page_05_mostHelpful.xml,1,True,True,True,False,False,False,False,strong_candidate_for_inclusion
12783588457,Call it August,3,GÓP Ý,Giao diện như bức tranh nhiều màu nhưng ít hữu dụng,2025-06-16T21:19:48-07:00,5.9,vn,unprefixed_legacy_raw_responses|xml|mostHelpful|page=5,raw_responses/page_05_mostHelpful.xml,1,True,True,True,False,False,False,False,strong_candidate_for_inclusion
12794841521,trisleee,1,Spam,Sáng nay trong vòng 1h tôi nhận 7 thông báo giới thiệu bạn bè từ app. Quá phiền,2025-06-19T19:27:16-07:00,5.9,vn,unprefixed_legacy_raw_responses|xml|mostHelpful|page=5,raw_responses/page_05_mostHelpful.xml,1,True,True,True,False,False,False,False,strong_candidate_for_inclusion
12794864716,Hoangluong2024,1,Pop up hiện lên không dùng được app,Cho pop up hiện lên quấy rối người dùng,2025-06-19T19:36:56-07:00,5.9,vn,unprefixed_legacy_raw_responses|xml|mostHelpful|page=5,raw_responses/page_05_mostHelpful.xml,1,True,True,True,False,False,False,False,strong_candidate_for_inclusion
12794936243,noblzyoyo mark,1,Ko vào đc app,Bó tay cái quảng cáo chèn giữa màn hình. Ko tắt đc đi để vào giao dịch,2025-06-19T20:07:25-07:00,5.9,vn,unprefixed_legacy_raw_responses|xml|mostHelpful|page=5,raw_responses/page_05_mostHelpful.xml,1,True,True,True,False,False,False,False,strong_candidate_for_inclusion
12795601247,Quyen2121,2,Xét duyệt chậm chạp,"Xét duyệt mở tk chậm chạp. Gửi 3 lần căn cước vẫn ko dc. Giao diện tối đen khó dùng, không trực quan, muốn mua CP rất loằng ngoằng",2025-06-20T01:14:18-07:00,5.9,vn,unprefixed_legacy_raw_responses|xml|mostHelpful|page=5,raw_responses/page_05_mostHelpful.xml,1,True,True,True,False,False,False,False,strong_candidate_for_inclusion
12822763302,Minh_NineX,1,App lỗi,Ko bán đc cổ phiếu lại còn hay không load đc,2025-06-27T02:52:40-07:00,5.9,vn,unprefixed_legacy_raw_responses|xml|mostHelpful|page=5,raw_responses/page_05_mostHelpful.xml,1,True,True,True,False,False,False,False,strong_candidate_for_inclusion
12841961278,Abcjdksom,2,App thường xuyên sập,"App thường xuyên sập, thường xuyên không chuyển được tiền đi, giao dịch thường xuyên lỗi, đầu tư thua lỗ một phần lớn do app,",2025-07-01T21:33:48-07:00,5.9,vn,unprefixed_legacy_raw_responses|xml|mostHelpful|page=5,raw_responses/page_05_mostHelpful.xml,1,True,True,True,False,False,False,False,strong_candidate_for_inclusion
12845724145,Vinh15999,1,Hay lỗi,"Tới giờ giao dịch mà ko đặt lệnh dc, chức năng đặt lệnh thường xuyên lỗi, cần fix gấp",2025-07-02T19:28:17-07:00,5.9,vn,unprefixed_legacy_raw_responses|xml|mostHelpful|page=5,raw_responses/page_05_mostHelpful.xml,1,True,True,True,False,False,False,False,strong_candidate_for_inclusion
12850138790,Leeminpop,1,Tệ,Tệ lỗi app xử lí vấn đề chậm sai hẹn,2025-07-03T22:01:01-07:00,5.9,vn,unprefixed_legacy_raw_responses|xml|mostHelpful|page=5,raw_responses/page_05_mostHelpful.xml,1,True,True,True,False,False,False,False,strong_candidate_for_inclusion
12889467768,just a user 😁,2,Lỗi,Hay bị lỗi,2025-07-13T23:07:33-07:00,6.0,vn,unprefixed_legacy_raw_responses|xml|mostHelpful|page=5,raw_responses/page_05_mostHelpful.xml,1,True,True,True,False,False,False,False,strong_candidate_for_inclusion
12901670031,Hoang1502,2,Góp ý cải thiện,"1. Giao diện:
- quá nhiều tính năng, bị rối.
- không nhìn rõ hoặc gặp khó khi thao tác.
2. Hiệu năng:
- giao dịch, đặt lệnh hay lỗi mất giá đặt.
- thao tác qua tính năng với nhau hay bị đen màn hình, toàn phải tắt app rồi vào lại
- giá thị trường cập nhật chậm, thiếu chính xác, hay cần phải làm mới để hiển thị chính xác giá trong phiên.
3. Mong muốn
- giao diện đơn giản, theo phong cách của mỗi người. 
- cải thiện hiệu năng tránh giật lag, sai thao tác khi sử dụng.",2025-07-17T01:11:52-07:00,6.0,vn,unprefixed_legacy_raw_responses|xml|mostHelpful|page=5,raw_responses/page_05_mostHelpful.xml,1,True,True,True,False,False,False,False,strong_candidate_for_inclusion
12906141645,028!:&jsjs,1,Đăng ký tài khoản báo lỗi liên tục,"Iphone 16 chụp CCCD bổ sung 2-3 lần kêu mờ, không duyệt tài khoản, báo lỗi liên tục. Tạo có cái tài khoản cả tuần ko được",2025-07-18T03:45:00-07:00,6.0,vn,legacy_raw_json|json|mostrecent|page=4;unprefixed_legacy_raw_responses|xml|mostHelpful|page=5,raw_json/page_04.json;raw_responses/page_05_mostHelpful.xml,2,True,True,True,False,False,False,False,strong_candidate_for_inclusion
12906434654,oh soo yeol,1,"App hay lag, rất dễ mất tiền oan do giao dịch mà bảng điểm không nhảy",Nên chuyển aapp khác mà chơi ae ạ,2025-07-18T05:22:23-07:00,6.0,vn,legacy_raw_json|json|mostrecent|page=4;unprefixed_legacy_raw_responses|xml|mostHelpful|page=5,raw_json/page_04.json;raw_responses/page_05_mostHelpful.xml,2,True,True,True,False,False,False,False,strong_candidate_for_inclusion
12917524601,chu kiet,1,Tồi. Thua cả vps,"Thua vps. Khó dùng, vớ vẩn. 
Quân ăn cướp",2025-07-21T00:50:24-07:00,6.0,vn,legacy_raw_json|json|mostrecent|page=4;unprefixed_legacy_raw_responses|xml|mostHelpful|page=5,raw_json/page_04.json;raw_responses/page_05_mostHelpful.xml,2,True,True,True,False,False,False,False,strong_candidate_for_inclusion
12949107259,tanmanha5,1,lag chậm,"từ ngày có krx tôi dùng lệnh đi không được, lỗ tiền rất nhiều, sàn đi xuống quá",2025-07-28T21:15:08-07:00,6.0,vn,legacy_raw_json|json|mostrecent|page=4;unprefixed_legacy_raw_responses|xml|mostHelpful|page=5,raw_json/page_04.json;raw_responses/page_05_mostHelpful.xml,2,True,True,True,False,False,False,False,strong_candidate_for_inclusion
12949577008,viet c,1,App lởm,"Thị trường giảm 70đ trên app vẫn cứ giảm 25đ, làm ăn như l",2025-07-29T00:38:29-07:00,6.0,vn,legacy_raw_json|json|mostrecent|page=4;unprefixed_legacy_raw_responses|xml|mostHelpful|page=5,raw_json/page_04.json;raw_responses/page_05_mostHelpful.xml,2,True,True,True,False,False,False,False,strong_candidate_for_inclusion
12956820659,@loint8,4,Cần thêm option điều chỉnh Font Size,Mọi thứ quá tốt. Nhưng tốt hơn nếu có option để tăng Font Size lên một chút. Hiện tại mọi thứ hơi nhỏ.,2025-07-30T17:56:38-07:00,6.0,vn,legacy_raw_json|json|mostrecent|page=4;unprefixed_legacy_raw_responses|xml|mostHelpful|page=5,raw_json/page_04.json;raw_responses/page_05_mostHelpful.xml,2,True,True,True,False,False,False,False,strong_candidate_for_inclusion
12957364236,LEECUONG7777,1,Tệ,App nhiều lỗi,2025-07-30T21:25:20-07:00,6.0,vn,legacy_raw_json|json|mostrecent|page=4,raw_json/page_04.json,1,True,True,True,False,False,False,False,strong_candidate_for_inclusion
12964759767,Sói già phố Wall.,1,App gì mà lag lộn lên,1 điểm,2025-08-01T15:41:55-07:00,6.0,vn,legacy_raw_json|json|mostrecent|page=4,raw_json/page_04.json,1,True,True,True,False,False,False,False,strong_candidate_for_inclusion
12967217625,Thaihienaly,5,Chức năng đầu tư theo phong thủy,Mình và bạn hay dùng chức năng này nhưng các bản cập nhật mới mất rồi. App thêm lại được không?,2025-08-02T07:17:20-07:00,6.0,vn,legacy_raw_json|json|mostrecent|page=4,raw_json/page_04.json,1,True,True,True,False,False,False,False,strong_candidate_for_inclusion
12970234816,Anh han 99,2,"Khó nhìn, app hay lỗi","Khó nhìn, khi xảy ra vẫn đề k liên hệ được chăm sóc khách hàng, xong giao dịch 1 cp vẫn ở quyền chờ",2025-08-03T02:14:06-07:00,6.0,vn,legacy_raw_json|json|mostrecent|page=4,raw_json/page_04.json,1,True,True,True,False,False,False,False,strong_candidate_for_inclusion
12973916991,khong biet dat gi,1,k có quỹ dcds,số lượng quỹ giới hạn.,2025-08-04T00:41:35-07:00,6.0,vn,legacy_raw_json|json|mostrecent|page=4,raw_json/page_04.json,1,True,True,True,False,False,False,False,strong_candidate_for_inclusion
12976923711,Bo Tâm 18,5,"App dễ sử dụng, giao dịch nhanh","Qua 2 năm sử dụng mình cảm thấy app khá dễ dùng bảo mật tốt.
Mọi người khi tạo acc nhập mã giới thiệu để được nhận quà nhé: 105CB75562",2025-08-04T17:42:38-07:00,6.0,vn,legacy_raw_json|json|mostrecent|page=4,raw_json/page_04.json,1,True,True,True,False,False,False,False,strong_candidate_for_inclusion
13001326203,Kevin-hn,1,App quá ngu,Đặt mãi không khớp lệnh. Tính năng đặt lệnh cổ phiếu không chịu sửa. Lúc nào cũng lag. Load mãi không đc cái màn xác thực otp để mua với bán. Trải nghiệm quá tệ,2025-08-10T20:26:38-07:00,6.0.2,vn,legacy_raw_json|json|mostrecent|page=4,raw_json/page_04.json,1,True,True,True,False,False,False,False,strong_candidate_for_inclusion
13009066553,kali Gió,3,Thêm tính năng mở khoá bằng khuôn mặt,Đến hiện tại mứoi có mở khoá bằng vân tay và mật khẩu. Bao giờ chúng tôi mới có chức năng khuôn mặt để mở khoá vậy???,2025-08-12T19:43:28-07:00,6.0.2,vn,legacy_raw_json|json|mostrecent|page=4,raw_json/page_04.json,1,True,True,True,False,False,False,False,strong_candidate_for_inclusion
13013318242,Tran Binh SSI,1,NẠP TIỀN,"Quá rườm rà phức tạp cho người dùng khi lần đầu trải nghiệm ứng dụng , tiền bắn vào TK đã làm thủ tục tra soát mà tới cả tuần tiền TK vẫn bằng 0 . Trải nghiệm lần đầu quá tệ , AI hỗ trợ nói luyên thuyên chả đâu vào đâu .",2025-08-13T20:49:49-07:00,6.0.2,vn,legacy_raw_json|json|mostrecent|page=4,raw_json/page_04.json,1,True,True,True,False,False,False,False,strong_candidate_for_inclusion
13014069107,789 buồi trâu,1,lỗi chuyển tiền,k rút tiền dc,2025-08-14T01:51:40-07:00,6.0.2,vn,legacy_raw_json|json|mostrecent|page=4,raw_json/page_04.json,1,True,True,True,False,False,False,False,strong_candidate_for_inclusion
13019034835,Adz2016jul,3,UI UX,Giao diện và trải nghiệm chưa tốt,2025-08-15T05:49:36-07:00,6.0.2,vn,legacy_raw_json|json|mostrecent|page=4,raw_json/page_04.json,1,True,True,True,False,False,False,False,strong_candidate_for_inclusion
13026595700,cheng chivas,2,Lỗi k xác thực được nhận diện mặt,Lỗi k xác thực được nhận diện mặt,2025-08-17T02:40:27-07:00,6.0.2,vn,legacy_raw_json|json|mostrecent|page=4,raw_json/page_04.json,1,True,True,True,False,False,False,False,strong_candidate_for_inclusion
13030216864,cuong12345689,1,Tắt cái cá mập thông thái đi hộ cái,Tắt cái cá mập thông thái đi hộ cái,2025-08-18T00:03:31-07:00,6.0.2,vn,legacy_raw_json|json|mostrecent|page=4,raw_json/page_04.json,1,True,True,True,False,False,False,False,strong_candidate_for_inclusion
13031609527,Vương1416,2,Chậm,Tổng kết cuối ngày với tiền có thể rút lỗi mãi không về,2025-08-18T07:54:08-07:00,6.0.2,vn,legacy_raw_json|json|mostrecent|page=4,raw_json/page_04.json,1,True,True,True,False,False,False,False,strong_candidate_for_inclusion
13042326473,LaiLuong,1,App bị đơ chậm,"App bị đơ, chậm, ko vào được, tính năng nào quay tít ko thực hiện được. Nói chung là ko ổn.",2025-08-21T01:01:23-07:00,6.0.2,vn,legacy_raw_json|json|mostrecent|page=4,raw_json/page_04.json,1,True,True,True,False,False,False,False,strong_candidate_for_inclusion
13048038499,Veeraxi,1,Tệ,"App giao diện rối rắm, rút tiền về ngân hàng mà cái nút chuyển xám xịt. Rồi bị giam tiền ở trỏng luôn",2025-08-22T11:00:41-07:00,6.0.2,vn,legacy_raw_json|json|mostrecent|page=4,raw_json/page_04.json,1,True,True,True,False,False,False,False,strong_candidate_for_inclusion
13065672412,tameliza,1,Chuyển tiền vào mất 1s,"Chuyển tiền ra khỏi hỏi đủ thứ, đừng có nói là ngoài giờ, 2h30 chiều mà ngoài giờ cái nỗi gì. 30p không chuyển tiền ra khỏi được. App này rất đểu mn cẩn thận. Tôi là ng dùng Tech 10 năm rồi k phải mới dùng nha. Mất time, thiếu chuyên nghiệp  , waste my time.",2025-08-27T00:54:06-07:00,6.0.2,vn,legacy_raw_json|json|mostrecent|page=4,raw_json/page_04.json,1,True,True,True,False,False,False,False,strong_candidate_for_inclusion
13068775356,DucQA,1,Còn cần cải thiện,"Đăng nhập trên XS Max lại hiện option vân tay, nghĩ nó chán",2025-08-27T19:14:25-07:00,6.0.2,vn,legacy_raw_json|json|mostrecent|page=4,raw_json/page_04.json,1,True,True,True,False,False,False,False,strong_candidate_for_inclusion
13070665657,lvb-:,1,Hỗ trợ kém,"Hỗ trợ kém, nhân viên giải thích lung tung, tiền trừ linh tinh nhân viên không tính ra nổi.",2025-08-28T07:06:09-07:00,6.0.2,vn,legacy_raw_json|json|mostrecent|page=4,raw_json/page_04.json,1,True,True,True,False,False,False,False,strong_candidate_for_inclusion
13090389353,Tồi tệ nhất từng có,2,Mở sổ lệnh khó,Mỗi lần mở sổ lệnh tôi gặp khó khăn.,2025-09-02T07:38:41-07:00,6.1,vn,legacy_raw_json|json|mostrecent|page=4,raw_json/page_04.json,1,True,True,True,False,False,False,False,strong_candidate_for_inclusion
13096390346,ndt1595,1,Bị lỗi,App bị lỗi mở ra khoảng 10s là app tự đóng,2025-09-03T21:09:46-07:00,6.1,vn,legacy_raw_json|json|mostrecent|page=4,raw_json/page_04.json,1,True,True,True,False,False,False,False,strong_candidate_for_inclusion
13100499865,Leo Pham Minh Quan,3,Lỗi Mac air M1,"Mac Air M1 không mở được app, bị đứng ở splash screen",2025-09-04T23:10:38-07:00,6.1,vn,legacy_raw_json|json|mostrecent|page=4,raw_json/page_04.json,1,True,True,True,False,False,False,False,strong_candidate_for_inclusion
13101805426,GaSaoTho,3,Bảng giá CW,"Muốn thêm vài mã chứng quyền trong danh mục để theo dõi bảng giá mà không có, chỉ thêm được mã cổ phiếu mà ko thêm được mã CW. Mong đội ngũ cập nhật",2025-09-05T07:05:26-07:00,6.1,vn,legacy_raw_json|json|mostrecent|page=4,raw_json/page_04.json,1,True,True,True,False,False,False,False,strong_candidate_for_inclusion
13112614932,);₫:827,1,App tệ,Không thể hiểu dc cách sử dụng app này luôn,2025-09-08T01:26:41-07:00,6.1,vn,legacy_raw_json|json|mostrecent|page=4,raw_json/page_04.json,1,True,True,True,False,False,False,False,strong_candidate_for_inclusion
13146645363,Phong.cv,2,Quá nhiều bugs,"Trời ơi đây là cái app nhiều bugs nhất mà tôi từng sử dụng, cảm giác như chạm vào đâu cũng có thể bugs vậy",2025-09-16T18:43:24-07:00,6.1,vn,legacy_raw_json|json|mostrecent|page=4,raw_json/page_04.json,1,True,True,True,False,False,False,False,strong_candidate_for_inclusion
13151606169,lfwghshdj,3,App,App đơ đơ giao dịch rất khó chịu,2025-09-18T00:14:31-07:00,6.1,vn,legacy_raw_json|json|mostrecent|page=4,raw_json/page_04.json,1,True,True,True,False,False,False,False,strong_candidate_for_inclusion
13172558353,Arry Do,1,Công ty làm việc vô trách nhiệm,"Lãi magrin top cao nhất cty chứng khoán, có sự cố kg thể gọi cho nhân viên cskh mà chỉ qua con nhỏ Ai nói khùng điên, tính tiền qua đêm lừa đảo gian dối. Tư vấn vòng vo",2025-09-22T19:31:53-07:00,6.1,vn,legacy_raw_json|json|mostrecent|page=4,raw_json/page_04.json,1,True,True,True,False,False,False,False,strong_candidate_for_inclusion
13177936096,nghong,1,Trải nghiệm cập nhật thay đổi CCCD tệ,"Popup yêu cầu thay đổi hiện lên liên tục, lúc qua bước khác cũng không lưu lại, user bấm nhầm một cái là phải làm lại từ đầu. 
Yêu cầu không duyệt kĩ đã từ chối, đã vậy không cho cập nhật/khiếu nại trên yêu cầu cũ mà bắt tạo yêu cầu mới.",2025-09-24T03:12:36-07:00,6.1,vn,legacy_raw_json|json|mostrecent|page=4,raw_json/page_04.json,1,True,True,True,False,False,False,False,strong_candidate_for_inclusion
13216345199,jbs1080,2,"App cồng kềnh, phức tạp nhưng chưa tốt","App mới (hiện T10/2025) rất nhiều tính năng nhưng đa số không hữu dụng cho NĐT đọc lập, nên rất cồng kềnh. Chức năng vào lệnh (Mua/Bán) rất quan trọng, nhưng giao diện KHÔNG thể hiện các bước giá, không thấy giá SÀN / TRẦN,  cực kỳ khó đặt. 
Phông chữ nhỏ do phải nhồi nhét quá nhiều nội dung. Tính năng lọc cổ phiếu phức tạp khó xài chưa được như kỳ vọng
Mong nhà phát triển nghiên cứu. 
Rất cảm ơn ạ.",2025-10-02T20:16:23-07:00,6.1,vn,legacy_raw_json|json|mostrecent|page=4,raw_json/page_04.json,1,True,True,True,False,False,False,False,strong_candidate_for_inclusion
13230058357,ram2153,1,Tư vấn rất kém,Có vấn đề cần tư vấn gọi tổng đài ko bao giờ có ai nhấc máy và tư vấn . Toàn máy bận,2025-10-05T23:04:14-07:00,6.1,vn,legacy_raw_json|json|mostrecent|page=4,raw_json/page_04.json,1,True,True,True,False,False,False,False,strong_candidate_for_inclusion
13243002599,Nđt1990,1,"App rối nhất trong các app ck. Khó sử dụng k trực quan,  hiện thị nhiều thông tin k cần thiết","K có % tăng giảm các mã ở bảng giá, Khó sử dụng k trực quan, Hiển thị nhiều thông tin k cần thiết, khi mua bán cp k hiển thị 3 mức giá mua bán gần nhất rất khó mua bán được giá tốt",2025-10-09T00:17:22-07:00,6.1,vn,legacy_raw_json|json|mostrecent|page=4,raw_json/page_04.json,1,True,True,True,False,False,False,False,strong_candidate_for_inclusion
13247396302,Xian.B,1,Cskh,Dịch vụ hỗ trợ khách hàng tệ,2025-10-10T01:30:34-07:00,6.1,vn,legacy_raw_json|json|mostrecent|page=4,raw_json/page_04.json,1,True,True,True,False,False,False,False,strong_candidate_for_inclusion
13272131452,Mit16899,1,Đen màn hình,"Đến giờ giao dịch, app lag ko xem được gì. Đen thui.",2025-10-15T20:02:59-07:00,6.1,vn,legacy_raw_json|json|mostrecent|page=4,raw_json/page_04.json,1,True,True,True,False,False,False,False,strong_candidate_for_inclusion
13276981462,TTungwwđ,1,App thường xuyên treo lúc cần bán,Tệ,2025-10-17T00:44:07-07:00,6.1,vn,legacy_raw_json|json|mostrecent|page=4,raw_json/page_04.json,1,True,True,True,False,True,False,False,ambiguous_needs_human_decision
13280235898,Mr bravia,1,Load giá quá chậm,Load giá quá chậm đáng 1 sao. Mấy thằng làm app ngu hay sao,2025-10-17T18:03:35-07:00,6.1,vn,legacy_raw_json|json|mostrecent|page=4,raw_json/page_04.json,1,True,True,True,False,False,False,False,strong_candidate_for_inclusion
13289538564,asusdellhp,1,Lỗi hệ thống,Ngày 20/10 hệ thống trễ quá lớn. Ảnh hưởng nghiêm trong trong giao dịch phái Sinh,2025-10-19T21:46:23-07:00,6.1,vn,legacy_raw_json|json|mostrecent|page=4,raw_json/page_04.json,1,True,True,True,False,False,False,False,strong_candidate_for_inclusion
13290030950,Bíbhkdhe,1,Chưa thấy cái app nào tệ như cái app này,Lần đầu có cái app tệ đến mức mình phải lên app store đánh giá 1 sao. Cứ khi nào thị trường có biến lớn là app bị ngu ko load đc. Mấy lần r chứ ko phải một lần. Mất tiền oan mất lần chỉ vì cái app.,2025-10-20T01:11:22-07:00,6.1,vn,legacy_raw_json|json|mostrecent|page=4,raw_json/page_04.json,1,True,True,True,False,False,False,False,strong_candidate_for_inclusion
13290082792,Nhân viên TCB,1,App quá lag,"App quá lagg, ko chấp nhận nổi, bày đặt đòi wealth tech nhưng app lag lòi mà bày đặt, xem lại căn bản đã",2025-10-20T01:29:13-07:00,6.1,vn,legacy_raw_json|json|mostrecent|page=4,raw_json/page_04.json,1,True,True,True,False,False,False,False,strong_candidate_for_inclusion
13290348242,HNam9488,1,Không mua bán được trên TC Invest,"Ngày 20/10/2025 thị trường có phiên giảm sâu kỷ lục hơn 94 điểm, nhưng tôi không thể mua bán cổ phiếu trên app làm danh mục của tôi lỗ nặng do không thể mua để DCA",2025-10-20T03:02:17-07:00,6.1,vn,legacy_raw_json|json|mostrecent|page=4,raw_json/page_04.json,1,True,True,True,False,False,False,False,strong_candidate_for_inclusion
13295667287,VPN grand master,3,"Quá phức tạp một cách không cần thiết, rối","App nhiều tính năng, tốt, nhưng sắp xếp quá phức tạp một cách không cần thiết, rối. Cần làm cho đơn giản bớt. Một chức năng không cần phải xuất hiện ở nhiều nơi khác nhau.",2025-10-21T08:06:08-07:00,6.1,vn,legacy_raw_json|json|mostrecent|page=4,raw_json/page_04.json,1,True,True,True,False,False,False,False,strong_candidate_for_inclusion
13301878527,Linhchikemkem,5,Mac !!!!!!!!!!!!!!!!,Máy mac app vào không được nhé !,2025-10-22T19:17:58-07:00,6.1,vn,legacy_raw_json|json|mostrecent|page=4,raw_json/page_04.json,1,True,True,True,False,False,False,False,strong_candidate_for_inclusion
13306623450,carolyngp,1,càng ngày càng rối,"rối rắm khó khăn, tạo cái lệnh định kỳ quỹ cũng không cho",2025-10-23T23:33:56-07:00,6.1,vn,legacy_raw_json|json|mostrecent|page=4,raw_json/page_04.json,1,True,True,True,False,False,False,False,strong_candidate_for_inclusion
13332105950,sơn3357,1,Lỗi bị xoá chart,Nhắn hỗ trợ r mà chưa dc. Vẽ 1 2 hôm là bị xoá.,2025-10-29T21:11:36-07:00,6.1,vn,legacy_raw_json|json|mostrecent|page=4,raw_json/page_04.json,1,True,True,True,False,False,False,False,strong_candidate_for_inclusion
13358137009,DanhPhm,1,Lỗi chuyển tiền,Chuyển tiền nhìu lần không được,2025-11-04T20:39:52-07:00,6.1,vn,legacy_raw_json|json|mostrecent|page=4,raw_json/page_04.json,1,True,True,True,False,False,False,False,strong_candidate_for_inclusion
