journey,unique_review_count,incident_count,high_severity_count,pain_point_families_represented,google_play_incident_count,app_store_incident_count
ACCOUNT_OPENING_KYC,30,30,17,1,21,9
ACCOUNT_PROFILE_MAINTENANCE,24,26,19,3,16,10
CUSTOMER_SUPPORT,83,85,40,3,46,39
FUNDING_CASH_TRANSFER,70,72,46,3,35,37
GENERAL_CROSS_JOURNEY,241,255,75,6,153,102
LOGIN_AUTHENTICATION,57,58,41,4,35,23
ONBOARDING_KYC,1,1,1,1,0,1
OTHER,1,1,0,0,0,1
PORTFOLIO_TRACKING,27,29,13,3,15,14
PRODUCT_DISCOVERY_MARKET_DATA,56,57,14,6,37,20
TRADING_ORDER_MANAGEMENT,157,163,103,10,73,90
UNKNOWN,19,19,0,0,12,7
