sample_id,source,review_id,review_date,rating,title,review_text,sentiment,primary_pain_point,secondary_pain_points,customer_journey,severity,product_related,confidence,reviewer_note
"MR-001","App Store","13534569635","2025-12-20T11:10:48+00:00","5","Miễn phí giao dịch","Quá đã khi đc miễn phí gd ko mất đồng nào trong khi các cty khác thu của kh từ 0.1% đến 0.3% phí gd quá cao. App cực kì hiện đại công nghệ trang bị tận răng. Wowww ko thể tin đc xứng đáng 1 cty ck đầu ngành","Positive","Fee / Pricing","","Trading / Order Management","None","Yes","High","Khen chính sách miễn phí giao dịch; không có complaint."
"MR-002","App Store","12725515761","2025-06-02T01:12:20+00:00","5","Tuyệt vời quá","App rất tuyệt. Cảm ơn TCBS nhiều","Positive","Positive / General Satisfaction","","General / Cross-journey","None","Yes","High","Khen chung, không nêu tính năng hay pain point cụ thể."
"MR-003","App Store","12690484349","2025-05-24T00:23:40+00:00","5","App tốt","Sự lựa chọn hoàn hảo cho con đường đầu tư chuyên nghiệp","Positive","Positive / General Satisfaction","","General / Cross-journey","None","Yes","Medium","Khen chung; nội dung không đủ để gán vào một journey cụ thể."
"MR-004","App Store","12084617137","2024-12-20T11:30:44+00:00","5","Không chê điểm gì","6 sao","Positive","Positive / General Satisfaction","","General / Cross-journey","None","Yes","High","Title cung cấp ngữ cảnh tích cực; review_text riêng lẻ rất ngắn."
"MR-005","App Store","13711043247","2026-02-04T06:30:34+00:00","1","cộng đồng không lành mạnh","ứng dụng này tôi có thể đánh giá 5 sao nhưng cộng đồng trên ứng dụng TCBS này thì 1 sao vì đầu tư dưới 3 triệu,mà những người đó chửi những lời thô tục và kinh bỉ,sỉ nhục và lăng mạ tôi.","Negative","Community / Moderation (candidate)","","Community / Social","Medium","Yes","High","Complaint nhắm vào hành vi cộng đồng và moderation, chưa được taxonomy v0 bao phủ."
"MR-006","App Store","12388866897","2025-03-06T14:23:40+00:00","2","Xử lý chậm","Thông báo dao dịch trong ngày về mail chậm. Hơn 10h chưa thấy đâu. Hiễn thị lãi lỗ rối.","Negative","Product / Portfolio Information","Notification / Communication (candidate); UX / Navigation / Complexity","Portfolio / Performance Tracking","Medium","Yes","Medium","Có hai vấn đề: email giao dịch chậm và hiển thị lãi/lỗ khó hiểu."
"MR-007","App Store","13280235898","2025-10-18T01:03:35+00:00","1","Load giá quá chậm","Load giá quá chậm đáng 1 sao. Mấy thằng làm app ngu hay sao","Negative","Performance / Reliability","Product / Portfolio Information","Product Discovery / Market Data","Medium","Yes","High","Giá tải chậm; chưa nói dữ liệu sai hay không thể giao dịch."
"MR-008","App Store","14352633073","2026-07-27T02:34:31+00:00","1","Không có nhân viên hỗ trợ","Dịch vụ kém","Negative","Customer Support","","Customer Support","Medium","Yes","Medium","Title xác định vấn đề thiếu hỗ trợ; nội dung riêng lẻ quá chung."
"MR-009","App Store","13549003693","2025-12-24T07:45:54+00:00","3","Chất lượng tạm ổn","App kiểu all in one, giao dịch cổ phiếu, trái phiếu, chứng chỉ quỹ.. đầy đủ nhưng khá là lag, khiến người dùng đôi lúc khá bực mình","Mixed","Performance / Reliability","","General / Cross-journey","Medium","Yes","High","Khen độ đầy đủ sản phẩm nhưng phàn nàn lag."
"MR-010","App Store","12783588457","2025-06-17T04:19:48+00:00","3","GÓP Ý","Giao diện như bức tranh nhiều màu nhưng ít hữu dụng","Negative","UX / Navigation / Complexity","","General / Cross-journey","Low","Yes","High","Phàn nàn thiết kế nhiều màu và ít hữu dụng, chưa nêu core task bị chặn."
"MR-011","App Store","13630861870","2026-01-14T01:32:26+00:00","3","Trung bình","App hay đơ lag Nhiều lúc đặt lệnh xong k huỷ được","Negative","Trading / Order Execution","Performance / Reliability","Trading / Order Management","High","Yes","High","Không hủy được lệnh là ảnh hưởng trực tiếp tới core trading task."
"MR-012","App Store","12526738886","2025-04-10T15:24:14+00:00","3","Khó thao tác","Phiên bản mới khó đặt lệnh , không thuận tiện như phiên bản trước đây","Negative","Trading / Order Execution","UX / Navigation / Complexity","Trading / Order Management","Medium","Yes","High","Đặt lệnh vẫn có thể thực hiện nhưng khó thao tác sau cập nhật."
"MR-013","Google Play","914d31b8-1b32-42b1-9356-2cb08c26aba3","2026-02-03T08:10:49+00:00","4","","xem lịch sử giao dịch của các mã cổ phiếu trong thời gian giao dịch luôn bị reset về vị trí ban đầu và không thể kéo xuống xem. Vui lòng update phần mềm.","Negative","UX / Navigation / Complexity","Trading / Order Execution","Trading / Order Management","Medium","Yes","Medium","Lỗi reset vị trí làm người dùng không xem được lịch sử; ranh giới UX và trading."
"MR-014","Google Play","fa40557b-0a05-43e7-ad58-5229c8fc1f15","2025-06-03T11:41:41+00:00","5","","app đầy đủ thông tin ⭐⭐⭐⭐⭐, tuy nhiên giao diện chưa bắt mắt và hơi loạn 12 sứ quân 😶‍🌫️","Mixed","UX / Navigation / Complexity","","General / Cross-journey","Low","Yes","High","Khen độ đầy đủ thông tin nhưng chê giao diện rối và chưa đẹp."
"MR-015","Google Play","424f7be0-92d0-4639-b484-7a74e7874cce","2026-04-15T14:24:45+00:00","4","","cập nhật giá nav chậm","Negative","Product / Portfolio Information","Performance / Reliability","Portfolio / Performance Tracking","Medium","Yes","Medium","NAV cập nhật chậm; ưu tiên information freshness hơn hiệu năng tổng thể."
"MR-016","Google Play","9a01a340-159c-426d-b9bd-b9ccd87b423d","2025-09-08T09:22:17+00:00","5","","quá oki ạ 🔥🪄✨","Positive","Positive / General Satisfaction","","General / Cross-journey","None","Yes","High","Khen chung, không có complaint."
"MR-017","Google Play","0965c4ed-df13-48d6-b0f0-8f5c739800da","2026-07-09T11:24:32+00:00","1","","không xác nhận được sinh trắc học, lúc nộp video nó load gần 1h không xong phần submitting the vertification, không đăng ký được","Negative","Onboarding / KYC / Verification","Performance / Reliability","Account Opening / KYC","High","Yes","High","Verification bị treo và chặn hoàn toàn đăng ký tài khoản."
"MR-018","Google Play","65a7938b-91e7-49c4-9586-4b7dd16fb679","2025-06-16T14:02:05+00:00","1","","Giao dịch tiền siêu chậm, cho dù sử dụng tài khoản định danh của BIDV.","Negative","Deposit / Withdrawal / Transfer","Performance / Reliability","Funding / Cash Transfer","High","Yes","Medium","Money movement bị chậm; câu chữ chưa xác định là nạp, rút hay chuyển tiền."
"MR-019","Google Play","ab61f02f-ef5c-4420-988e-1df2def70c5f","2026-03-13T10:57:34+00:00","2","","app như kiểu là trình duyệt web vậy lag điên máy cấu hình yếu bị treo liên tục","Negative","Performance / Reliability","","General / Cross-journey","Medium","Yes","High","Lag và treo lặp lại trên thiết bị cấu hình yếu."
"MR-020","Google Play","e1c2a515-9df2-4f7e-acc6-3ae5e2f83ffa","2025-12-08T13:47:34+00:00","1","","app toàn bị đơ","Negative","Performance / Reliability","","General / Cross-journey","Medium","Yes","High","Complaint ngắn nhưng chỉ rõ app thường xuyên bị đơ."
"MR-021","Google Play","e770901a-c03f-45ee-a57d-c6a03958960b","2025-09-29T15:33:08+00:00","3","","app này mình thấy dùng trên dt rất lag nhưng dùng trên laptop thì ổn áp, nhưng đa phần mình toàn dùng đt để giao dịch thôi ạ .","Mixed","Performance / Reliability","","Trading / Order Management","Medium","Yes","High","Trải nghiệm desktop tốt nhưng mobile lag trong bối cảnh giao dịch thường xuyên."
"MR-022","Google Play","e24f9216-51cf-4eb1-86b7-ed37ea9d208d","2025-07-16T12:37:26+00:00","3","","đang dùng bt tự nhiên bị out ra, h xóa đi cài lại vẫn vậy. bó tay","Negative","Performance / Reliability","","General / Cross-journey","High","Yes","Medium","Bị thoát và cài lại không khắc phục, có khả năng chặn sử dụng app; chưa rõ nguyên nhân authentication hay crash."
"MR-023","Google Play","bc8d4d54-f2c0-49a0-b6e7-55fac5b11c5f","2026-01-14T16:17:21+00:00","3","","tốc độ load app cần cải thiện nhanh tối đa, hiện tại quá chậm","Negative","Performance / Reliability","","General / Cross-journey","Medium","Yes","High","Hiệu năng tải app chậm nhưng chưa nói task cụ thể bị chặn."
"MR-024","Google Play","e1b338d0-d84b-45ab-9f51-ec35cd76d2af","2025-07-30T23:56:31+00:00","3","","ứng dụng hơi tù","Negative","Performance / Reliability","","General / Cross-journey","Low","Yes","Low","Phàn nàn hiệu năng rất chung; severity và category có độ chắc chắn thấp."
"MR-025","Google Play","9affbb8e-9af2-4acd-945b-ddcac4ea8907","2026-04-17T10:07:15+00:00","1","","2 hôm nay ko thể vào đc, cứ bị văng ra ko cho đăng nhập, quá tệ","Negative","Authentication / iOTP","Performance / Reliability","Login / Authentication","High","Yes","High","Không thể đăng nhập trong hai ngày; authentication là pain point chính, văng khỏi app là secondary reliability signal."
"MR-026","Google Play","bdc43597-7227-4f14-a0f8-c8eba93ef177","2025-01-23T12:52:48+00:00","1","","App ngu vô cùng ngu Sau khi tạo tài khoản thì không cho đăng nhập nữa ủa alo vậy thì sao dùng ????? Liên hệ CSKH thì nói chuyện như bot, không có chuyên môn, qua loa, bắt đăng nhập trên app đt trên web máy tính, đổi wifi 4g mở tab ẩn danh vẫn không được Rồi xin teamview vào laptop cá nhân ??? Ơ gì za ? App đt mà bắt tui teamview laptop?? Ảo ma thế Rồi nói hỗ trợ xóa tài khoản thì bảo đăng nhập vào mới xóa được ??? Nam mô a di đà phật không đăng nhập đc vào app thì xóa kiểu qq gì ạ????","Negative","Authentication / iOTP","Customer Support","Login / Authentication","High","Yes","High","Không đăng nhập được sau onboarding và support không giải quyết được; primary là account access."
"MR-027","Google Play","ad76edd9-a952-4969-8e45-ef221d81f18b","2025-02-05T15:16:18+00:00","1","","Ko quét đc QR để đăng nhập trên máy tính. Nhiềi popup tắt đi rồi vẫn hiện","Negative","Authentication / iOTP","UX / Navigation / Complexity","Login / Authentication","High","Yes","High","QR login bị chặn; popup lặp lại là secondary UX issue."
"MR-028","App Store","13068775356","2025-08-28T02:14:25+00:00","1","Còn cần cải thiện","Đăng nhập trên XS Max lại hiện option vân tay, nghĩ nó chán","Negative","Authentication / iOTP","UX / Navigation / Complexity","Login / Authentication","Medium","Yes","Medium","Authentication option không phù hợp thiết bị gây friction, nhưng review không xác nhận login bị chặn hoàn toàn."
"MR-029","App Store","12161401216","2025-01-08T23:46:10+00:00","1","Ứng dụng lừa đảo, thu thuế phí cao","Lãi 3 triệu trừ thuế phí hết còn vài trăm nghìn. Không nên đầu tư vào đây","Negative","Fee / Pricing","","Trading / Order Management","Medium","Yes","High","Complaint về thuế/phí và giá trị lợi nhuận sau giao dịch; không đủ bằng chứng để kết luận gian lận."
"MR-030","Google Play","905e75f6-8a68-4b8a-8766-a64ee3e0b043","2026-02-02T15:17:42+00:00","1","","phí giao dịch 0.03, nhưng app tệ, giao diện khó sử dụng. giao dịch trên TCBS mà phải xem bảng giá bằng SSI, theo dõi danh mục bằng Excel thủ công. thực sự TCBS ngoài phí rẻ ra thì app quá tệ luôn.","Negative","Product / Portfolio Information","UX / Navigation / Complexity; Fee / Pricing","Portfolio / Performance Tracking","Medium","Yes","High","Giá phí được khen nhưng app thiếu thông tin thị trường/danh mục khiến người dùng phải dùng công cụ ngoài."
"MR-031","App Store","13446154783","2025-11-27T08:07:22+00:00","4","app tốt nhưng …","chi phí rẻ, nhiều tính năng ( nhiều quá hơi rối), dễ sử dụng trên cả PC + mobile. Nhưng: Đội ngũ phân tích thị trường khá tệ. Có gửi mail nêu chi tiết + quyết định tham khảo vài cổ phiếu nhưng y như là qua ngày sau thị trường đi ngược lại.","Mixed","Product / Portfolio Information","UX / Navigation / Complexity; Fee / Pricing","Product Discovery / Market Data","Medium","Yes","High","Review vừa khen giá/tính dễ dùng vừa chê phân tích thị trường; rối tính năng là secondary."
"MR-032","Google Play","2d332b92-4e4e-4c12-9526-daf360cd5d1e","2025-10-27T14:59:55+00:00","1","","khách hàng Diamond mà không có các quyền lợi đầy đủ như trong mục ghi, phí vay margin quá cao, dvcskh quá tệ","Negative","Fee / Pricing","Customer Support","Customer Support","Medium","Yes","High","Có complaint về quyền lợi/giá margin và dịch vụ khách hàng; fee là tác động rõ nhất trong mẫu này."
"MR-033","App Store","13857042814","2026-03-17T09:30:42+00:00","4","Lack of english notes and support in app and app notes","App notes are all in Vietnamese and updates only in Vietnamese even though app is multilingual. Many app notifications and critical password and login screens are in Vietnamese even in the english version","Negative","Localization / Language (candidate)","Notification / Communication (candidate); Authentication / iOTP","General / Cross-journey","Medium","Yes","High","Bản tiếng Anh còn nhiều nội dung tiếng Việt, gồm notification và màn hình password/login."
"MR-034","Google Play","76863788-9174-44ee-8fe8-58c3a8de568a","2025-02-27T08:33:42+00:00","2","","App thường xuyên mất dữ liệu chart. Đã lưu nhưng khi refresh hoặc mở lại thì các dữ liệu mất sạch. Thông báo hotline, kĩ thuật sửa lỗi hơn 1 năm trời nhưng càng ngày càng tệ hơn.","Negative","Product / Portfolio Information","Performance / Reliability; Customer Support","Portfolio / Performance Tracking","Medium","Yes","High","Chart đã lưu bị mất sau refresh/mở lại; support được nhắc tới nhưng không phải pain point chính."
"MR-035","App Store","13867670560","2026-03-20T11:43:47+00:00","1","Bật thông báo","Tôi tắt thông báo trong cài đặt nhưng App luôn yêu cầu bật thông báo.","Negative","Notification / Communication (candidate)","","General / Cross-journey","Low","Yes","High","Notification setting không được tôn trọng; không cho thấy core task bị chặn."
"MR-036","Google Play","54304acd-204a-4e82-a3f2-99700570633a","2026-06-04T09:31:25+00:00","2","","UI/UX kém quá khó dùng, rất nhiều lần server lag không cập nhật đúng thông tin, thêm cái thông báo thiết bị không có internet không ẩn được, cả chục giây không đổi tab được? switch ứng dụng về sẽ có thông báo không có internet?","Negative","Performance / Reliability","UX / Navigation / Complexity; Product / Portfolio Information; Notification / Communication (candidate)","General / Cross-journey","Medium","Yes","High","Review chứa nhiều lỗi liên quan: server lag, thông tin stale, popup mạng và không chuyển tab được."
"MR-037","App Store","11871877953","2024-10-25T04:59:20+00:00","1","Ngu si","Liên quan tới tài chính mà đem Ai ra chăm sóc và nói chuyện với khách hàng. Rất bực mình","Negative","Customer Support","","Customer Support","Medium","Yes","High","Phàn nàn việc dùng AI thay cho nhân viên support trong lĩnh vực tài chính."
"MR-038","Google Play","b77c30ef-cdf4-446c-8866-f4576b3aa4fb","2025-08-04T09:54:26+00:00","1","","Quá thất vọng. App lỗi nặng, nhắn tin trên Zalo với tài khoản chính thức của TCBS thì chỉ có một câu trả lời duy nhất là ""bọn em sẽ gửi bộ phận kiểm tra ạ"", sau gần 1 tiếng đồng hồ chẳng thấy phản hồi gì khác. Vẫn câu nói cũ thôi, rất khó để có được một khách hàng nhưng rất dễ để đánh mất một khách hàng. Hôm nay TCBS đã mất một khách hàng là tôi.","Negative","Customer Support","Performance / Reliability","Customer Support","Medium","Yes","High","App lỗi nặng và kênh Zalo không phản hồi thực chất; primary là support failure."
"MR-039","Google Play","7f810ad3-3cf2-482f-a672-724c4708c9ff","2024-11-21T11:14:02+00:00","1","","Ko có nhân viên hỗ trợ, AI ko giải quyết được vấn đề!! :(","Negative","Customer Support","","Customer Support","Medium","Yes","High","Không có nhân viên và AI không giải quyết được vấn đề; category rõ ràng."
"MR-040","App Store","13332105950","2025-10-30T04:11:36+00:00","1","Lỗi bị xoá chart","Nhắn hỗ trợ r mà chưa dc. Vẽ 1 2 hôm là bị xoá.","Negative","Product / Portfolio Information","Customer Support","Portfolio / Performance Tracking","Medium","Yes","High","Chart bị xóa là vấn đề dữ liệu/tính năng; support không xử lý là secondary."
"MR-041","Google Play","402640bc-cfa8-409e-95c8-fecd62daaa30","2024-12-30T14:09:13+00:00","1","","Cứ lâu lâu thích là khóa tính năng rút tiền (khóa 48h lun mới chịu) của người ta, làm nhỡ bao nhiêu việc. Đây là lần cuối dùng cái app ck củ chuối này. Bảo mật cc, KH bất tiện là ng ta out, bảo mật cái đ.éo j","Negative","Security / Account Protection (candidate)","Deposit / Withdrawal / Transfer","Funding / Cash Transfer","High","Yes","High","Cơ chế bảo mật làm khóa rút tiền 48 giờ và chặn money movement; security là nguyên nhân được phàn nàn."
"MR-042","App Store","13714566655","2026-02-05T05:19:24+00:00","1","Cá con","App chán toàn đơ lag lúc cao điểm giờ thêm bảo trì vào thời gian gd. Giam chân nđt. Mua điện thoại mới đăng nhập không được mặc dù có số tk và mật khẩu và Sdt chính chủ rồi. Bắt xác nhận điện thoại cũ (đã cho và đã cài lại máy và người nhận cũng đã đi xa) rất bất tiện. Vậy trường hợp mất máy thì làm sao xác nhận được. Cần cải cách lại có số tk, mk, sdt để xác nhận otp là đc rồi. Bảo mật là rất tốt nhưng bảo mật như này là quá cứng nhắc gây phiền hà mất thời gian của nđt","Negative","Authentication / iOTP","Security / Account Protection (candidate); Performance / Reliability","Login / Authentication","High","Yes","High","Không đăng nhập được trên thiết bị mới vì yêu cầu thiết bị cũ; bảo mật quá cứng nhắc là complaint chính."
"MR-043","Google Play","1fbfc074-a707-4bea-bc45-78e494045b90","2025-03-12T01:32:36+00:00","1","","An toàn kém. Bán cp xong tiền mất 2,5% k bit đi đâu. Ăn cắp tài sản của nđt k nên dùng.","Negative","Deposit / Withdrawal / Transfer","Security / Account Protection (candidate)","Funding / Cash Transfer","High","Yes","Medium","User reports unexplained money loss after selling; do not treat accusation as verified fraud."
"MR-044","Google Play","400da6fc-3a5f-4c8d-83a4-1acd8a8c4888","2025-11-14T18:22:58+00:00","5","","Thật sự, từ khi chuyển sang TCBS, mình thấy an tâm hẳn. ​Điều mình thích nhất là hệ thống bảo mật rất xịn; không còn phải lăn tăn chuyện rủi ro thông tin nữa. ​Các sản phẩm quản lý gia sản (như iBond hay các Quỹ) cũng được chọn lọc kỹ, giúp mình dễ dàng tích lũy tài sản theo kế hoạch. Giao diện lại dễ dùng, xem tài sản tổng thể rất minh bạch. ​TCBS đúng là người đồng hành đáng tin cậy giúp mình vừa đầu tư hiệu quả, vừa ngủ ngon. Ai đang tìm chỗ đầu tư uy tín thì nên thử ngay nhé!","Positive","Positive / General Satisfaction","","General / Cross-journey","None","Yes","High","Khen bảo mật, sản phẩm và độ minh bạch; không có complaint."
"MR-045","Google Play","c6eae58a-de68-4a0d-add8-231850981783","2025-02-11T10:25:45+00:00","3","","Bước đầu thấy phù hợp cho cá nhân tự phân tích. Cần bổ sung thêm khung chart để hiển thị thêm mã. Thêm khung thời gian để phân tích. Nghe bạn bè dùng nói hay bị treo lúc thị trường sập không biết đã khắc phục chưa. Tôi thấy là tại sao có thông báo mua gói bảo mật việc bảo mật và giữ an toàn cho khách hàng trên hệ thống là đương nhiên phải đáp ứng chứ nhỉ.","Mixed","Feature Request (candidate)","Performance / Reliability; Security / Account Protection (candidate)","Product Discovery / Market Data","Low","Yes","Medium","Có hai feature request rõ ràng; lag lúc thị trường sập là hearsay chưa xác minh; phản đối gói bảo mật là concern chứ không phải bằng chứng sự cố."
"MR-046","Google Play","7d25eb7f-ac40-4de4-8943-5ab02a03cdbf","2026-09-09T06:36:39+00:00","1","","App Techcombank Mobile nhanh bao nhiêu thì app TCBS chậm bấy nhiêu, đó là vì TCB mobile có giao diện đơn giản. Để cải thiện, các bạn cần đơn giản hóa giao diện, các cửa sổ lựa chọn chỉ nên hiện những gì cần thiết, cơ bản (các tính năng thông minh khác dành cho nhà đầu tư chuyên nghiệp nên được cất vào một trường tính năng riêng). Các quảng cáo hấp dẫn gì đó cần tóm gọn lại vào một trường riêng, VD ""Tối ưu lợi nhuận"". Thứ khách hàng cần là sự đơn giản trong trải nghiệm.","Negative","UX / Navigation / Complexity","Feature Request (candidate); Performance / Reliability","General / Cross-journey","Medium","Yes","High","Complaint về app chậm và quá nhiều nội dung; đề xuất đơn giản hóa thông tin/quảng cáo."
"MR-047","Google Play","4a46f453-d5ba-48e9-981d-f934c875aab4","2025-10-02T12:07:34+00:00","2","","Quảng cáo quá nhiều, app đầu tư chứng khoán mà mất rất nhiều thời gian mới đặt lệnh được, đề nghị nhóm phát triển xem lại cách làm để không ảnh hưởng đến nhà đầu tư đã nộp tiền vào TCBS","Negative","Trading / Order Execution","UX / Navigation / Complexity","Trading / Order Management","Medium","Yes","High","Quảng cáo và bố cục làm chậm việc đặt lệnh; trading impact là primary."
"MR-048","Google Play","4bf366e1-0727-40b7-bff3-aa519707fdf1","2024-11-05T09:58:28+00:00","1","","Cập nhật thay đổi thông tin KH quá lâu, đã lập lệnh điều chỉnh từ 11.10, hẹn dự kiến hoàn tất 21.10 nhưng đến giờ 5.11 vẫn chưa xong, không thể tin nổi công ty chứng khoán/fintech lại triển khai chậm như thế này.","Negative","Onboarding / KYC / Verification","Performance / Reliability","Account Opening / KYC","Medium","Yes","High","Yêu cầu cập nhật thông tin khách hàng bị treo nhiều tuần; cần kiểm tra sau này có nên tách Profile / Information Update."
"MR-049","App Store","14352635121","2026-07-27T02:35:18+00:00","1","App lỗi rất nhiều lần","App hay bị lỗi quay vòng vòng chờ dữ liệu, rồi lâu lâu đặt lệnh thì không được rất bực mình, tỷ lệ lỗi rất nhiều","Negative","Trading / Order Execution","Performance / Reliability","Trading / Order Management","High","Yes","High","Đặt lệnh không được trong bối cảnh lỗi lặp lại; trading là core task bị ảnh hưởng."
"MR-050","Google Play","93b32545-25cd-443c-8eca-c05809363539","2026-03-17T19:08:37+00:00","1","","Chức năng cơ bản (đặt lệnh định kỳ) còn lỗi. Báo customer support thì bảo ghi nhận rồi ghost.","Negative","Trading / Order Execution","Customer Support","Trading / Order Management","High","Yes","High","Chức năng đặt lệnh định kỳ lỗi và support không follow up; primary trading."
"MR-051","App Store","13243002599","2025-10-09T07:17:22+00:00","1","App rối nhất trong các app ck. Khó sử dụng k trực quan,  hiện thị nhiều thông tin k cần thiết","K có % tăng giảm các mã ở bảng giá, Khó sử dụng k trực quan, Hiển thị nhiều thông tin k cần thiết, khi mua bán cp k hiển thị 3 mức giá mua bán gần nhất rất khó mua bán được giá tốt","Negative","Trading / Order Execution","UX / Navigation / Complexity; Product / Portfolio Information","Trading / Order Management","Medium","Yes","High","Thiếu dữ liệu bid/ask ảnh hưởng chất lượng đặt lệnh; UX và market-data gaps là secondary."
"MR-052","App Store","13630959017","2026-01-14T02:12:06+00:00","1","App lỗi ko giao dịch dc","Nghĩ sao 10h sáng đặt lệnh ko cho khớp ko cho sửa ko cho huỷ? App lớn mà lỗi vậy? Đừng dùng app này mn ơi","Negative","Trading / Order Execution","","Trading / Order Management","High","Yes","High","Không khớp, sửa hoặc hủy lệnh; trading core task bị chặn trực tiếp."
"MR-053","Google Play","89c58827-2128-479a-bdfa-12cb8375f846","2026-07-06T21:14:56+00:00","1","","chuyển tiền buổi tối khi cần thiết không cho chuyển","Negative","Deposit / Withdrawal / Transfer","","Funding / Cash Transfer","Medium","Yes","High","Chuyển tiền ngoài giờ bị từ chối; không đủ ngữ cảnh để kết luận tiền bị mất hoặc bị khóa dài hạn."
"MR-054","Google Play","6611ff7b-7235-46ef-8c16-98055bfdf73c","2025-10-20T21:58:21+00:00","1","","Trải nghiệm quá chán nạp 500k vào thì mau còn rút ra thì ko đc giống lừa đảo ghê rút thì nó bảo dịch vụ chuyển tiền tạm ngưng chán thật chứ dù gì cũng là ngân hàng lớn mà cái app tệ quá lỗi thời nữa chán chả muốn nói nên quá mấy ngân hàng khác mà học hỏi đi như vp bank chạn hạng ứng dụng chạy mượt chuyển hay rút cái là qua liền trong 1 nút nhạc hazz app quá tệ giờ ko biết cách nào rút tiền ra nữa","Negative","Deposit / Withdrawal / Transfer","Security / Account Protection (candidate); Performance / Reliability","Funding / Cash Transfer","High","Yes","High","Không rút được tiền vì dịch vụ tạm ngưng; không kết luận scam từ ngôn ngữ của reviewer."
"MR-055","Google Play","f2029ffc-cc34-493c-b9fc-7032b5104830","2025-01-06T12:23:58+00:00","3","","IPower không tự động rút ra lúc 8h sáng","Negative","Deposit / Withdrawal / Transfer","","Funding / Cash Transfer","Medium","Yes","Medium","Tự động rút tiền không chạy đúng thời điểm; chi tiết nghiệp vụ còn cần xác minh."
"MR-056","App Store","14409630266","2026-08-10T07:58:38+00:00","1","Tại sao lại giam tiền 2 hợp đồng, trong khi đã đóng vị thế trong cùng 1 ngày","10/08/2026 Tại sao lại giam tiền 2 hợp đồng, trong khi đã đóng vị thế trong cùng 1 ngày, các ngày khác không giam vẫn rút được bình thường chỉ trừ thuế phí, và vị thế đóng bị lỗ, rất thất vọng về TCBS","Negative","Deposit / Withdrawal / Transfer","Trading / Order Execution; Fee / Pricing","Funding / Cash Transfer","High","Yes","High","Tiền bị giữ sau khi đóng vị thế và không rút được; có liên hệ tới settlement/trading và phí."
