month,source,review_count,average_rating,low_rating_1_2_count,low_rating_1_2_pct,five_star_count
2015-08,Google Play,2,5.0,0,0.0,2
2015-09,Google Play,2,3.0,1,50.0,1
2015-10,Google Play,0,,0,,0
2015-11,Google Play,0,,0,,0
2015-12,Google Play,0,,0,,0
2016-01,Google Play,0,,0,,0
2016-02,Google Play,0,,0,,0
2016-03,Google Play,0,,0,,0
2016-04,Google Play,0,,0,,0
2016-05,Google Play,0,,0,,0
2016-06,Google Play,0,,0,,0
2016-07,Google Play,0,,0,,0
2016-08,Google Play,1,4.0,0,0.0,0
2016-09,Google Play,1,4.0,0,0.0,0
2016-10,Google Play,1,1.0,1,100.0,0
2016-11,Google Play,0,,0,,0
2016-12,Google Play,0,,0,,0
2017-01,Google Play,0,,0,,0
2017-02,Google Play,0,,0,,0
2017-03,Google Play,0,,0,,0
2017-04,Google Play,0,,0,,0
2017-05,Google Play,0,,0,,0
2017-06,Google Play,0,,0,,0
2017-07,Google Play,1,2.0,1,100.0,0
2017-08,Google Play,0,,0,,0
2017-09,Google Play,0,,0,,0
2017-10,Google Play,1,2.0,1,100.0,0
2017-11,Google Play,0,,0,,0
2017-12,Google Play,1,1.0,1,100.0,0
2018-01,Google Play,1,1.0,1,100.0,0
2018-02,Google Play,0,,0,,0
2018-03,Google Play,1,1.0,1,100.0,0
2018-04,Google Play,0,,0,,0
2018-05,Google Play,3,2.0,2,66.66666666666667,0
2018-06,Google Play,0,,0,,0
2018-07,Google Play,3,2.0,2,66.66666666666667,0
2018-08,Google Play,3,1.6666666666666667,2,66.66666666666667,0
2018-09,Google Play,1,5.0,0,0.0,1
2018-10,Google Play,2,1.0,2,100.0,0
2018-11,Google Play,0,,0,,0
2018-12,Google Play,0,,0,,0
2019-01,Google Play,0,,0,,0
2019-02,Google Play,1,4.0,0,0.0,0
2019-03,Google Play,2,2.0,1,50.0,0
2019-04,Google Play,2,1.5,2,100.0,0
2019-05,Google Play,0,,0,,0
2019-06,Google Play,13,4.0,3,23.076923076923077,9
2019-07,Google Play,6,4.166666666666667,1,16.666666666666668,4
2019-08,Google Play,2,4.5,0,0.0,1
2019-09,Google Play,6,3.6666666666666665,2,33.333333333333336,3
2019-10,Google Play,3,2.3333333333333335,2,66.66666666666667,1
2019-11,Google Play,5,4.0,1,20.0,3
2019-12,Google Play,5,2.8,2,40.0,1
2020-01,Google Play,2,2.0,1,50.0,0
2020-02,Google Play,9,3.888888888888889,2,22.22222222222222,6
2020-03,Google Play,17,3.1176470588235294,7,41.1764705882353,5
2020-04,Google Play,37,2.324324324324324,23,62.16216216216216,8
2020-05,Google Play,19,3.3157894736842106,7,36.8421052631579,7
2020-06,Google Play,40,2.675,21,52.5,7
2020-07,Google Play,47,4.404255319148936,7,14.893617021276595,37
2020-08,Google Play,14,2.642857142857143,8,57.142857142857146,5
2020-09,Google Play,21,3.4285714285714284,6,28.571428571428573,10
2020-10,Google Play,14,3.7857142857142856,3,21.428571428571427,7
2020-11,Google Play,15,3.466666666666667,4,26.666666666666668,6
2020-12,Google Play,25,3.44,9,36.0,13
2021-01,Google Play,43,2.604651162790698,24,55.81395348837209,12
2021-02,Google Play,15,3.2,7,46.666666666666664,7
2021-03,Google Play,179,1.5307262569832403,155,86.59217877094972,18
2021-04,Google Play,27,2.185185185185185,18,66.66666666666667,5
2021-05,Google Play,52,2.269230769230769,34,65.38461538461539,10
2021-06,Google Play,73,1.9589041095890412,53,72.6027397260274,11
2021-07,Google Play,39,2.3846153846153846,24,61.53846153846154,7
2021-08,Google Play,42,2.5476190476190474,24,57.142857142857146,10
2021-09,Google Play,24,2.5,14,58.333333333333336,5
2021-10,Google Play,26,2.3461538461538463,14,53.84615384615385,3
2021-11,Google Play,550,1.190909090909091,523,95.0909090909091,15
2021-12,Google Play,118,1.6355932203389831,99,83.89830508474576,14
2022-01,Google Play,34,2.0588235294117645,24,70.58823529411765,4
2022-02,Google Play,37,2.0,27,72.97297297297297,4
2022-03,Google Play,39,2.0256410256410255,26,66.66666666666667,4
2022-04,Google Play,25,1.92,18,72.0,4
2022-05,Google Play,15,2.4,8,53.333333333333336,2
2022-06,Google Play,15,2.0,11,73.33333333333333,3
2022-07,Google Play,35,1.6857142857142857,29,82.85714285714286,4
2022-08,Google Play,15,1.5333333333333334,13,86.66666666666667,0
2022-09,Google Play,29,1.9655172413793103,20,68.96551724137932,4
2022-10,Google Play,38,1.7894736842105263,29,76.3157894736842,5
2022-11,Google Play,36,1.3888888888888888,32,88.88888888888889,2
2022-12,Google Play,27,1.2222222222222223,25,92.5925925925926,1
2023-01,Google Play,14,1.5,12,85.71428571428571,0
2023-02,Google Play,28,1.25,26,92.85714285714286,0
2023-03,Google Play,28,1.6071428571428572,23,82.14285714285714,1
2023-04,Google Play,15,1.2,14,93.33333333333333,0
2023-05,Google Play,20,2.2,14,70.0,4
2023-06,Google Play,30,3.566666666666667,10,33.333333333333336,17
2023-07,Google Play,46,3.369565217391304,17,36.95652173913044,23
2023-08,Google Play,76,3.526315789473684,27,35.526315789473685,45
2023-09,Google Play,51,4.078431372549019,11,21.568627450980394,37
2023-10,Google Play,67,4.298507462686567,12,17.91044776119403,54
2023-11,Google Play,25,2.2,17,68.0,6
2023-12,Google Play,127,4.251968503937008,23,18.11023622047244,101
2024-01,Google Play,12,3.0,5,41.666666666666664,4
2024-02,Google Play,8,1.5,7,87.5,1
2024-03,Google Play,155,4.122580645161291,34,21.93548387096774,116
2024-04,Google Play,17,2.7058823529411766,9,52.94117647058823,6
2024-05,Google Play,22,2.1818181818181817,16,72.72727272727273,4
2024-06,Google Play,12,2.1666666666666665,9,75.0,3
2024-07,Google Play,23,1.9565217391304348,17,73.91304347826087,3
2024-08,Google Play,97,4.474226804123711,13,13.402061855670103,82
2024-09,Google Play,92,4.554347826086956,9,9.782608695652174,78
2024-10,Google Play,16,2.5625,10,62.5,6
2024-11,Google Play,11,1.9090909090909092,9,81.81818181818181,2
2024-12,Google Play,12,1.5,11,91.66666666666667,1
2025-01,Google Play,18,1.8888888888888888,14,77.77777777777777,3
2025-02,Google Play,16,1.5,14,87.5,0
2025-03,Google Play,17,1.8235294117647058,13,76.47058823529412,2
2025-04,Google Play,13,1.5384615384615385,11,84.61538461538461,1
2025-05,Google Play,26,2.769230769230769,13,50.0,9
2025-06,Google Play,15,2.8666666666666667,7,46.666666666666664,6
2025-07,Google Play,23,2.217391304347826,15,65.21739130434783,5
2025-08,Google Play,13,1.4615384615384615,12,92.3076923076923,1
2025-09,Google Play,23,1.9565217391304348,17,73.91304347826087,3
2025-10,Google Play,27,1.4444444444444444,24,88.88888888888889,0
2025-11,Google Play,13,2.1538461538461537,9,69.23076923076923,2
2025-12,Google Play,5,2.0,4,80.0,1
2026-01,Google Play,23,1.2173913043478262,21,91.30434782608695,0
2026-02,Google Play,13,1.9230769230769231,10,76.92307692307692,2
2026-03,Google Play,18,1.3888888888888888,16,88.88888888888889,0
2026-04,Google Play,34,2.1176470588235294,25,73.52941176470588,6
2026-05,Google Play,8,2.0,6,75.0,2
2026-06,Google Play,16,2.0,11,68.75,2
2026-07,Google Play,16,2.0625,12,75.0,3
2026-08,Google Play,11,1.9090909090909092,9,81.81818181818181,2
2026-09,Google Play,9,1.3333333333333333,8,88.88888888888889,0
2023-04,App Store,1,3.0,0,0.0,0
2023-05,App Store,0,,0,,0
2023-06,App Store,0,,0,,0
2023-07,App Store,1,4.0,0,0.0,0
2023-08,App Store,1,3.0,0,0.0,0
2023-09,App Store,1,5.0,0,0.0,1
2023-10,App Store,0,,0,,0
2023-11,App Store,0,,0,,0
2023-12,App Store,0,,0,,0
2024-01,App Store,0,,0,,0
2024-02,App Store,0,,0,,0
2024-03,App Store,0,,0,,0
2024-04,App Store,1,3.0,0,0.0,0
2024-05,App Store,0,,0,,0
2024-06,App Store,0,,0,,0
2024-07,App Store,0,,0,,0
2024-08,App Store,0,,0,,0
2024-09,App Store,194,4.84020618556701,6,3.0927835051546393,181
2024-10,App Store,13,1.6153846153846154,11,84.61538461538461,2
2024-11,App Store,8,1.75,6,75.0,1
2024-12,App Store,5,2.4,3,60.0,1
2025-01,App Store,6,1.5,5,83.33333333333333,0
2025-02,App Store,8,2.25,5,62.5,1
2025-03,App Store,13,1.6153846153846154,11,84.61538461538461,0
2025-04,App Store,18,1.6111111111111112,14,77.77777777777777,1
2025-05,App Store,17,2.6470588235294117,11,64.70588235294117,6
2025-06,App Store,30,3.6,10,33.333333333333336,18
2025-07,App Store,12,1.5,11,91.66666666666667,0
2025-08,App Store,18,1.8333333333333333,14,77.77777777777777,2
2025-09,App Store,9,1.8888888888888888,6,66.66666666666667,0
2025-10,App Store,15,1.4666666666666666,13,86.66666666666667,1
2025-11,App Store,12,3.25,5,41.666666666666664,6
2025-12,App Store,8,2.125,6,75.0,1
2026-01,App Store,27,1.3703703703703705,23,85.18518518518519,0
2026-02,App Store,17,1.7058823529411764,14,82.3529411764706,2
2026-03,App Store,21,1.619047619047619,17,80.95238095238095,2
2026-04,App Store,32,1.28125,30,93.75,1
2026-05,App Store,5,2.6,3,60.0,2
2026-06,App Store,6,1.8333333333333333,5,83.33333333333333,1
2026-07,App Store,7,1.8571428571428572,5,71.42857142857143,1
2026-08,App Store,12,1.4166666666666667,11,91.66666666666667,1
2026-09,App Store,4,1.75,3,75.0,0
2015-08,Total,2,5.0,0,0.0,2
2015-09,Total,2,3.0,1,50.0,1
2015-10,Total,0,,0,,0
2015-11,Total,0,,0,,0
2015-12,Total,0,,0,,0
2016-01,Total,0,,0,,0
2016-02,Total,0,,0,,0
2016-03,Total,0,,0,,0
2016-04,Total,0,,0,,0
2016-05,Total,0,,0,,0
2016-06,Total,0,,0,,0
2016-07,Total,0,,0,,0
2016-08,Total,1,4.0,0,0.0,0
2016-09,Total,1,4.0,0,0.0,0
2016-10,Total,1,1.0,1,100.0,0
2016-11,Total,0,,0,,0
2016-12,Total,0,,0,,0
2017-01,Total,0,,0,,0
2017-02,Total,0,,0,,0
2017-03,Total,0,,0,,0
2017-04,Total,0,,0,,0
2017-05,Total,0,,0,,0
2017-06,Total,0,,0,,0
2017-07,Total,1,2.0,1,100.0,0
2017-08,Total,0,,0,,0
2017-09,Total,0,,0,,0
2017-10,Total,1,2.0,1,100.0,0
2017-11,Total,0,,0,,0
2017-12,Total,1,1.0,1,100.0,0
2018-01,Total,1,1.0,1,100.0,0
2018-02,Total,0,,0,,0
2018-03,Total,1,1.0,1,100.0,0
2018-04,Total,0,,0,,0
2018-05,Total,3,2.0,2,66.66666666666667,0
2018-06,Total,0,,0,,0
2018-07,Total,3,2.0,2,66.66666666666667,0
2018-08,Total,3,1.6666666666666667,2,66.66666666666667,0
2018-09,Total,1,5.0,0,0.0,1
2018-10,Total,2,1.0,2,100.0,0
2018-11,Total,0,,0,,0
2018-12,Total,0,,0,,0
2019-01,Total,0,,0,,0
2019-02,Total,1,4.0,0,0.0,0
2019-03,Total,2,2.0,1,50.0,0
2019-04,Total,2,1.5,2,100.0,0
2019-05,Total,0,,0,,0
2019-06,Total,13,4.0,3,23.076923076923077,9
2019-07,Total,6,4.166666666666667,1,16.666666666666668,4
2019-08,Total,2,4.5,0,0.0,1
2019-09,Total,6,3.6666666666666665,2,33.333333333333336,3
2019-10,Total,3,2.3333333333333335,2,66.66666666666667,1
2019-11,Total,5,4.0,1,20.0,3
2019-12,Total,5,2.8,2,40.0,1
2020-01,Total,2,2.0,1,50.0,0
2020-02,Total,9,3.888888888888889,2,22.22222222222222,6
2020-03,Total,17,3.1176470588235294,7,41.1764705882353,5
2020-04,Total,37,2.324324324324324,23,62.16216216216216,8
2020-05,Total,19,3.3157894736842106,7,36.8421052631579,7
2020-06,Total,40,2.675,21,52.5,7
2020-07,Total,47,4.404255319148936,7,14.893617021276595,37
2020-08,Total,14,2.642857142857143,8,57.142857142857146,5
2020-09,Total,21,3.4285714285714284,6,28.571428571428573,10
2020-10,Total,14,3.7857142857142856,3,21.428571428571427,7
2020-11,Total,15,3.466666666666667,4,26.666666666666668,6
2020-12,Total,25,3.44,9,36.0,13
2021-01,Total,43,2.604651162790698,24,55.81395348837209,12
2021-02,Total,15,3.2,7,46.666666666666664,7
2021-03,Total,179,1.5307262569832403,155,86.59217877094972,18
2021-04,Total,27,2.185185185185185,18,66.66666666666667,5
2021-05,Total,52,2.269230769230769,34,65.38461538461539,10
2021-06,Total,73,1.9589041095890412,53,72.6027397260274,11
2021-07,Total,39,2.3846153846153846,24,61.53846153846154,7
2021-08,Total,42,2.5476190476190474,24,57.142857142857146,10
2021-09,Total,24,2.5,14,58.333333333333336,5
2021-10,Total,26,2.3461538461538463,14,53.84615384615385,3
2021-11,Total,550,1.190909090909091,523,95.0909090909091,15
2021-12,Total,118,1.6355932203389831,99,83.89830508474576,14
2022-01,Total,34,2.0588235294117645,24,70.58823529411765,4
2022-02,Total,37,2.0,27,72.97297297297297,4
2022-03,Total,39,2.0256410256410255,26,66.66666666666667,4
2022-04,Total,25,1.92,18,72.0,4
2022-05,Total,15,2.4,8,53.333333333333336,2
2022-06,Total,15,2.0,11,73.33333333333333,3
2022-07,Total,35,1.6857142857142857,29,82.85714285714286,4
2022-08,Total,15,1.5333333333333334,13,86.66666666666667,0
2022-09,Total,29,1.9655172413793103,20,68.96551724137932,4
2022-10,Total,38,1.7894736842105263,29,76.3157894736842,5
2022-11,Total,36,1.3888888888888888,32,88.88888888888889,2
2022-12,Total,27,1.2222222222222223,25,92.5925925925926,1
2023-01,Total,14,1.5,12,85.71428571428571,0
2023-02,Total,28,1.25,26,92.85714285714286,0
2023-03,Total,28,1.6071428571428572,23,82.14285714285714,1
2023-04,Total,16,1.3125,14,87.5,0
2023-05,Total,20,2.2,14,70.0,4
2023-06,Total,30,3.566666666666667,10,33.333333333333336,17
2023-07,Total,47,3.382978723404255,17,36.170212765957444,23
2023-08,Total,77,3.5194805194805197,27,35.064935064935064,45
2023-09,Total,52,4.096153846153846,11,21.153846153846153,38
2023-10,Total,67,4.298507462686567,12,17.91044776119403,54
2023-11,Total,25,2.2,17,68.0,6
2023-12,Total,127,4.251968503937008,23,18.11023622047244,101
2024-01,Total,12,3.0,5,41.666666666666664,4
2024-02,Total,8,1.5,7,87.5,1
2024-03,Total,155,4.122580645161291,34,21.93548387096774,116
2024-04,Total,18,2.7222222222222223,9,50.0,6
2024-05,Total,22,2.1818181818181817,16,72.72727272727273,4
2024-06,Total,12,2.1666666666666665,9,75.0,3
2024-07,Total,23,1.9565217391304348,17,73.91304347826087,3
2024-08,Total,97,4.474226804123711,13,13.402061855670103,82
2024-09,Total,286,4.748251748251748,15,5.244755244755245,259
2024-10,Total,29,2.1379310344827585,21,72.41379310344827,8
2024-11,Total,19,1.8421052631578947,15,78.94736842105263,3
2024-12,Total,17,1.7647058823529411,14,82.3529411764706,2
2025-01,Total,24,1.7916666666666667,19,79.16666666666667,3
2025-02,Total,24,1.75,19,79.16666666666667,1
2025-03,Total,30,1.7333333333333334,24,80.0,2
2025-04,Total,31,1.5806451612903225,25,80.64516129032258,2
2025-05,Total,43,2.7209302325581395,24,55.81395348837209,15
2025-06,Total,45,3.3555555555555556,17,37.77777777777778,24
2025-07,Total,35,1.9714285714285715,26,74.28571428571429,5
2025-08,Total,31,1.6774193548387097,26,83.87096774193549,3
2025-09,Total,32,1.9375,23,71.875,3
2025-10,Total,42,1.4523809523809523,37,88.0952380952381,1
2025-11,Total,25,2.68,14,56.0,8
2025-12,Total,13,2.076923076923077,10,76.92307692307692,2
2026-01,Total,50,1.3,44,88.0,0
2026-02,Total,30,1.8,24,80.0,4
2026-03,Total,39,1.5128205128205128,33,84.61538461538461,2
2026-04,Total,66,1.7121212121212122,55,83.33333333333333,7
2026-05,Total,13,2.230769230769231,9,69.23076923076923,4
2026-06,Total,22,1.9545454545454546,16,72.72727272727273,3
2026-07,Total,23,2.0,17,73.91304347826087,4
2026-08,Total,23,1.6521739130434783,20,86.95652173913044,3
2026-09,Total,13,1.4615384615384615,11,84.61538461538461,0
