month,pain_point_family,pain_point_review_count,all_reviews_in_month,pain_point_review_rate,google_play_count,app_store_count
2024-09,PERFORMANCE_RELIABILITY,1,17,5.88,0,1
2024-09,UX_NAVIGATION_COMPLEXITY,2,17,11.76,2,0
2024-09,ONBOARDING_KYC,0,17,0.0,0,0
2024-09,AUTHENTICATION_IOTP,1,17,5.88,1,0
2024-09,TRADING_ORDER_EXECUTION,1,17,5.88,0,1
2024-09,DEPOSIT_WITHDRAWAL_TRANSFER,0,17,0.0,0,0
2024-09,CUSTOMER_SUPPORT,1,17,5.88,0,1
2024-09,MARKET_DATA_INFORMATION,0,17,0.0,0,0
2024-09,PORTFOLIO_ACCOUNT_INFORMATION,1,17,5.88,0,1
2024-09,FEE_PRICING,0,17,0.0,0,0
2024-09,ACCOUNT_RECOVERY_PROFILE_CHANGE,2,17,11.76,1,1
2024-09,SECURITY_ACCOUNT_PROTECTION,0,17,0.0,0,0
2024-09,NOTIFICATION_COMMUNICATION,0,17,0.0,0,0
2024-09,MARKET_RESEARCH_RECOMMENDATION_UTILITY,0,17,0.0,0,0
2024-09,EXCESSIVE_DATA_CONSUMPTION,0,17,0.0,0,0
2024-10,PERFORMANCE_RELIABILITY,5,29,17.24,2,3
2024-10,UX_NAVIGATION_COMPLEXITY,3,29,10.34,1,2
2024-10,ONBOARDING_KYC,0,29,0.0,0,0
2024-10,AUTHENTICATION_IOTP,2,29,6.9,1,1
2024-10,TRADING_ORDER_EXECUTION,0,29,0.0,0,0
2024-10,DEPOSIT_WITHDRAWAL_TRANSFER,0,29,0.0,0,0
2024-10,CUSTOMER_SUPPORT,9,29,31.03,5,4
2024-10,MARKET_DATA_INFORMATION,0,29,0.0,0,0
2024-10,PORTFOLIO_ACCOUNT_INFORMATION,0,29,0.0,0,0
2024-10,FEE_PRICING,0,29,0.0,0,0
2024-10,ACCOUNT_RECOVERY_PROFILE_CHANGE,4,29,13.79,4,0
2024-10,SECURITY_ACCOUNT_PROTECTION,1,29,3.45,0,1
2024-10,NOTIFICATION_COMMUNICATION,1,29,3.45,0,1
2024-10,MARKET_RESEARCH_RECOMMENDATION_UTILITY,0,29,0.0,0,0
2024-10,EXCESSIVE_DATA_CONSUMPTION,0,29,0.0,0,0
2024-11,PERFORMANCE_RELIABILITY,4,19,21.05,2,2
2024-11,UX_NAVIGATION_COMPLEXITY,2,19,10.53,0,2
2024-11,ONBOARDING_KYC,1,19,5.26,1,0
2024-11,AUTHENTICATION_IOTP,1,19,5.26,1,0
2024-11,TRADING_ORDER_EXECUTION,1,19,5.26,0,1
2024-11,DEPOSIT_WITHDRAWAL_TRANSFER,0,19,0.0,0,0
2024-11,CUSTOMER_SUPPORT,4,19,21.05,4,0
2024-11,MARKET_DATA_INFORMATION,1,19,5.26,0,1
2024-11,PORTFOLIO_ACCOUNT_INFORMATION,0,19,0.0,0,0
2024-11,FEE_PRICING,0,19,0.0,0,0
2024-11,ACCOUNT_RECOVERY_PROFILE_CHANGE,3,19,15.79,3,0
2024-11,SECURITY_ACCOUNT_PROTECTION,0,19,0.0,0,0
2024-11,NOTIFICATION_COMMUNICATION,1,19,5.26,1,0
2024-11,MARKET_RESEARCH_RECOMMENDATION_UTILITY,1,19,5.26,1,0
2024-11,EXCESSIVE_DATA_CONSUMPTION,0,19,0.0,0,0
2024-12,PERFORMANCE_RELIABILITY,5,17,29.41,3,2
2024-12,UX_NAVIGATION_COMPLEXITY,4,17,23.53,3,1
2024-12,ONBOARDING_KYC,2,17,11.76,2,0
2024-12,AUTHENTICATION_IOTP,0,17,0.0,0,0
2024-12,TRADING_ORDER_EXECUTION,3,17,17.65,2,1
2024-12,DEPOSIT_WITHDRAWAL_TRANSFER,1,17,5.88,1,0
2024-12,CUSTOMER_SUPPORT,1,17,5.88,1,0
2024-12,MARKET_DATA_INFORMATION,1,17,5.88,1,0
2024-12,PORTFOLIO_ACCOUNT_INFORMATION,0,17,0.0,0,0
2024-12,FEE_PRICING,0,17,0.0,0,0
2024-12,ACCOUNT_RECOVERY_PROFILE_CHANGE,1,17,5.88,1,0
2024-12,SECURITY_ACCOUNT_PROTECTION,0,17,0.0,0,0
2024-12,NOTIFICATION_COMMUNICATION,0,17,0.0,0,0
2024-12,MARKET_RESEARCH_RECOMMENDATION_UTILITY,0,17,0.0,0,0
2024-12,EXCESSIVE_DATA_CONSUMPTION,0,17,0.0,0,0
2025-01,PERFORMANCE_RELIABILITY,3,24,12.5,2,1
2025-01,UX_NAVIGATION_COMPLEXITY,6,24,25.0,6,0
2025-01,ONBOARDING_KYC,0,24,0.0,0,0
2025-01,AUTHENTICATION_IOTP,1,24,4.17,1,0
2025-01,TRADING_ORDER_EXECUTION,3,24,12.5,2,1
2025-01,DEPOSIT_WITHDRAWAL_TRANSFER,3,24,12.5,2,1
2025-01,CUSTOMER_SUPPORT,1,24,4.17,1,0
2025-01,MARKET_DATA_INFORMATION,1,24,4.17,0,1
2025-01,PORTFOLIO_ACCOUNT_INFORMATION,4,24,16.67,2,2
2025-01,FEE_PRICING,1,24,4.17,0,1
2025-01,ACCOUNT_RECOVERY_PROFILE_CHANGE,0,24,0.0,0,0
2025-01,SECURITY_ACCOUNT_PROTECTION,0,24,0.0,0,0
2025-01,NOTIFICATION_COMMUNICATION,0,24,0.0,0,0
2025-01,MARKET_RESEARCH_RECOMMENDATION_UTILITY,0,24,0.0,0,0
2025-01,EXCESSIVE_DATA_CONSUMPTION,0,24,0.0,0,0
2025-02,PERFORMANCE_RELIABILITY,3,24,12.5,3,0
2025-02,UX_NAVIGATION_COMPLEXITY,9,24,37.5,6,3
2025-02,ONBOARDING_KYC,0,24,0.0,0,0
2025-02,AUTHENTICATION_IOTP,3,24,12.5,2,1
2025-02,TRADING_ORDER_EXECUTION,0,24,0.0,0,0
2025-02,DEPOSIT_WITHDRAWAL_TRANSFER,2,24,8.33,1,1
2025-02,CUSTOMER_SUPPORT,1,24,4.17,0,1
2025-02,MARKET_DATA_INFORMATION,6,24,25.0,5,1
2025-02,PORTFOLIO_ACCOUNT_INFORMATION,1,24,4.17,1,0
2025-02,FEE_PRICING,0,24,0.0,0,0
2025-02,ACCOUNT_RECOVERY_PROFILE_CHANGE,0,24,0.0,0,0
2025-02,SECURITY_ACCOUNT_PROTECTION,2,24,8.33,2,0
2025-02,NOTIFICATION_COMMUNICATION,0,24,0.0,0,0
2025-02,MARKET_RESEARCH_RECOMMENDATION_UTILITY,1,24,4.17,1,0
2025-02,EXCESSIVE_DATA_CONSUMPTION,0,24,0.0,0,0
2025-03,PERFORMANCE_RELIABILITY,4,30,13.33,4,0
2025-03,UX_NAVIGATION_COMPLEXITY,7,30,23.33,2,5
2025-03,ONBOARDING_KYC,2,30,6.67,2,0
2025-03,AUTHENTICATION_IOTP,1,30,3.33,0,1
2025-03,TRADING_ORDER_EXECUTION,5,30,16.67,1,4
2025-03,DEPOSIT_WITHDRAWAL_TRANSFER,4,30,13.33,2,2
2025-03,CUSTOMER_SUPPORT,1,30,3.33,0,1
2025-03,MARKET_DATA_INFORMATION,2,30,6.67,1,1
2025-03,PORTFOLIO_ACCOUNT_INFORMATION,1,30,3.33,0,1
2025-03,FEE_PRICING,2,30,6.67,2,0
2025-03,ACCOUNT_RECOVERY_PROFILE_CHANGE,0,30,0.0,0,0
2025-03,SECURITY_ACCOUNT_PROTECTION,0,30,0.0,0,0
2025-03,NOTIFICATION_COMMUNICATION,2,30,6.67,0,2
2025-03,MARKET_RESEARCH_RECOMMENDATION_UTILITY,0,30,0.0,0,0
2025-03,EXCESSIVE_DATA_CONSUMPTION,0,30,0.0,0,0
2025-04,PERFORMANCE_RELIABILITY,7,31,22.58,3,4
2025-04,UX_NAVIGATION_COMPLEXITY,15,31,48.39,6,9
2025-04,ONBOARDING_KYC,0,31,0.0,0,0
2025-04,AUTHENTICATION_IOTP,1,31,3.23,1,0
2025-04,TRADING_ORDER_EXECUTION,1,31,3.23,1,0
2025-04,DEPOSIT_WITHDRAWAL_TRANSFER,4,31,12.9,1,3
2025-04,CUSTOMER_SUPPORT,3,31,9.68,1,2
2025-04,MARKET_DATA_INFORMATION,0,31,0.0,0,0
2025-04,PORTFOLIO_ACCOUNT_INFORMATION,1,31,3.23,0,1
2025-04,FEE_PRICING,1,31,3.23,0,1
2025-04,ACCOUNT_RECOVERY_PROFILE_CHANGE,0,31,0.0,0,0
2025-04,SECURITY_ACCOUNT_PROTECTION,0,31,0.0,0,0
2025-04,NOTIFICATION_COMMUNICATION,0,31,0.0,0,0
2025-04,MARKET_RESEARCH_RECOMMENDATION_UTILITY,0,31,0.0,0,0
2025-04,EXCESSIVE_DATA_CONSUMPTION,1,31,3.23,0,1
2025-05,PERFORMANCE_RELIABILITY,8,43,18.6,3,5
2025-05,UX_NAVIGATION_COMPLEXITY,8,43,18.6,5,3
2025-05,ONBOARDING_KYC,3,43,6.98,2,1
2025-05,AUTHENTICATION_IOTP,1,43,2.33,1,0
2025-05,TRADING_ORDER_EXECUTION,5,43,11.63,2,3
2025-05,DEPOSIT_WITHDRAWAL_TRANSFER,3,43,6.98,1,2
2025-05,CUSTOMER_SUPPORT,2,43,4.65,2,0
2025-05,MARKET_DATA_INFORMATION,2,43,4.65,2,0
2025-05,PORTFOLIO_ACCOUNT_INFORMATION,1,43,2.33,1,0
2025-05,FEE_PRICING,1,43,2.33,1,0
2025-05,ACCOUNT_RECOVERY_PROFILE_CHANGE,0,43,0.0,0,0
2025-05,SECURITY_ACCOUNT_PROTECTION,0,43,0.0,0,0
2025-05,NOTIFICATION_COMMUNICATION,0,43,0.0,0,0
2025-05,MARKET_RESEARCH_RECOMMENDATION_UTILITY,0,43,0.0,0,0
2025-05,EXCESSIVE_DATA_CONSUMPTION,0,43,0.0,0,0
2025-06,PERFORMANCE_RELIABILITY,3,45,6.67,1,2
2025-06,UX_NAVIGATION_COMPLEXITY,10,45,22.22,4,6
2025-06,ONBOARDING_KYC,2,45,4.44,0,2
2025-06,AUTHENTICATION_IOTP,0,45,0.0,0,0
2025-06,TRADING_ORDER_EXECUTION,3,45,6.67,1,2
2025-06,DEPOSIT_WITHDRAWAL_TRANSFER,4,45,8.89,2,2
2025-06,CUSTOMER_SUPPORT,2,45,4.44,1,1
2025-06,MARKET_DATA_INFORMATION,1,45,2.22,1,0
2025-06,PORTFOLIO_ACCOUNT_INFORMATION,0,45,0.0,0,0
2025-06,FEE_PRICING,0,45,0.0,0,0
2025-06,ACCOUNT_RECOVERY_PROFILE_CHANGE,0,45,0.0,0,0
2025-06,SECURITY_ACCOUNT_PROTECTION,1,45,2.22,1,0
2025-06,NOTIFICATION_COMMUNICATION,1,45,2.22,0,1
2025-06,MARKET_RESEARCH_RECOMMENDATION_UTILITY,0,45,0.0,0,0
2025-06,EXCESSIVE_DATA_CONSUMPTION,0,45,0.0,0,0
2025-07,PERFORMANCE_RELIABILITY,13,35,37.14,8,5
2025-07,UX_NAVIGATION_COMPLEXITY,6,35,17.14,3,3
2025-07,ONBOARDING_KYC,1,35,2.86,0,1
2025-07,AUTHENTICATION_IOTP,1,35,2.86,1,0
2025-07,TRADING_ORDER_EXECUTION,5,35,14.29,2,3
2025-07,DEPOSIT_WITHDRAWAL_TRANSFER,1,35,2.86,1,0
2025-07,CUSTOMER_SUPPORT,3,35,8.57,2,1
2025-07,MARKET_DATA_INFORMATION,7,35,20.0,5,2
2025-07,PORTFOLIO_ACCOUNT_INFORMATION,0,35,0.0,0,0
2025-07,FEE_PRICING,0,35,0.0,0,0
2025-07,ACCOUNT_RECOVERY_PROFILE_CHANGE,0,35,0.0,0,0
2025-07,SECURITY_ACCOUNT_PROTECTION,0,35,0.0,0,0
2025-07,NOTIFICATION_COMMUNICATION,0,35,0.0,0,0
2025-07,MARKET_RESEARCH_RECOMMENDATION_UTILITY,1,35,2.86,1,0
2025-07,EXCESSIVE_DATA_CONSUMPTION,0,35,0.0,0,0
2025-08,PERFORMANCE_RELIABILITY,5,31,16.13,3,2
2025-08,UX_NAVIGATION_COMPLEXITY,4,31,12.9,2,2
2025-08,ONBOARDING_KYC,1,31,3.23,1,0
2025-08,AUTHENTICATION_IOTP,5,31,16.13,2,3
2025-08,TRADING_ORDER_EXECUTION,2,31,6.45,0,2
2025-08,DEPOSIT_WITHDRAWAL_TRANSFER,6,31,19.35,2,4
2025-08,CUSTOMER_SUPPORT,6,31,19.35,3,3
2025-08,MARKET_DATA_INFORMATION,1,31,3.23,1,0
2025-08,PORTFOLIO_ACCOUNT_INFORMATION,2,31,6.45,1,1
2025-08,FEE_PRICING,0,31,0.0,0,0
2025-08,ACCOUNT_RECOVERY_PROFILE_CHANGE,0,31,0.0,0,0
2025-08,SECURITY_ACCOUNT_PROTECTION,1,31,3.23,1,0
2025-08,NOTIFICATION_COMMUNICATION,0,31,0.0,0,0
2025-08,MARKET_RESEARCH_RECOMMENDATION_UTILITY,1,31,3.23,0,1
2025-08,EXCESSIVE_DATA_CONSUMPTION,0,31,0.0,0,0
2025-09,PERFORMANCE_RELIABILITY,7,32,21.88,4,3
2025-09,UX_NAVIGATION_COMPLEXITY,10,32,31.25,7,3
2025-09,ONBOARDING_KYC,1,32,3.12,1,0
2025-09,AUTHENTICATION_IOTP,2,32,6.25,2,0
2025-09,TRADING_ORDER_EXECUTION,0,32,0.0,0,0
2025-09,DEPOSIT_WITHDRAWAL_TRANSFER,0,32,0.0,0,0
2025-09,CUSTOMER_SUPPORT,3,32,9.38,2,1
2025-09,MARKET_DATA_INFORMATION,2,32,6.25,2,0
2025-09,PORTFOLIO_ACCOUNT_INFORMATION,0,32,0.0,0,0
2025-09,FEE_PRICING,1,32,3.12,0,1
2025-09,ACCOUNT_RECOVERY_PROFILE_CHANGE,4,32,12.5,3,1
2025-09,SECURITY_ACCOUNT_PROTECTION,0,32,0.0,0,0
2025-09,NOTIFICATION_COMMUNICATION,0,32,0.0,0,0
2025-09,MARKET_RESEARCH_RECOMMENDATION_UTILITY,1,32,3.12,0,1
2025-09,EXCESSIVE_DATA_CONSUMPTION,0,32,0.0,0,0
2025-10,PERFORMANCE_RELIABILITY,13,42,30.95,9,4
2025-10,UX_NAVIGATION_COMPLEXITY,12,42,28.57,7,5
2025-10,ONBOARDING_KYC,1,42,2.38,1,0
2025-10,AUTHENTICATION_IOTP,4,42,9.52,4,0
2025-10,TRADING_ORDER_EXECUTION,3,42,7.14,0,3
2025-10,DEPOSIT_WITHDRAWAL_TRANSFER,2,42,4.76,2,0
2025-10,CUSTOMER_SUPPORT,8,42,19.05,5,3
2025-10,MARKET_DATA_INFORMATION,4,42,9.52,1,3
2025-10,PORTFOLIO_ACCOUNT_INFORMATION,0,42,0.0,0,0
2025-10,FEE_PRICING,1,42,2.38,1,0
2025-10,ACCOUNT_RECOVERY_PROFILE_CHANGE,0,42,0.0,0,0
2025-10,SECURITY_ACCOUNT_PROTECTION,0,42,0.0,0,0
2025-10,NOTIFICATION_COMMUNICATION,0,42,0.0,0,0
2025-10,MARKET_RESEARCH_RECOMMENDATION_UTILITY,2,42,4.76,1,1
2025-10,EXCESSIVE_DATA_CONSUMPTION,0,42,0.0,0,0
2025-11,PERFORMANCE_RELIABILITY,2,25,8.0,1,1
2025-11,UX_NAVIGATION_COMPLEXITY,8,25,32.0,6,2
2025-11,ONBOARDING_KYC,1,25,4.0,1,0
2025-11,AUTHENTICATION_IOTP,0,25,0.0,0,0
2025-11,TRADING_ORDER_EXECUTION,1,25,4.0,1,0
2025-11,DEPOSIT_WITHDRAWAL_TRANSFER,1,25,4.0,0,1
2025-11,CUSTOMER_SUPPORT,2,25,8.0,1,1
2025-11,MARKET_DATA_INFORMATION,2,25,8.0,2,0
2025-11,PORTFOLIO_ACCOUNT_INFORMATION,0,25,0.0,0,0
2025-11,FEE_PRICING,1,25,4.0,0,1
2025-11,ACCOUNT_RECOVERY_PROFILE_CHANGE,0,25,0.0,0,0
2025-11,SECURITY_ACCOUNT_PROTECTION,0,25,0.0,0,0
2025-11,NOTIFICATION_COMMUNICATION,1,25,4.0,1,0
2025-11,MARKET_RESEARCH_RECOMMENDATION_UTILITY,1,25,4.0,0,1
2025-11,EXCESSIVE_DATA_CONSUMPTION,0,25,0.0,0,0
2025-12,PERFORMANCE_RELIABILITY,3,13,23.08,2,1
2025-12,UX_NAVIGATION_COMPLEXITY,4,13,30.77,1,3
2025-12,ONBOARDING_KYC,0,13,0.0,0,0
2025-12,AUTHENTICATION_IOTP,0,13,0.0,0,0
2025-12,TRADING_ORDER_EXECUTION,1,13,7.69,0,1
2025-12,DEPOSIT_WITHDRAWAL_TRANSFER,2,13,15.38,1,1
2025-12,CUSTOMER_SUPPORT,2,13,15.38,0,2
2025-12,MARKET_DATA_INFORMATION,1,13,7.69,1,0
2025-12,PORTFOLIO_ACCOUNT_INFORMATION,1,13,7.69,1,0
2025-12,FEE_PRICING,2,13,15.38,1,1
2025-12,ACCOUNT_RECOVERY_PROFILE_CHANGE,0,13,0.0,0,0
2025-12,SECURITY_ACCOUNT_PROTECTION,0,13,0.0,0,0
2025-12,NOTIFICATION_COMMUNICATION,0,13,0.0,0,0
2025-12,MARKET_RESEARCH_RECOMMENDATION_UTILITY,0,13,0.0,0,0
2025-12,EXCESSIVE_DATA_CONSUMPTION,0,13,0.0,0,0
2026-01,PERFORMANCE_RELIABILITY,10,50,20.0,3,7
2026-01,UX_NAVIGATION_COMPLEXITY,6,50,12.0,3,3
2026-01,ONBOARDING_KYC,1,50,2.0,0,1
2026-01,AUTHENTICATION_IOTP,3,50,6.0,2,1
2026-01,TRADING_ORDER_EXECUTION,28,50,56.0,14,14
2026-01,DEPOSIT_WITHDRAWAL_TRANSFER,0,50,0.0,0,0
2026-01,CUSTOMER_SUPPORT,5,50,10.0,3,2
2026-01,MARKET_DATA_INFORMATION,0,50,0.0,0,0
2026-01,PORTFOLIO_ACCOUNT_INFORMATION,0,50,0.0,0,0
2026-01,FEE_PRICING,1,50,2.0,1,0
2026-01,ACCOUNT_RECOVERY_PROFILE_CHANGE,2,50,4.0,0,2
2026-01,SECURITY_ACCOUNT_PROTECTION,0,50,0.0,0,0
2026-01,NOTIFICATION_COMMUNICATION,0,50,0.0,0,0
2026-01,MARKET_RESEARCH_RECOMMENDATION_UTILITY,1,50,2.0,0,1
2026-01,EXCESSIVE_DATA_CONSUMPTION,0,50,0.0,0,0
2026-02,PERFORMANCE_RELIABILITY,0,30,0.0,0,0
2026-02,UX_NAVIGATION_COMPLEXITY,7,30,23.33,3,4
2026-02,ONBOARDING_KYC,3,30,10.0,1,2
2026-02,AUTHENTICATION_IOTP,6,30,20.0,4,2
2026-02,TRADING_ORDER_EXECUTION,0,30,0.0,0,0
2026-02,DEPOSIT_WITHDRAWAL_TRANSFER,3,30,10.0,1,2
2026-02,CUSTOMER_SUPPORT,2,30,6.67,0,2
2026-02,MARKET_DATA_INFORMATION,2,30,6.67,1,1
2026-02,PORTFOLIO_ACCOUNT_INFORMATION,1,30,3.33,1,0
2026-02,FEE_PRICING,0,30,0.0,0,0
2026-02,ACCOUNT_RECOVERY_PROFILE_CHANGE,1,30,3.33,1,0
2026-02,SECURITY_ACCOUNT_PROTECTION,0,30,0.0,0,0
2026-02,NOTIFICATION_COMMUNICATION,1,30,3.33,0,1
2026-02,MARKET_RESEARCH_RECOMMENDATION_UTILITY,0,30,0.0,0,0
2026-02,EXCESSIVE_DATA_CONSUMPTION,0,30,0.0,0,0
2026-03,PERFORMANCE_RELIABILITY,6,39,15.38,5,1
2026-03,UX_NAVIGATION_COMPLEXITY,4,39,10.26,1,3
2026-03,ONBOARDING_KYC,5,39,12.82,2,3
2026-03,AUTHENTICATION_IOTP,3,39,7.69,2,1
2026-03,TRADING_ORDER_EXECUTION,6,39,15.38,3,3
2026-03,DEPOSIT_WITHDRAWAL_TRANSFER,6,39,15.38,3,3
2026-03,CUSTOMER_SUPPORT,3,39,7.69,3,0
2026-03,MARKET_DATA_INFORMATION,1,39,2.56,0,1
2026-03,PORTFOLIO_ACCOUNT_INFORMATION,0,39,0.0,0,0
2026-03,FEE_PRICING,0,39,0.0,0,0
2026-03,ACCOUNT_RECOVERY_PROFILE_CHANGE,3,39,7.69,0,3
2026-03,SECURITY_ACCOUNT_PROTECTION,1,39,2.56,1,0
2026-03,NOTIFICATION_COMMUNICATION,3,39,7.69,0,3
2026-03,MARKET_RESEARCH_RECOMMENDATION_UTILITY,0,39,0.0,0,0
2026-03,EXCESSIVE_DATA_CONSUMPTION,0,39,0.0,0,0
2026-04,PERFORMANCE_RELIABILITY,34,66,51.52,17,17
2026-04,UX_NAVIGATION_COMPLEXITY,6,66,9.09,4,2
2026-04,ONBOARDING_KYC,0,66,0.0,0,0
2026-04,AUTHENTICATION_IOTP,7,66,10.61,5,2
2026-04,TRADING_ORDER_EXECUTION,2,66,3.03,0,2
2026-04,DEPOSIT_WITHDRAWAL_TRANSFER,0,66,0.0,0,0
2026-04,CUSTOMER_SUPPORT,10,66,15.15,4,6
2026-04,MARKET_DATA_INFORMATION,4,66,6.06,2,2
2026-04,PORTFOLIO_ACCOUNT_INFORMATION,0,66,0.0,0,0
2026-04,FEE_PRICING,2,66,3.03,1,1
2026-04,ACCOUNT_RECOVERY_PROFILE_CHANGE,0,66,0.0,0,0
2026-04,SECURITY_ACCOUNT_PROTECTION,0,66,0.0,0,0
2026-04,NOTIFICATION_COMMUNICATION,1,66,1.52,0,1
2026-04,MARKET_RESEARCH_RECOMMENDATION_UTILITY,0,66,0.0,0,0
2026-04,EXCESSIVE_DATA_CONSUMPTION,0,66,0.0,0,0
2026-05,PERFORMANCE_RELIABILITY,2,13,15.38,0,2
2026-05,UX_NAVIGATION_COMPLEXITY,2,13,15.38,2,0
2026-05,ONBOARDING_KYC,0,13,0.0,0,0
2026-05,AUTHENTICATION_IOTP,0,13,0.0,0,0
2026-05,TRADING_ORDER_EXECUTION,0,13,0.0,0,0
2026-05,DEPOSIT_WITHDRAWAL_TRANSFER,4,13,30.77,2,2
2026-05,CUSTOMER_SUPPORT,4,13,30.77,3,1
2026-05,MARKET_DATA_INFORMATION,0,13,0.0,0,0
2026-05,PORTFOLIO_ACCOUNT_INFORMATION,0,13,0.0,0,0
2026-05,FEE_PRICING,1,13,7.69,0,1
2026-05,ACCOUNT_RECOVERY_PROFILE_CHANGE,0,13,0.0,0,0
2026-05,SECURITY_ACCOUNT_PROTECTION,0,13,0.0,0,0
2026-05,NOTIFICATION_COMMUNICATION,0,13,0.0,0,0
2026-05,MARKET_RESEARCH_RECOMMENDATION_UTILITY,0,13,0.0,0,0
2026-05,EXCESSIVE_DATA_CONSUMPTION,0,13,0.0,0,0
2026-06,PERFORMANCE_RELIABILITY,6,22,27.27,6,0
2026-06,UX_NAVIGATION_COMPLEXITY,4,22,18.18,3,1
2026-06,ONBOARDING_KYC,0,22,0.0,0,0
2026-06,AUTHENTICATION_IOTP,4,22,18.18,4,0
2026-06,TRADING_ORDER_EXECUTION,2,22,9.09,2,0
2026-06,DEPOSIT_WITHDRAWAL_TRANSFER,2,22,9.09,1,1
2026-06,CUSTOMER_SUPPORT,2,22,9.09,1,1
2026-06,MARKET_DATA_INFORMATION,1,22,4.55,0,1
2026-06,PORTFOLIO_ACCOUNT_INFORMATION,2,22,9.09,1,1
2026-06,FEE_PRICING,1,22,4.55,0,1
2026-06,ACCOUNT_RECOVERY_PROFILE_CHANGE,1,22,4.55,1,0
2026-06,SECURITY_ACCOUNT_PROTECTION,0,22,0.0,0,0
2026-06,NOTIFICATION_COMMUNICATION,1,22,4.55,1,0
2026-06,MARKET_RESEARCH_RECOMMENDATION_UTILITY,0,22,0.0,0,0
2026-06,EXCESSIVE_DATA_CONSUMPTION,0,22,0.0,0,0
2026-07,PERFORMANCE_RELIABILITY,3,23,13.04,2,1
2026-07,UX_NAVIGATION_COMPLEXITY,2,23,8.7,2,0
2026-07,ONBOARDING_KYC,3,23,13.04,3,0
2026-07,AUTHENTICATION_IOTP,4,23,17.39,2,2
2026-07,TRADING_ORDER_EXECUTION,1,23,4.35,1,0
2026-07,DEPOSIT_WITHDRAWAL_TRANSFER,5,23,21.74,3,2
2026-07,CUSTOMER_SUPPORT,1,23,4.35,0,1
2026-07,MARKET_DATA_INFORMATION,1,23,4.35,1,0
2026-07,PORTFOLIO_ACCOUNT_INFORMATION,2,23,8.7,2,0
2026-07,FEE_PRICING,1,23,4.35,0,1
2026-07,ACCOUNT_RECOVERY_PROFILE_CHANGE,0,23,0.0,0,0
2026-07,SECURITY_ACCOUNT_PROTECTION,0,23,0.0,0,0
2026-07,NOTIFICATION_COMMUNICATION,0,23,0.0,0,0
2026-07,MARKET_RESEARCH_RECOMMENDATION_UTILITY,0,23,0.0,0,0
2026-07,EXCESSIVE_DATA_CONSUMPTION,0,23,0.0,0,0
2026-08,PERFORMANCE_RELIABILITY,3,23,13.04,3,0
2026-08,UX_NAVIGATION_COMPLEXITY,5,23,21.74,2,3
2026-08,ONBOARDING_KYC,3,23,13.04,3,0
2026-08,AUTHENTICATION_IOTP,4,23,17.39,1,3
2026-08,TRADING_ORDER_EXECUTION,0,23,0.0,0,0
2026-08,DEPOSIT_WITHDRAWAL_TRANSFER,3,23,13.04,2,1
2026-08,CUSTOMER_SUPPORT,3,23,13.04,2,1
2026-08,MARKET_DATA_INFORMATION,0,23,0.0,0,0
2026-08,PORTFOLIO_ACCOUNT_INFORMATION,1,23,4.35,0,1
2026-08,FEE_PRICING,1,23,4.35,1,0
2026-08,ACCOUNT_RECOVERY_PROFILE_CHANGE,1,23,4.35,0,1
2026-08,SECURITY_ACCOUNT_PROTECTION,1,23,4.35,0,1
2026-08,NOTIFICATION_COMMUNICATION,0,23,0.0,0,0
2026-08,MARKET_RESEARCH_RECOMMENDATION_UTILITY,0,23,0.0,0,0
2026-08,EXCESSIVE_DATA_CONSUMPTION,0,23,0.0,0,0
2026-09,PERFORMANCE_RELIABILITY,6,13,46.15,3,3
2026-09,UX_NAVIGATION_COMPLEXITY,4,13,30.77,4,0
2026-09,ONBOARDING_KYC,1,13,7.69,1,0
2026-09,AUTHENTICATION_IOTP,1,13,7.69,0,1
2026-09,TRADING_ORDER_EXECUTION,2,13,15.38,2,0
2026-09,DEPOSIT_WITHDRAWAL_TRANSFER,0,13,0.0,0,0
2026-09,CUSTOMER_SUPPORT,1,13,7.69,1,0
2026-09,MARKET_DATA_INFORMATION,0,13,0.0,0,0
2026-09,PORTFOLIO_ACCOUNT_INFORMATION,3,13,23.08,2,1
2026-09,FEE_PRICING,0,13,0.0,0,0
2026-09,ACCOUNT_RECOVERY_PROFILE_CHANGE,1,13,7.69,1,0
2026-09,SECURITY_ACCOUNT_PROTECTION,0,13,0.0,0,0
2026-09,NOTIFICATION_COMMUNICATION,1,13,7.69,0,1
2026-09,MARKET_RESEARCH_RECOMMENDATION_UTILITY,0,13,0.0,0,0
2026-09,EXCESSIVE_DATA_CONSUMPTION,0,13,0.0,0,0
