pain_point_family,source,review_id,review_date,rating,journey,severity,evidence_span,selection_reason
PERFORMANCE_RELIABILITY,Google Play,5da9ec21-517e-459b-b34d-8661408fc812,2024-10-16T06:14:01+00:00,1,GENERAL_CROSS_JOURNEY,HIGH,"App rất nặng, tốc độ xử lý chậm và thường xuyên phải Load lại.",HIGH confidence; source/date diversity
PERFORMANCE_RELIABILITY,Google Play,2148bf5a-1fa3-4f4d-875b-ce838bed08ee,2024-10-31T09:13:48+00:00,2,PRODUCT_DISCOVERY_MARKET_DATA,NONE,Thường xuyên đơ bảng điện,HIGH confidence; source/date diversity
PERFORMANCE_RELIABILITY,App Store,11779920813,2024-09-30T02:34:20+00:00,2,LOGIN_AUTHENTICATION,HIGH,"Sáng nay đăng nhập đơ, không vào được.",HIGH confidence; source/date diversity
UX_NAVIGATION_COMPLEXITY,Google Play,2148bf5a-1fa3-4f4d-875b-ce838bed08ee,2024-10-31T09:13:48+00:00,2,ACCOUNT_PROFILE_MAINTENANCE,NONE,không lưu được cài đặt Widget,HIGH confidence; source/date diversity
UX_NAVIGATION_COMPLEXITY,Google Play,4d26c12f-b791-4ea2-8aef-733060a10ec0,2024-12-12T13:41:11+00:00,1,GENERAL_CROSS_JOURNEY,HIGH,Android 8.1 không cài được,HIGH confidence; source/date diversity
UX_NAVIGATION_COMPLEXITY,App Store,11839386523,2024-10-16T07:35:14+00:00,1,LOGIN_AUTHENTICATION,HIGH,may mac m3 khong hien thi duoc thong tin dang nhap,HIGH confidence; source/date diversity
ONBOARDING_KYC,Google Play,12b10ee3-52df-494b-b46c-547c6b279a3c,2024-12-13T10:57:16+00:00,1,ACCOUNT_OPENING_KYC,HIGH,"Sau khi đăng ký và kích hoạt tài khoản, app yêu cầu đăng ký chữ ký số cá nhân của FPT để ký HĐ. Không thể thoát khỏi màn hình đăng ký này để sử dụng chức năng khác.",HIGH confidence; source/date diversity
ONBOARDING_KYC,Google Play,536055f4-505e-4ac4-8f4a-72d68e4e34d7,2025-03-10T14:05:20+00:00,1,ACCOUNT_OPENING_KYC,HIGH,Vào đến bước 2/8 bấm tiếp tục không chạy tiếp,HIGH confidence; source/date diversity
ONBOARDING_KYC,App Store,12683550678,2025-05-22T06:02:22+00:00,1,ACCOUNT_OPENING_KYC,HIGH,bắt xác thực cccd nhưng app lỗi load 7749 lần mãi k đc thử trên mọi nền tảng đều k đc,HIGH confidence; source/date diversity
AUTHENTICATION_IOTP,Google Play,802d4076-b5c5-4e2d-948f-29e654c7b257,2024-09-25T21:12:25+00:00,1,LOGIN_AUTHENTICATION,HIGH,Chụp ảnh xác thực khuôn mặt cứ yêu cầu chụp chỗ sáng trong khi đang bật cả 10 bóng đèn.,HIGH confidence; source/date diversity
AUTHENTICATION_IOTP,Google Play,bad1a7a5-44f2-46eb-aa33-77442bd0448d,2024-10-11T09:29:07+00:00,1,TRADING_ORDER_MANAGEMENT,HIGH,mã otp gửi chậm là lỡ thời gian giao dịch,HIGH confidence; source/date diversity
AUTHENTICATION_IOTP,App Store,11864397009,2024-10-23T03:37:04+00:00,1,LOGIN_AUTHENTICATION,HIGH,App khônh gửi otp về. Không vào được tài khoảng.,HIGH confidence; source/date diversity
TRADING_ORDER_EXECUTION,Google Play,4e53832e-1fa8-4c1d-b05f-19a3ea2c0afb,2024-12-31T11:20:53+00:00,1,TRADING_ORDER_MANAGEMENT,HIGH,"Trưa 11h bấm hủy hết lệnh, rõ ràng ngón tay tôi không đưa lên ô đặt lệnh nhưng vẫn lag và vào Long. Chưa kể có những lúc lag k đặt được lệnh.",HIGH confidence; source/date diversity
TRADING_ORDER_EXECUTION,Google Play,87571d07-a777-45e4-9a77-f0456fb86077,2025-01-15T15:08:30+00:00,1,TRADING_ORDER_MANAGEMENT,HIGH,App về tài chính mà giao dịch chậm còn lát nữa lỗ với nó biết nhiêu tức nữa,HIGH confidence; source/date diversity
TRADING_ORDER_EXECUTION,App Store,11782829718,2024-09-30T21:28:20+00:00,1,TRADING_ORDER_MANAGEMENT,NONE,Khi ngta đặt lệnh mua phải mặc định là lệnh thường chứ không phải là lệnh ký quỹ. Ký quỹ cái gì mà trừ hết 50% tiền đặt mua trong khi không có lời.,HIGH confidence; source/date diversity
DEPOSIT_WITHDRAWAL_TRANSFER,Google Play,402640bc-cfa8-409e-95c8-fecd62daaa30,2024-12-30T14:09:13+00:00,1,FUNDING_CASH_TRANSFER,HIGH,"Cứ lâu lâu thích là khóa tính năng rút tiền (khóa 48h lun mới chịu) của người ta, làm nhỡ bao nhiêu việc.",HIGH confidence; source/date diversity
DEPOSIT_WITHDRAWAL_TRANSFER,Google Play,f2029ffc-cc34-493c-b9fc-7032b5104830,2025-01-06T12:23:58+00:00,3,FUNDING_CASH_TRANSFER,NONE,IPower không tự động rút ra lúc 8h sáng,HIGH confidence; source/date diversity
DEPOSIT_WITHDRAWAL_TRANSFER,App Store,12301648806,2025-02-12T10:04:36+00:00,1,FUNDING_CASH_TRANSFER,HIGH,Hay bị lỗi chuyển tiền,HIGH confidence; source/date diversity
CUSTOMER_SUPPORT,Google Play,fc45dc94-05b8-4eb1-ba80-35472fdb61bd,2024-11-13T15:23:13+00:00,2,CUSTOMER_SUPPORT,MEDIUM,Zalo/FB/ tổng đài toàn nói chuyện với bot.,HIGH confidence; source/date diversity
CUSTOMER_SUPPORT,Google Play,6b3b31df-5713-450f-80fb-32ef3ce8c5c5,2024-11-15T11:24:45+00:00,1,CUSTOMER_SUPPORT,MEDIUM,Chăm sóc khách hàng A.I ko hỗ trợ được. Còn nhân viên thì quá hời hợt,HIGH confidence; source/date diversity
CUSTOMER_SUPPORT,App Store,11864397009,2024-10-23T03:37:04+00:00,1,CUSTOMER_SUPPORT,HIGH,Tìm bên hỗ trợ không ra. Số điện thoại cskh gọi cũng như không,HIGH confidence; source/date diversity
MARKET_DATA_INFORMATION,Google Play,4e53832e-1fa8-4c1d-b05f-19a3ea2c0afb,2024-12-31T11:20:53+00:00,1,PORTFOLIO_TRACKING,HIGH,sáng 9h10 tiền cọc vẫn còn trong VSD nhưng trên app không hiện làm tôi không đặt được lệnh.,HIGH confidence; source/date diversity
MARKET_DATA_INFORMATION,Google Play,eb14734e-ab13-43dd-bb29-ef1dc0fe53b5,2025-02-05T06:41:08+00:00,2,TRADING_ORDER_MANAGEMENT,HIGH,Bản cập nhật mới lỗi khá nhiều việc mua bán mà ở phần cổ phiếu dùng dữ liệu cũ k update việc mua bán giá tb và khối lượng,HIGH confidence; source/date diversity
MARKET_DATA_INFORMATION,App Store,11940079131,2024-11-12T01:27:47+00:00,1,PRODUCT_DISCOVERY_MARKET_DATA,HIGH,"Bấm vào chi tiết realtime toàn hiện bảng chữ cái lên, dữ liệu mỗi lần vào app đều không tự cập nhật. Toàn phải tắt hẳn mở lại mới có data",HIGH confidence; source/date diversity
PORTFOLIO_ACCOUNT_INFORMATION,Google Play,dd9d816b-8331-4ba5-94e8-093407351930,2025-01-21T23:39:38+00:00,1,PORTFOLIO_TRACKING,MEDIUM,Phiên bảng mới không xem được tổng tiền lời lỗ trong thời gian dài,HIGH confidence; source/date diversity
PORTFOLIO_ACCOUNT_INFORMATION,Google Play,96d7b06e-56b8-42af-8a8e-9f3770f1d970,2025-01-22T23:35:50+00:00,2,PORTFOLIO_TRACKING,MEDIUM,Không lên tổng quan tài sản,HIGH confidence; source/date diversity
PORTFOLIO_ACCOUNT_INFORMATION,App Store,11750539058,2024-09-22T02:23:34+00:00,4,PORTFOLIO_TRACKING,NONE,ở phần tất cả không hiện thị thông số tiền trong 2 TK ngân hàng và tk ký quỹ,HIGH confidence; source/date diversity
FEE_PRICING,Google Play,646b0a5b-3f6c-4f89-9ce4-9f174e440c38,2025-03-10T22:17:51+00:00,4,FUNDING_CASH_TRANSFER,NONE,Giảm thêm lãi suất vay thì tốt hơn nữa,HIGH confidence; source/date diversity
FEE_PRICING,Google Play,5ae93932-306e-4320-8572-ce1fce5a459b,2025-05-18T08:28:20+00:00,4,FUNDING_CASH_TRANSFER,MEDIUM,phần margin tắt tự động tt mà vẩn bị trừ tự động khó quản lý tài sản,HIGH confidence; source/date diversity
FEE_PRICING,App Store,12161401216,2025-01-08T23:46:10+00:00,1,FUNDING_CASH_TRANSFER,HIGH,Lãi 3 triệu trừ thuế phí hết còn vài trăm nghìn.,HIGH confidence; source/date diversity
ACCOUNT_RECOVERY_PROFILE_CHANGE,Google Play,95d102f4-de7e-4a0d-aaea-c51a4fcb0255,2024-09-27T10:19:50+00:00,1,ACCOUNT_PROFILE_MAINTENANCE,HIGH,Có mỗi cái cập nhật cccd mà làm đi làm lại ko được.,HIGH confidence; source/date diversity
ACCOUNT_RECOVERY_PROFILE_CHANGE,Google Play,a4f73b4f-11b7-42b5-93f1-87783249b116,2024-10-02T14:34:19+00:00,5,ACCOUNT_PROFILE_MAINTENANCE,HIGH,"Dịch vụ đăng ký dữ liệu căn cước online quá chậm, làm cả tháng chả xong",HIGH confidence; source/date diversity
ACCOUNT_RECOVERY_PROFILE_CHANGE,App Store,13177936096,2025-09-24T10:12:36+00:00,1,ACCOUNT_PROFILE_MAINTENANCE,NONE,"Popup yêu cầu thay đổi hiện lên liên tục, lúc qua bước khác cũng không lưu lại, user bấm nhầm một cái là phải làm lại từ đầu",HIGH confidence; source/date diversity
SECURITY_ACCOUNT_PROTECTION,Google Play,6596fcf6-7202-40da-88bf-269137261297,2025-08-26T11:09:21+00:00,1,LOGIN_AUTHENTICATION,HIGH,áp không có chức năng tự đăng xuất khi tắt ứng dụng . rất nguy hiểm lần đầu mới thấy,HIGH confidence; source/date diversity
SECURITY_ACCOUNT_PROTECTION,Google Play,bc3089a0-7e6a-4841-b345-f751fd12f23d,2026-03-25T02:54:24+00:00,3,LOGIN_AUTHENTICATION,MEDIUM,"Mỗi lần vô app đều vô thẳng ko có bảo mật gì, hình như 1 ngày thì mới tái khởi động lại vân tay.",HIGH confidence; source/date diversity
SECURITY_ACCOUNT_PROTECTION,App Store,11813796447,2024-10-09T08:01:19+00:00,1,LOGIN_AUTHENTICATION,HIGH,"Version hiện tại có thể đăng nhập tự do, không cần nhập mật khẩu hoặc face ID - trong cả 2 trường hợp cài đặt dùng face ID để đăng nhập và không dùng.",HIGH confidence; source/date diversity
NOTIFICATION_COMMUNICATION,Google Play,2515d2e9-0d05-4861-9ad3-f5421f64e9af,2025-11-27T09:47:50+00:00,1,FUNDING_CASH_TRANSFER,HIGH,Tiền bán cổ phiếu trong tài khoản ký quỹ bị trừ về 0 mà không có bất kỳ thông báo nào. Không biết tiền bị hạch toán vào đâu?,HIGH confidence; source/date diversity
NOTIFICATION_COMMUNICATION,Google Play,54304acd-204a-4e82-a3f2-99700570633a,2026-06-04T09:31:25+00:00,2,GENERAL_CROSS_JOURNEY,MEDIUM,"thông báo thiết bị không có internet không ẩn được, cả chục giây không đổi tab được",HIGH confidence; source/date diversity
NOTIFICATION_COMMUNICATION,App Store,11820582267,2024-10-11T05:28:26+00:00,1,FUNDING_CASH_TRANSFER,HIGH,Tự động trừ tiền đã nạp vào ký quỹ mà không thông báo,HIGH confidence; source/date diversity
MARKET_RESEARCH_RECOMMENDATION_UTILITY,Google Play,1f9a3b08-c3ca-4b1c-aac2-52a4c15b915f,2025-02-07T16:21:02+00:00,1,PRODUCT_DISCOVERY_MARKET_DATA,MEDIUM,App cập nhật hoài mà không có tính năng xem giá lô lẻ . Thua xa mấy app của yuanta .,HIGH confidence; source/date diversity
MARKET_RESEARCH_RECOMMENDATION_UTILITY,Google Play,0c6855fe-2291-4f74-a323-1a16437e0ae8,2025-07-31T07:56:26+00:00,3,TRADING_ORDER_MANAGEMENT,MEDIUM,Giáo diện Mobile app không có chỗ nào nhập lệnh điều kiện.,HIGH confidence; source/date diversity
MARKET_RESEARCH_RECOMMENDATION_UTILITY,App Store,12973916991,2025-08-04T07:41:35+00:00,1,PRODUCT_DISCOVERY_MARKET_DATA,MEDIUM,k có quỹ dcds. số lượng quỹ giới hạn.,HIGH confidence; source/date diversity
EXCESSIVE_DATA_CONSUMPTION,App Store,12492849736,2025-04-02T01:50:34+00:00,3,GENERAL_CROSS_JOURNEY,NONE,"Mỗi mở app tốn hơn 30MB data, xài ko để ý là hết dung lượng 4g",HIGH confidence; source/date diversity
