pain_point_family,ACCOUNT_OPENING_KYC,ACCOUNT_PROFILE_MAINTENANCE,CUSTOMER_SUPPORT,FUNDING_CASH_TRANSFER,GENERAL_CROSS_JOURNEY,LOGIN_AUTHENTICATION,ONBOARDING_KYC,PORTFOLIO_TRACKING,PRODUCT_DISCOVERY_MARKET_DATA,TRADING_ORDER_MANAGEMENT,total
PERFORMANCE_RELIABILITY,0,0,0,0,108,3,0,2,7,36,156
UX_NAVIGATION_COMPLEXITY,0,1,1,0,111,3,0,0,11,28,155
ONBOARDING_KYC,30,1,0,0,0,0,0,0,0,0,31
AUTHENTICATION_IOTP,0,0,0,0,0,49,1,0,0,6,56
TRADING_ORDER_EXECUTION,0,0,0,0,0,0,0,0,0,76,76
DEPOSIT_WITHDRAWAL_TRANSFER,0,0,0,56,0,0,0,0,0,1,57
CUSTOMER_SUPPORT,0,0,81,0,0,0,0,0,1,0,82
MARKET_DATA_INFORMATION,0,0,0,0,0,0,0,8,26,6,40
PORTFOLIO_ACCOUNT_INFORMATION,0,0,0,0,0,0,0,19,5,0,24
FEE_PRICING,0,0,0,13,2,0,0,0,0,3,18
ACCOUNT_RECOVERY_PROFILE_CHANGE,0,24,0,0,0,0,0,0,0,0,24
SECURITY_ACCOUNT_PROTECTION,0,0,0,0,3,3,0,0,0,1,7
NOTIFICATION_COMMUNICATION,0,0,2,3,7,0,0,0,0,1,13
MARKET_RESEARCH_RECOMMENDATION_UTILITY,0,0,0,0,0,0,0,0,5,4,9
EXCESSIVE_DATA_CONSUMPTION,0,0,0,0,1,0,0,0,0,0,1
