pain_point_family,incident_count,low_count,medium_count,high_count,none_count,pct_high,pct_medium_high
PERFORMANCE_RELIABILITY,156,0,38,97,21,62.18,86.54
UX_NAVIGATION_COMPLEXITY,155,5,102,25,23,16.13,81.94
ONBOARDING_KYC,31,0,4,17,10,54.84,67.74
AUTHENTICATION_IOTP,56,0,6,41,9,73.21,83.93
TRADING_ORDER_EXECUTION,76,1,6,57,12,75.0,82.89
DEPOSIT_WITHDRAWAL_TRANSFER,57,1,6,35,15,61.4,71.93
CUSTOMER_SUPPORT,82,0,32,40,10,48.78,87.8
MARKET_DATA_INFORMATION,40,1,22,15,2,37.5,92.5
PORTFOLIO_ACCOUNT_INFORMATION,24,0,5,7,12,29.17,50.0
FEE_PRICING,18,0,3,9,6,50.0,66.67
ACCOUNT_RECOVERY_PROFILE_CHANGE,24,0,0,19,5,79.17,79.17
SECURITY_ACCOUNT_PROTECTION,7,0,2,4,1,57.14,85.71
NOTIFICATION_COMMUNICATION,13,0,9,3,1,23.08,92.31
MARKET_RESEARCH_RECOMMENDATION_UTILITY,9,2,6,0,1,0.0,66.67
EXCESSIVE_DATA_CONSUMPTION,1,0,0,0,1,0.0,0.0
